:020000040800F2
:1000000000500020E1100008690D00086B0D000889
:1000100000000000000000000000000000000000E0
:10002000000000000000000000000000E55700088C
:100030000000000000000000B1580008F55800085A
:100040003111000831110008311100083111000888
:100050003111000831110008311100083111000878
:1000600031110008311100086D0D0008850D0008E0
:100070003111000831110008311100083111000858
:10008000311100089D0D000831110008000000002A
:100090003111000831110008311100083111000838
:1000A0003111000831110008311100083111000828
:1000B000AD0D0008311100083111000831110008A0
:1000C00002780B78002A03D0013001319A42F7D030
:1000D000D01A70470023C25C0133002AFBD1581E9E
:1000E0007047000002B471464908490009564900AA
:1000F0008E4402BC7047C04602B4714649084900AC
:10010000095C49008E4402BC7047C04603B4714686
:10011000490840004900095E49008E4403BC70470D
:10012000002243088B4274D303098B425FD3030A36
:100130008B4244D3030B8B4228D3030C8B420DD349
:10014000FF22090212BA030C8B4202D312120902D7
:1001500065D0030B8B4219D300E0090AC30B8B4215
:1001600001D3CB03C01A5241830B8B4201D38B03C3
:10017000C01A5241430B8B4201D34B03C01A524168
:10018000030B8B4201D30B03C01A5241C30A8B42AB
:1001900001D3CB02C01A5241830A8B4201D38B0296
:1001A000C01A5241430A8B4201D34B02C01A52413A
:1001B000030A8B4201D30B02C01A5241CDD2C309AC
:1001C0008B4201D3CB01C01A524183098B4201D328
:1001D0008B01C01A524143098B4201D34B01C01A13
:1001E000524103098B4201D30B01C01A5241C3088B
:1001F0008B4201D3CB00C01A524183088B4201D3FA
:100200008B00C01A524143088B4201D34B00C01AE5
:100210005241411A00D20146524110467047FFE751
:1002200001B5002000F0F0F802BDC0460029F7D06B
:1002300076E7704703460B437FD4002243088B4286
:1002400074D303098B425FD3030A8B4244D3030B5D
:100250008B4228D3030C8B420DD3FF22090212BA22
:10026000030C8B4202D31212090265D0030B8B429E
:1002700019D300E0090AC30B8B4201D3CB03C01A88
:100280005241830B8B4201D38B03C01A5241430B63
:100290008B4201D34B03C01A5241030B8B4201D353
:1002A0000B03C01A5241C30A8B4201D3CB02C01ABE
:1002B0005241830A8B4201D38B02C01A5241430A36
:1002C0008B4201D34B02C01A5241030A8B4201D325
:1002D0000B02C01A5241CDD2C3098B4201D3CB01CC
:1002E000C01A524183098B4201D38B01C01A52417B
:1002F00043098B4201D34B01C01A524103098B427F
:1003000001D30B01C01A5241C3088B4201D3CB0069
:10031000C01A524183088B4201D38B00C01A52414C
:1003200043088B4201D34B00C01A5241411A00D2FC
:1003300001465241104670475DE0CA0F00D0494265
:10034000031000D34042534000229C4603098B42D5
:100350002DD3030A8B4212D3FC22890112BA030A5D
:100360008B420CD3890192118B4208D389019211DF
:100370008B4204D389013AD0921100E08909C30964
:100380008B4201D3CB01C01A524183098B4201D366
:100390008B01C01A524143098B4201D34B01C01A51
:1003A000524103098B4201D30B01C01A5241C308C9
:1003B0008B4201D3CB00C01A524183088B4201D338
:1003C0008B00C01A5241D9D243088B4201D34B0053
:1003D000C01A5241411A00D20146634652415B1095
:1003E000104601D34042002B00D549427047634676
:1003F0005B1000D3404201B5002000F005F802BDBB
:100400000029F8D016E770477047C04684461000B0
:1004100062468C461900634600E0C0461FB50BF0EB
:10042000B3F8002801D40021C8421FBD10B50AF05E
:10043000F7FF4042013010BD10B50BF0A5F80028C1
:1004400001DB002010BD012010BDC04610B50BF02F
:100450009BF8002801DD002010BD012010BDC04622
:1004600010B50BF021F8002801DC002010BD0120A0
:1004700010BDC04610B50BF017F8002801DA0020B7
:1004800010BD012010BDC046002B11D1002A0FD194
:10049000002900D1002802D00021C943080007B478
:1004A000024802A14018029003BDC0465DFFFFFF55
:1004B00003B4684601B502980AF04CF8019B9E46C9
:1004C00002B00CBC7047C0461C2101231B0498429B
:1004D00001D3000C10391B0A984201D3000A0839D5
:1004E0001B09984201D30009043902A2105C40188C
:1004F0007047C04604030202010101010000000030
:100500000000000010B5002903D1FFF7DDFF203007
:1005100002E00800FFF7D8FF10BDC0460448054BB5
:1005200010B5834203D0044B002B00D0984710BD78
:10053000FC010020FC0100200000000006480749E3
:10054000091A8B10C90FC91810B5491003D0044BF4
:10055000002B00D0984710BDFC010020FC010020BA
:100560000000000010B5074C2378002B09D1FFF7DD
:10057000D5FF054B002B02D0044800E000BF01234B
:10058000237010BDFC0100200000000078C50008A9
:10059000054B10B5002B03D00449054800E000BF0F
:1005A000FFF7CCFF10BDC046000000000002002095
:1005B00078C50008084810B5816000F0A5FC002847
:1005C00008D0064C206803F037FB002802D12068D1
:1005D00003F002FB10BDC0462402002018020020D8
:1005E00010B5054C206803F027FB002802D12068D5
:1005F00003F0F2FA10BDC0461C02002010B5054CF5
:100600000549200002F0BAF901212000034A02F056
:100610007CF910BDF0030020B5050008E1050008D5
:10062000022110B50A4AFF310F2003F01FFB012100
:10063000084B094A1860080003F042FA074B0021F2
:100640001860074A012003F03BFA064B186010BD02
:10065000D0C8000820020020C0C800081C020020EA
:10066000B0C8000818020020F8B501278022012632
:100670000E490F4802F087FE3D0076420D4B3100D7
:10068000186803F073FA0C4B7C1CDA692C40944216
:10069000F4D09869094B60430949C018FFF710FD71
:1006A000002801D100F0A2FD2700ECE7CC020020D9
:1006B000F003002018020020240200204C02002039
:1006C000AAC50008FA2370B5184CC2B09B001922C5
:1006D0001749200002F0FEFC03F0E8F803F0EAF806
:1006E0001449020001A806F0ABF96B461D1DFF3549
:1006F000687082B2C8232000012601A902F0EAFC3A
:1007000076420D4B3100186803F030FA021EF8D122
:100710000A483300006801A903F028FB0028F0D143
:1007200020006A7801A902F03BF9EAE7F003002013
:10073000B5C50008D0C500081C020020200200201A
:100740000EB417B58021040005AB04CB490001931A
:1007500007F0C8F82300FF335870002304481A003C
:100760002100006803F0C6FA17BC08BC03B01847A4
:1007700020020020074B30B51900074A103331CA58
:1007800031C112680A60054A13CA13C303CA03C3FE
:1007900030BDC046240200201400002000000020CC
:1007A00030B59FB03422002111A805F08DFC142231
:1007B000002101A805F088FC2822002106A805F0E8
:1007C00083FC1849184B0A6802241A4080231B0135
:1007D00013430B60102301251493002310A81094D9
:1007E00013951A9300F028FF011E01D072B6FEE7A0
:1007F0000F2303900490059001A80193029501F046
:10080000A5F9002801D072B6FEE7082306A80694D1
:100810000A9301F0A9FA002801D072B6FEE71FB0D2
:1008200030BDC04600700040FFE7FFFFF0B58BB061
:1008300000F080FCFFF7B4FF1422002105A805F0AA
:1008400043FC0422802701265F4D3900EB6A5F4894
:100850001343EB62EB6A002413400193019BEB6AA4
:10086000023A3B43EB62EB6A3B400293029BEB6A2A
:100870003343EB62EB6A33400393039BEB6A13430E
:10088000EB62EB6A134004930022049B00F08CFEA1
:10089000002260214E4800F087FE80239B010593D3
:1008A00084234A489B0305A90693079400F0BCFDE6
:1008B000464805A9059706960794089400F0B4FDEC
:1008C0008023A020DB0005A9C005059306940794AA
:1008D00000F0AAFD60233E4805A9059306960794FB
:1008E000089400F0A1FD2B6B220033432B632B6B8C
:1008F000032133400A200593059B00F041FC0A20A8
:1009000000F068FC220003210B2000F039FC0B20D2
:1009100000F060FC2F48304B84600360E1235B02F1
:1009200043600C23C460436104618461C461046258
:10093000446202F095FC0300A04201D072B6FEE7CB
:100940002648274A836002608222C36003614361B4
:10095000C361036243628362072352004260FC3238
:100960008261C36201F0F2FB041E01D072B6FEE7A1
:10097000FFF744FE02F0F0FE21001A4A1A4802F086
:1009800039FF1A4B21001860194A1A4802F032FF49
:10099000194B21001860194A194802F02BFF194B16
:1009A0002100194A1860194802F024FF184B1860FA
:1009B00000F06CFAFFF734FE164802F0C9FF164B40
:1009C000186002F0E3FEFEE700100240000800504D
:1009D00000040050F00300200044004038050020CF
:1009E0000030014064C90008710A00085C0300205F
:1009F00040C90008C5060008580300201CC90008AB
:100A00006906000854030020E8C80008A90E000881
:100A10004C0300200CC9000850030020044B10B503
:100A2000834204D1034B0121186802F0B3FF10BDCB
:100A3000380500205003002010B5FFF7EFFF10BD70
:100A400010B5FFF7EBFF10BD10B5FFF7E7FF10BDC6
:100A500010B5FFF7E3FF10BD034B026810B59A42D3
:100A600001D100F07BFB10BD0010004072B6FEE724
:100A7000F0B5DDB002F0A8FE072704002000F53035
:100A8000FF3002F045FF02F09FFE184B0400069372
:100A9000174B29200793174B19220893164B174918
:100AA0000993142304930E3B0293013B0193013BF2
:100AB000009303970733684405F0C2FF2E23104DBF
:100AC00006AE2868337403F08BF9002802D028683A
:100AD00003F08AF931000A230022286803F00AF99A
:100AE00008491BA8FFF72CFEC8E7C046E803066CC0
:100AF000D204393004000300020101015BC6000882
:100B0000FC0500207EC600080122084B10B5596B79
:100B100002200A435A638022996B52050A439A6362
:100B200003210022404200F02BFB10BD00100240C8
:100B300070B5050086B01422002101A805F0C4FAA2
:100B4000264B2A689A4246D180220126244B520124
:100B5000596BA0200A435A63DA6AC0053243DA624D
:100B6000DB6A01A933400093009BE0230193DE3B45
:100B700002939B19049300F057FC1A4C1A4B8022E5
:100B80002360002320006660A360E360226163614C
:100B9000A361E361236200F037FB002801D0FFF777
:100BA00065FF124BEC64A562114C80222360012387
:100BB00063600F33A36000232000E3602261636160
:100BC000A361E361236200F01FFB002801D0FFF75F
:100BD0004DFFAC64A56206B070BDC0460030014058
:100BE00000100240F00400201C00024030000240CF
:100BF000A804002070B5050086B01422002101A8C9
:100C000005F062FA2B4B2A689A4251D180222A4B76
:100C10009202996BA0200A4301219A63DA6A0426A2
:100C20000A43DA62DB6AC0050B400093009B0C2389
:100C300001930A3B02935B1801A90493059600F007
:100C4000F3FB1E4C1E4B802223601023A360002365
:100C500020006660E36022616361A361E361236257
:100C600000F0D2FA002801D0FFF700FF154B2C67E7
:100C7000A562154C80222360042363600023226157
:100C80002000603AA360E3606361A361E2612362D4
:100C900000F0BAFA002801D0FFF7E8FE1C2000227D
:100CA00003216C67A56200F06BFA1C2000F092FA39
:100CB00006B070BD0044004000100240A8030020B0
:100CC00044000240580002406003002070B501005B
:100CD00086B000220500112000F052FA112000F029
:100CE00079FA10231A4A01A8916B0B439363694662
:100CF00001F01AF8049B002B24D100F0F5FF154EEB
:100D0000154B16493360164BF360FFF709FA0023C1
:100D10000138706030003361B36001F0F0FB041EF5
:100D20000DD1300001F010FC041E08D1032D0DD8A8
:100D300002002900112000F023FA0A4B1D60200058
:100D400006B070BD00F0D0FF4000D8E70124F6E700
:100D500000100240B80500200010004040420F0083
:100D6000E70300002C000020FEE7FEE710B5034873
:100D700000F00FFB024800F00CFB10BDF004002057
:100D8000A804002010B5034800F003FB024800F05F
:100D900000FB10BDA80300206003002010B502482E
:100DA00001F006FC10BDC046B805002010B5024891
:100DB00001F044FE10BDC046F00300200120704742
:100DC00010B504F073FE162303600120404210BDED
:100DD00010B504F06BFE16230360FEE770B50E003D
:100DE00014000025A54201DB200070BD00E000BF1B
:100DF00070550135F6E770B50E0014000025A542C8
:100E000001DB200070BD705D00E000BF0135F6E73A
:100E100001204042704780239B0100204B607047B7
:100E200001207047002070470B490C4A0300521AFA
:100E30000B4910B50868002801D10A480860086805
:100E4000C318934206D904F031FE0C23036001203D
:100E5000404210BD0B60FCE7000400000050002081
:100E6000F8050020383C0020704710B502F02CFB3C
:100E700002F068FC0A2002F033FD02F02FFB10BDE7
:100E800010B502F021FB02F05DFC10BD10B552213F
:100E90000120034A02F0EAFE024B186010BDC04672
:100EA000ACC90008FC05002030B5D9B0FFF7E8FF59
:100EB00000240125104917A8FFF742FC0F48002223
:100EC0000F4B006802A902F051FF002805D0002C4A
:100ED00001D0FFF7D5FF0024ECE7002C01D1FFF78C
:100EE000C4FF084B00210093F02308001A0002F011
:100EF00003FC2C00DEE7C04686C60008FC05002087
:100F000010270000C4C90008F0B5826846680400D4
:100F100085B00020964250D06369E5690293A369C9
:100F20000193236A3DD32288B24200D96EE00026A5
:100F3000A268B24238D90199E2686943975D226993
:100F4000581C5218D754631D9C46DB7F002B00D0E1
:100F50009EE023695B181B18013B1B780D3B5A422E
:100F60005341DBB2621DD37703000136E0E70199FC
:100F7000E2686943975D2269581C5218D754631D73
:100F80009C46DB7F002B1AD123695B181B18013BA1
:100F90001B780D3B5A425341DBB2621DD3770300ED
:100FA0000136A268B242E2D80120A268E56162601F
:100FB000029A23626261019AA26105B0F0BD012B21
:100FC00020D1236909184F1E0393DB5D1A0000230B
:100FD0000A2AE2D162460220D077039A5218023AD6
:100FE00013702269D355029A013AAA420CD11D000E
:100FF000019B20696B430021019AC01805F064F839
:101000000020CCE70023C8E70135F1E70199E26849
:101010006943975D2269581C5218D754631D9C463A
:10102000DB7F002B0DD123695B181B18013B1B785C
:101030000D3B5A425341DBB2621DD37703000136A8
:1010400071E7012B20D1236909184F1E0393DB5D43
:101050001A0000230A2AEFD162460220D077039AB1
:101060005218023A13702269D355029A013AAA42E1
:101070000CD11D00019B20696B430021019AC0180F
:1010800005F022F80020D9E70023D5E70135F1E784
:10109000012B21D1236909184F1E0393DB5D1A0030
:1010A00000230A2A00D05DE762460220D077039A27
:1010B0005218023A13702269D355029A013AAA4291
:1010C0000CD11D00019B20696B430021019AC018BF
:1010D00004F0FAFF002047E7002343E70135F1E77A
:1010E0000D488546FFF7C0FE0C480D490D4A002308
:1010F00002E0D458C4500433C4188C42F9D30A4ACD
:101100000A4C002301E013600432A242FBD304F036
:10111000D3FCFFF78BFBFEE700500020000000200F
:10112000FC010020708E0208FC010020343C0020ED
:10113000FEE700004023084A10B5116803200B4366
:101140001360FFF7C3FD041E03D1FFF7DDFC200091
:1011500010BD0124FBE7C04600200240034A044BB7
:1011600011681B785B1813607047C04600060020AA
:1011700028000020014B18687047C0460006002078
:1011800010B5FF2403220B0021000240D200914041
:101190009B012340C943934000280ADBC0240B4A2B
:1011A000800880008018A40002590A4013430351AC
:1011B00010BD0F2210400838054A800880008018B2
:1011C000C26911401943C161F2E7C04600E100E085
:1011D00000ED00E0002805DB1F2318401E3B834084
:1011E000014A13607047C04600E100E0BFF34F8F33
:1011F000034B044ADA60BFF34F8FC046FDE7C04699
:1012000000ED00E00400FA05F8B504000120002C10
:1012100035D025681A4B1421E818FEF781FF194BC9
:10122000800023640223A21D6064D3772E68164BCE
:10123000A1681E40E36827690B433B4367693B4352
:10124000A7693B43E7693B43276A3B4333432B6032
:101250008023DB0199420CD01C2528400D3D8540A0
:101260000A490B68AB430B6063680D6883402B43EE
:101270000B6000200123E0630534D377E077F8BDED
:10128000F8FFFDBF000002400F80FFFFA8000240F2
:10129000F7B5441D0193E57F012D35D00125871D4C
:1012A000E577FD7F0026AC466346EDB2012B2AD1DF
:1012B0000224FC770468C66326681B33AE432660AD
:1012C000466C076C1E40B540019B7D60636083687F
:1012D000102B0ED1A260E160036B002B0CD00E230B
:1012E00022681343236001230020226813432360F4
:1012F000FEBDA160E260EFE7042223689343236010
:1013000022680A23EDE7E6770220F1E730B5841D75
:10131000E27F0300022A06D00422C26301200022D9
:101320000533DA7730BD02680E2011681C25814331
:10133000116001211068884310605A6C186C2A40B3
:101340000D00954045600020E177E8E770B5841D09
:10135000E37F022B03D00423C363012070BD0E2161
:1013600003681C251A688A431A6001221968914390
:101370001960436C016C2B4015009D404D60E27775
:101380000022431DDA77836B934200D098470020F8
:10139000E4E7F8B51C260427426C016C32403E009D
:1013A00096400D6803681C6835420DD03C420BD056
:1013B0001A68920602D41A68BA431A60036B4E6028
:1013C000002B19D0984717E002273E00964035427F
:1013D00013D03C4211D01A68920606D40A241A6827
:1013E000A2431A600122831DDA770022431D4E605A
:1013F000DA77C36A9342E5D1F8BD082637009740F3
:101400003D42F9D03442F7D00E251C68AC431C6035
:1014100001231C009440821D4C60C363D3770022DB
:10142000431DDA77436BE5E70023F0B585B00A6822
:101430001400DC4001D105B0F0BD012514009D4031
:101440002C4000942A4200D19CE04A685F009446F8
:101450000322644622400324BC40E4430194541E0A
:10146000012C2ED88668019C2640CC68BC403443B1
:10147000846044680126AC43250064462409344056
:101480009C402C434460C568019C25408C68BC404E
:101490002C43C460022A16D107250F261D40AD003B
:1014A000AE40DC08A40004190294246A03962600C6
:1014B000039CA64334000E69AE402643029C26627C
:1014C00001E0032ADFD1BA400468019D25402A4388
:1014D000C02402606246A402224253D001252A4C55
:1014E000A027626BFF052A436263284A9C08A40078
:1014F000A4180F2202351D40AD00AA40A6689643ED
:101500000022B84214D0224F0132B84210D0214FED
:101510000132B8420CD0204F0132B84208D01F4FE0
:101520000132B84204D01E4A8218571EBA41053211
:10153000AA4067463243A2601A4A009C9668009D02
:10154000E4433543FF0201D43500254067469560EA
:10155000D668009D3543BF0201D43500254067465B
:10156000D5605668009D3543BF0301D43500254042
:10157000674655601568009E2E43FF0301D4254041
:101580002E001660013352E70010024000000140B7
:101590000004005000080050000C005000100050E3
:1015A00000E4FFAF00040140002A01D081617047D0
:1015B0008162FCE70C221A4B10B5D9680A40082A50
:1015C0002CD00C2A0CD0042A20D1186810231840E3
:1015D00043425841134B40421840134BC01810BDB2
:1015E00012488A02120F825C0902D868890F013101
:1015F000C00304D50E485043FEF792FDEFE71B6889
:10160000DB0601D50848F6E70A48F4E780205B6866
:1016100000021B045B0F01339840E0E70448DEE75B
:1016200000100240001BB70000093D0088C90008F7
:1016300000127A000024F400F0B5050085B00028FF
:1016400059D00C23B84C0268E668E7681E40802336
:101650005B0219001F40D20741D42B689B0700D5BD
:101660008AE02B68DB0628D5002E00D0E3E0236853
:101670009B0502D5EB69002B3DD080276268AB4902
:101680006B6A0A401A435B0B01333F029F40626062
:1016900061682A6A0902090A12060A436260E1685F
:1016A000A3480B061B0FC35CA24ADF40A24B176086
:1016B0001868FFF70BFB002834D12B681B0700D5F7
:1016C000F0E02B685B0700D512E12B689B0600D584
:1016D00097E1AB6A002B00D0C6E1002022E0082E83
:1016E00003D00C2E09D1002F07D023689B03B4D55B
:1016F0006B68002BB1D1012014E06A688A4213D1D3
:10170000226813432360FFF735FD00908022236891
:1017100092021342A1D1FFF72DFD009BC01A64284D
:10172000F4D9032005B0F0BDA021C9028A4205D139
:1017300080222168D2020A432260E1E721687F48C3
:101740000140216021680B400393039B7C4923687F
:101750000B402360002AD6D1FFF70CFD00908022B9
:1017600023689202134200D177E7FFF703FD009B45
:10177000C01A6428F3D9D4E72022EB68134203D0BF
:101780002168934311432160042E03D00C2E24D1F1
:10179000002F22D12268520701D5002BABD06168FF
:1017A0002A696848120201400A43092162602268DE
:1017B0008A4313432360FFF7FDFEE3685C4A1B0680
:1017C0001B0FD35C5B49D8405B4B08601868FFF780
:1017D0007DFA002800D144E7A4E7002B19D00921A5
:1017E00022688A4313432360FFF7C4FC07000422E6
:1017F0002368134207D062682B6952491B020A40D2
:10180000134363602DE7FFF7B5FCC01B0228EED938
:1018100087E70122236893432360FFF7ABFC0700AF
:1018200004222368134200D11BE7FFF7A3FCC01B6F
:101830000228F5D975E7EB69002B20D080232268B8
:101840005B0013432360FFF795FC070080222368A9
:10185000920013420DD06368344A13406A6A1343FE
:10186000636062682B6A12021B06120A13436360EC
:1018700023E7FFF77FFCC01B0228E7D951E7236865
:10188000314A13402360FFF775FC0700802223686C
:101890009200134200D110E7FFF76CFCC01B022836
:1018A000F4D93EE76A690123002A10D0226D134360
:1018B0002365FFF75FFC07000222236D134200D06F
:1018C000FFE6FFF757FCC01B0228F5D929E7226D78
:1018D0009A432265FFF74EFC07000222236D134254
:1018E00000D1EEE6FFF746FCC01B0228F5D918E749
:1018F00080230021A26B5B0500911A4204D1A26BE8
:101900001343A363012300938022104F52003B68CE
:1019100013421DD08022AB68520093422CD1226D1D
:10192000134323654DE0C04600100240FF1FFFFF38
:1019300099C90008240000202C000020FFFFFEFFB2
:10194000FFFFFBFFFFE0FFFFFFFEFFFF0070004017
:1019500080223B68520013433B60FFF70BFC019071
:1019600080223B6852001342D4D1FFF703FC019B55
:10197000C01A6428F4D9D4E6002B16D1236D6B4A23
:1019800013402365236D6A4A13402365FFF7F2FB7A
:1019900007008022236D920013421AD0FFF7EAFB62
:1019A000644BC01B9842F4D9BBE6A021C9008B420E
:1019B00018D18023216DDB000B432365236D1A436F
:1019C0002265FFF7D7FB07008022236D92001342A8
:1019D00010D0009B012B00D077E6A36B564A134032
:1019E000A36372E6236D514A13402365236D504A69
:1019F000134096E7FFF7BEFB4E4BC01B9842E3D95E
:101A00008FE6AA6901214D4B002A18D0A2680A432B
:101A1000A260626B0A4362638022196A92010A43E0
:101A20001A62FFF7A7FB07000222A368134200D047
:101A30004FE6FFF79FFBC01B0228F5D971E6A268AD
:101A40008A43A2601A6A3E490A401A62FFF792FB73
:101A500007000222A368134200D13AE6FFF78AFB8F
:101A6000C01B0228F5D95CE60C2E43D0354A022B68
:101A70002ED12368802713402360FFF77BFB0600ED
:101A8000BF0423683B421DD1296BEB6AE2680B431C
:101A90002D4980260A4013436A6BB6041343E36062
:101AA000802322685B0413432360FFF763FB050078
:101AB0002368334200D010E6FFF75CFB401B02288E
:101AC000F6D92EE6FFF756FB801B0228D9D928E667
:101AD0002368802613402360FFF74CFB0500B60403
:101AE0002368334200D1F8E5FFF744FB401B02288E
:101AF000F6D916E6012B00D1FDE58023E068EA6AFD
:101B00005B020340934200D0F5E5F0232A6B9B0370
:101B10000340934200D0EEE5C0231B0418406B6BDA
:101B2000C01A431E9841C0B2FCE5C046FFFEFFFF4D
:101B3000FFFBFFFF88130000FFFFFFEF00000140E5
:101B4000FFDFFFFFFFFFFFFEFFFF02FFF7B5041EF1
:101B5000019101D10120FEBD01255B4E019A336840
:101B60002B40934231D32268930743D4D20749D400
:101B700001253368019A2B40934209D93368AB435E
:101B80003360FFF7F7FA070033682B4200D08CE090
:101B900022684E4D530700D58FE0120706D5EA683C
:101BA00023694B49DB000A401343EB60FFF702FD5A
:101BB000EB68484A1B061B0FD35C4749D840474B8C
:101BC00008601868FFF782F8C5E73368019AAB43ED
:101BD00013433360FFF7CEFA07003368019A2B40B6
:101BE0009342C0D0FFF7C6FA3D4BC01B9842F4D9D0
:101BF0000320B0E7F0203549CB688343A068034356
:101C0000CB60B3E7314D62682B68022A18D19B0381
:101C1000A0D50321EB688B431343EB60FFF7AAFACF
:101C200063680700022B18D10C22EB681340082BC5
:101C30009ED0FFF79FFA2A4BC01B9842F4D9D7E7F2
:101C4000032A02D19B01E4D484E7012A02D15B0775
:101C5000DFD47FE79B05DCD47CE7032B0BD10C2280
:101C6000EB681340934283D0FFF784FA1C4BC01BF0
:101C70009842F4D9BCE7012B11D00C22EB68134237
:101C800000D175E7FFF776FA154BC01B9842F4D9DF
:101C9000AEE7FFF76FFA124BC01B9842A8D80C2290
:101CA000EB681340042BF4D162E7FFF763FA0C4BA7
:101CB000C01B984200D867E79AE7EB6809490B40D8
:101CC000E1680B43EB6068E700200240001002402F
:101CD000FFC7FFFF99C90008240000202C00002046
:101CE00088130000FFF8FFFF044B054ADB68054935
:101CF0005B055B0FCB5C1068D8407047001002405A
:101D00002400002091C90008044B054ADB680549FE
:101D10009B045B0FCB5C1068D840704700100240FA
:101D20002400002091C900080F2310B5032403608C
:101D30000B4BDA6822404260DA68ED342240E0243E
:101D40008260DA68E4002240C2600122DB68DB08BE
:101D500023400361034B1B6813400B6010BDC0465A
:101D600000100240002002408223F7B502681B01E8
:101D700005001A4251D080230021724C5B05A26BF2
:101D800000911A4204D1A26B1343A3630123009371
:101D900080276D4E7F0033683B4279D06B68C0214D
:101DA0001800226889030A400840904203D1AA68BB
:101DB0000A40824209D0C022190092021140914289
:101DC00003D122680120920373D4266DC022300013
:101DD000920229681040164200D06BE029680B057A
:101DE00000D594E0890611D56968C0230A009B02DA
:101DF0001A409A4207D1236854480340C020800308
:101E000001400B432360236D1A432265009B012B85
:101E100003D1A36B4E4A1340A3632B68DA0706D5A0
:101E200003204849CA6C8243E8680243CA649A079F
:101E300006D50C204349CA6C824328690243CA6410
:101E40005A0706D53F494348CA6C024068690243B5
:101E5000CA641A0706D53B493F48CA6C0240A869C4
:101E60000243CA64DA0506D536493C48CA6C0240CA
:101E7000E8690243CA645A0606D532493848CA6C32
:101E80000240686A0243CA641B0653D4002010E073
:101E900033683B433360FFF76DF9019033683B4291
:101EA00000D07BE7FFF766F9019BC01A6428F5D9DB
:101EB0000320FEBD1340834201D08B0607D4AB68DC
:101EC0001340834200D189E7090500D486E78021C9
:101ED000236D206D090301432165216D1F4A2148AF
:101EE0001A40014021652265DB0500D476E7FFF743
:101EF00041F980270600BF00236D3B4200D06DE70B
:101F0000FFF738F9184B801B9842F5D9D0E7A8683D
:101F1000C02302009B021A409A4207D123680B4E4D
:101F20003340C026B603304003432360236D1A4379
:101F3000226557E7034A0D49D36C0B40296A0B43CE
:101F4000D364A3E70010024000700040FFFFCFFF02
:101F5000FFFFFFEFFFF3FFFFFFCFFFFFFFFFFCFFE0
:101F6000FFFFFFFBFFFFF7FF88130000FFFFF3FFFA
:101F700010B5806A436E984710BD0321806A10B582
:101F8000026853688B4353601023426D13434365CB
:101F90000300012251331A70036F984710BD0000EF
:101FA000F0B51F0085B00E0001920400FFF7E2F8C3
:101FB0000A9BDD192D1AFFF7DDF8274B00901B68EF
:101FC0005B011B0D6B4303932268936833409B1B9B
:101FD00059424B4101998B4201D1002032E07B1CD8
:101FE000F3D0FFF7C7F8009BC01AA8422CD3E0211A
:101FF00023685A688A435A6082226168520091427B
:102000000CD18021A26809028A4203D08021C90034
:102010008A4203D140211A688A431A608021A26A49
:1020200089018A4206D119680C4801401960196873
:102030000A431A602300012251331A70002303203F
:102040005034237005B0F0BD039B002B02D0039BDE
:10205000013BB8E71D00B7E724000020FFDFFFFFCA
:10206000F0B585B00B0000920E001700022101228E
:102070000400FFF795FF051E05D02023626D0325A0
:102080001343636517E0134B13491868FEF748F8CC
:10209000FA239B00434303938223616880225B0001
:1020A00099420BD133002A00802120000097FFF7CE
:1020B00077FF0028E1D1280005B0F0BD039B002B7D
:1020C000F9D0039B013B039323689B681342F5D12E
:1020D000F1E7C0462400002000366E0137B5050048
:1020E000846AFFF747F82B6820251B6802002B4203
:1020F00027D1022023685968A94359605968814350
:10210000596020006421FFF7ABFF002802D0636D07
:102110001D436565A368002B06D101932368DA6827
:1021200001929B680193019B0023E3862300012217
:1021300051331A70636D002B03D0236F2000984732
:1021400037BDA36DFAE7704770477047F8B50400D4
:102150000120002C69D0636A002B67D1822261685C
:102160005200914200D0E36100232500A362513563
:102170002B78DAB2002B1AD1230050331A702D4B72
:10218000A3652D4BE3652D4B23662D4B63662D4BCD
:10219000A3662D4BE3662D4B23672D4B6367A36F1F
:1021A000002B01D12B4BA3672000A36F9847022679
:1021B0004022822084272E70216840000B683F0255
:1021C00093430B606368A2690340A068384080278E
:1021D0000343E0683F01384003432069382730401B
:1021E00003436069013E304003438020800010407B
:1021F0000343E069120C38400343206A48373840F3
:1022000080270343A06ABF01384003430B600423C7
:1022100010201A40636A034000201A434A60CB69C9
:102220000D4A1340CB6160652E70F8BD0023236119
:10223000636199E71D0A0008410A0008390A00088D
:1022400047210008492100084B210008490A0008DD
:10225000510A0008310B0008FFF7FFFFF0B504003A
:1022600085B01E000D001700FEF784FF23005133D8
:10227000009001931B78D8B2012B00D0AEE0002D66
:1022800000D17CE0002F7AD0230050331A78012A45
:1022900000D1A3E018700323019A13700023802259
:1022A000A1686365A363E786A387E3876364236408
:1022B00025632368A7861202914208D140211A683B
:1022C0008A431A6080221968D2010A431A604022A8
:1022D0001968114202D119680A431A608021E06826
:1022E0006268090188424CD1002A01D0012F07D130
:1022F0002A880235DA60E38E2563013B9BB2E386D0
:1023000002250CE0226893682B4228D0236B1988A1
:102310000233D1602363E38E013B9BB2E386E38EFD
:10232000002BEFD131002000009AFFF799FE002822
:1023300051D1A368002B06D103932368DA68039276
:102340009B680393039B0123019A137023000022CF
:1023500050331A70606D431E9841C0B20FE0FEF713
:1023600009FF009BC01AB042D9D3731CD7D02300F9
:10237000012251331A70002303205034237005B01A
:10238000F0BD002A01D0012F08D12A781A73236BDF
:1023900001332363E38E013B9BB2E38602250DE00C
:1023A00023689A682A420DD0226B12781A73236B25
:1023B00001332363E38E013B9BB2E386E38E002B64
:1023C000EED1AFE7FEF7D6FE009BC01AB042F5D3C0
:1023D000731CF3D0CBE720236365AAE70220CEE786
:1023E000F8B50300513304001878C5B201284ED166
:1023F000002937D0002A35D0260050363078012801
:1024000045D003203570187000236365A363E2860E
:1024100063642364A387E3878023A068A286216383
:1024200022681B02984208D140201368834313603E
:1024300080231068DB01034313600027A06C154B59
:1024400087630363144B0C32C362144B4363E38E04
:102450009BB2FEF71DFFB84206D01023626D1343F6
:10246000636537702800F8BD40222368196811425F
:1024700002D119680A431A60002520223570596874
:102480000A435A60022259680A435A60EAE7022561
:10249000E8E7C046711F0008DD2000087B1F000828
:1024A00080220368D205904208D0104A904205D09D
:1024B0000F4A904202D00F4A904207D170229343B4
:1024C0004A6813430C4A1340CA681343802293435B
:1024D0000A6913438A68C2620A6882620422016838
:1024E0000A43026001224261036070470004004019
:1024F0000008014000140140FFFCFFFF704770B569
:1025000004000120002C1DD0250039352B78DAB2CB
:10251000002B05D12300383320001A70FFF7EEFF9F
:1025200002232B702068211DFFF7BAFF2200012330
:1025300000203E3213703D34043A13705370937090
:1025400023702B7070BD000001000300012010B546
:1025500039310C78E2B284421CD1001808701B6833
:10256000D9681143D9608021C9058B4208D00B4935
:102570008B4205D00A498B4202D00A498B420AD1CC
:1025800007219A680A40062A03D0012219680A43E3
:102590001A60002010BD1968F9E7C0460004004029
:1025A00000080140001401407047704770477047B1
:1025B0000222036870B5DD681E69040016420CD063
:1025C00015420AD0053A1A61043202769B699B07CC
:1025D00059D0FFF7EAFF0023237604231E4211D0CF
:1025E0001D420FD00522236852421A61073222761B
:1025F0009A69C0239B0020001A424AD0FFF7D5FFFA
:102600000023237608231E420FD01D420DD009223D
:10261000236852421A610D322276DB6920009B0743
:102620003DD0FFF7C2FF0023237610231E4211D0B6
:102630001D420FD01122236852421A6119322276AC
:10264000DA69C0239B0020001A422ED0FFF7ADFFAD
:102650000023237601231E4208D01D4206D0022209
:102660002368524220001A61FEF7F6F940231E4209
:1026700008D01D4206D041222368524220001A6130
:10268000FFF795FF70BDFFF78FFF2000FFF78EFF6C
:10269000A1E7FFF789FF2000FFF788FFB0E7FFF70A
:1026A00083FF2000FFF782FFBDE7FFF77DFF2000DB
:1026B000FFF77CFFCCE7704730B5EFF310840122C1
:1026C00082F310880168124D0B682B400B6084F375
:1026D0001088EFF3108482F3108801688B689343AD
:1026E0008B6084F31088036E93420AD1EFF310815C
:1026F00083F31088102402681368A343136081F3E6
:1027000010882022031DDA6700230366836630BD2C
:10271000DFFEFFFF03001B6870B51A68202311005D
:10272000806A19401A421AD1030052331980EFF31C
:102730001084012282F31088802501688B68AB43E6
:102740008B6084F31088EFF3108182F310884023AC
:10275000026810680343136081F3108870BD0300A2
:102760008C331B689847F9E7806A10B503008833FB
:102770001B68984710BD0000F8B503001A682021B7
:102780001268806A14000C400A4234D102005A32A6
:102790001480EFF31086012282F310880568254F1C
:1027A0002C683C402C6086F31088EFF3108682F38F
:1027B00010880568AC689443AC6086F31088EFF32A
:1027C000108682F31088020020CA4237AC68FF37B7
:1027D000BC43AC6086F31088D167026E012A0AD12F
:1027E000EFF3108482F31088102501680A68AA4369
:1027F0000A6084F3108800214166026E012A13D119
:1028000002005A32118001001B6858315B68098848
:102810009BB2994200D913801388C91A0300AC33C4
:102820001B6889B29847F8BD030094331B6898472A
:10283000F9E7C046FFFEFFFF01220300806A10B5E2
:102840004266026E012A13D10200583211881B68B9
:102850004C0854805B6802329BB2994200D31380CB
:102860001388C91A0300AC331B6889B2984710BD9E
:10287000030090331B689847F9E770B5846A231DFD
:10288000E26FD96F23689B681B0613D5212A11D1EB
:102890002300002252331A80EFF31080012383F3C8
:1028A0001088C02522681368AB43136080F310883A
:1028B0002023E36723689B685B0608D5222906D19D
:1028C000230000225A3320001A80FFF7F5FE220071
:1028D00010230832D16F20000B43D36723009833B5
:1028E0001B68984770BD806A0022030010B55A33F8
:1028F0001A803E331B68984710BD70477047704779
:1029000070477047704770477047030000B5080074
:10291000002A06D140220833D96F01200A43DA6722
:1029200010E0D96F202920D10C28F3D8FDF7DAFB6D
:10293000070B0D0F1113151719F2F21B2400883322
:1029400000201A6000BD8C33FAE79033F8E7943327
:10295000F6E79833F4E79C33F2E7A033F0E7A433CB
:10296000EEE7A833ECE7B033EAE7D96F0029D1D11D
:102970000B28F8D00C28CDD1B433E1E7002906D1DB
:1029800040230830C26F1343C367012006E0031DD4
:10299000DB6F202BF4D1AC300160002070470000C9
:1029A000F8B51300C26F04000220202A04D10029C8
:1029B00001D0002B01D10120F8BD8022A068520176
:1029C000904204D12269002A01D1CA07F3D422001F
:1029D00025005032E1640026138053802122206FAD
:1029E0000835EE67E2672268B04210D0104F866368
:1029F000C762104F283207630F4F4763FEF748FC4A
:102A0000B04204D01023EB67DB18E367D3E7402222
:102A100023681A62EFF31081012383F31088226880
:102A20007F3390680343936081F310880020C3E7ED
:102A300015270008692700087B280008F7B504005F
:102A40000068AF4BC1690668856819420BD1202325
:102A5000194200D183E01E4200D180E0A36E002B1A
:102A60007CD020006EE001232F00A64A1F40324098
:102A70003A4300D173E025000835194205D0F2052C
:102A800003D50362EA6F1343EB670223194206D0B2
:102A9000002F04D00362EA6FDB181343EB670423B3
:102AA000194206D0002F04D00362EA6F023B1343A1
:102AB000EB670823194207D0202232403A4303D063
:102AC0000362EA6F1343EB6780231B01194206D0B0
:102AD000720104D503622023EA6F1343EB67EB6FA7
:102AE000002B3BD02023194206D01E4204D0A36EF7
:102AF000002B01D0200098472268EB6F4027966892
:102B000028223E4013401E4322D02000FFF7D4FD70
:102B100023689B683B4217D0EFF31081012383F3B6
:102B2000108822689368BB43936081F31088606FBC
:102B3000002809D0744B8363FEF708FC00280DD0F1
:102B4000606F836B984709E0230098331B6888E720
:102B50002300983320001B689847EE67F7BD236E6B
:102B6000012B00D0A1E01022114200D19DE01642BD
:102B700000D19AE002628168200040260D005830A2
:102B80000088354031425CD0616F0D68696889B258
:102B900000294CD081424AD220005A300180296855
:102BA00020200D0005400195014230D1EFF3108740
:102BB00083F310882568554A29681140296087F3F6
:102BC0001088EFF3108783F310882568A96899436C
:102BD000A96087F31088EFF3108C83F3108821002D
:102BE00080C9BD68B543BD608CF31088019AC86781
:102BF0002266EFF3108083F31088102221680B689F
:102C000093430B6080F31088606FFEF77FFB022315
:102C100022006366230058325A331B881188C91A70
:102C200089B22300AC3320001B68984796E78142A5
:102C300000D093E72B689B0600D48FE702236366DE
:102C4000EFE726005A363188368889B2002E00D147
:102C500084E7411A89B2002900D17FE7EFF310879A
:102C600083F3108826682A4A30681040306087F362
:102C70001088EFF3108C83F31088200080C8BE68A2
:102C80009E43BE608CF310882026C6672566A56625
:102C9000EFF3108583F31088206832320368FF3227
:102CA0009343036085F31088C8E780235B031942D0
:102CB00005D06D0203D503622300A83346E78023C5
:102CC000194203D01E4201D0E36EC8E640221142F1
:102CD00000D143E7164200D140E7EFF31080012313
:102CE00083F3108821680B6893430B6080F310888E
:102CF0002023E3670023E36623008C3326E7C046E6
:102D00000F08000020010004E7280008FFFEFFFF75
:102D1000DFFEFFFF03000B4A88331A600A4AAC301B
:102D20005A600A4A9A600A4ADA600A4A1A610A4AEA
:102D30005A610A4A9A610A4ADA610A4A1A620A4BD5
:102D400003607047FF280008FD28000803290008D9
:102D50000129000805290008072900080929000899
:102D6000FB28000885330008B7260008F8B50400E2
:102D70002569A168026829436569C3692943106808
:102D80006E4D194328400143116051686C486D4DE8
:102D90000140E06801435160A069AA4201D0216A64
:102DA00008439168684E31400143916067498A4207
:102DB00014D103218020664A0002D26C0A40022A04
:102DC00000D179E08A4200D19DE0012A00D193E050
:102DD000834200D19AE0FEF797FF63E05D498A42A3
:102DE00017D10C215A4AD26C0A40082A00D190E02F
:102DF0000AD8002A59D180221202934250D1FEF7FC
:102E000073FF031E47D061E00C2A00D179E0012056
:102E100042E051498A42EED050498A42EBD0AA4260
:102E2000F5D1C02180204A4A0901D36C00010B4032
:102E300083420AD004D8002B29D1FEF755FF28E0A1
:102E40008B42E4D18020000206E01068444BC006AB
:102E5000C0171840434BC018032362685343834292
:102E6000D5D813038342D2D30021070E060250089F
:102E700036184F410B0030003900FDF705FB3A4B87
:102E8000C2183A4B9A42C2D82368D86003E0FEF7D2
:102E900091FB0028E0D100200023A366E366F8BD83
:102EA000FEF722FF0028F6D03FE080221202934274
:102EB00024D1FEF77FFBA4E783422ED1244B284A7E
:102EC0001B68DB06DB171340264A9B1861685B0012
:102ED00048081818FDF724F90200254B103A9A42C9
:102EE00000D994E70F23020000079A4393B2400FE2
:102EF00022680343D360CEE78342DAD0FEF75AFB61
:102F0000D0E7802000028342E0D00EE0FEF7FCFE16
:102F100077E7802212029342D0D00D4B1868104BF5
:102F2000C006C01718400F4BC01861684B0818182E
:102F3000FDF7F6F802000E4B103AA3E7F369FFEF36
:102F4000FFCFFFFF00480040FFF4FFFF00380140C3
:102F50000010024000440040004C0040005000407F
:102F600000E548FF0024F40000FDFFFFFFFC0F0018
:102F7000EFFF0000436A30B51A0706D50168284CF8
:102F80004A682240446B22434A60DA0706D501684A
:102F9000244C4A682240846A22434A609A0706D534
:102FA0000168214C4A682240C46A22434A605A0799
:102FB00006D501681D4C4A682240046B22434A60D2
:102FC000DA0606D501681A4C8A682240846B2243CF
:102FD0008A609A0606D50168164C8A682240C46B3E
:102FE00022438A605A0610D50168134D4A68046C62
:102FF0002A4022434A6080225203944205D14A6803
:103000000E4C2240446C22434A601B0606D50268DF
:103010000B4953680B40816C0B43536030BDC04675
:10302000FF7FFFFFFFFFFDFFFFFFFEFFFFFFFBFF37
:10303000FFEFFFFFFFDFFFFFFFFFEFFFFFFF9FFF40
:10304000FFFFF7FFF7B504000D001700009322689B
:10305000D3692B405B1B59424B41BB4201D000203E
:1030600025E0089B0133F3D0FEF784F8009BC01ADB
:10307000089B98422CD8002B2AD023681A68520744
:10308000E5D52A004021403A8A43E0D0DA69082693
:1030900011003140019132420AD020001E62FFF738
:1030A0000BFBA319DE670023012078342370FEBDDB
:1030B0008022D96912011142C9D01A622000FFF79B
:1030C000FBFA230020220833DA67019B783423704F
:1030D0000320ECE7F0B587B00593C36F04000D0043
:1030E00017000220202B38D10138002935D0002AC2
:1030F00033D08023A2685B019A4204D12369002B5C
:1031000001D1014229D1230000260833DE672123A3
:10311000E367FEF72FF8230050331F800233039339
:103120001F808023A26804905B019A4204D1236926
:10313000B34201D12E001D00230052331B889AB2E6
:10314000002B0CD1059B402100932000049BFFF72E
:1031500079FF2023E36700280DD107B0F0BD059B60
:103160000022009380212000049BFFF76BFF0028C2
:1031700003D02023E3670320EFE72268002D0BD163
:1031800033880236DB05DB0D9362039B039A1B88B1
:10319000013B9BB21380CFE72B7801359362F4E7B4
:1031A000030073B5002504000833DD67FDF7E2FF77
:1031B000236806001B681B071DD58021264B2A00AB
:1031C0000093890303002000FFF73CFFA84212D0C0
:1031D000EFF31081012383F31088802022681368A5
:1031E0008343136081F310882023E36703200023C7
:1031F0007834237076BD250008CD1B685B0723D586
:103200008021154B0022009320003300C903FFF7F3
:1032100019FF002818D0EFF31080012282F31088E4
:1032200021680E4E0B6833400B6080F31088EFF37B
:10323000108082F3108821688B6893438B6080F341
:1032400010882023EB67D1E720230020E367EB679A
:1032500020666066CBE7C046FFFFFF01DFFEFFFF91
:1032600010B5041E01D1012010BDC36F002B0ED17B
:10327000020078321370FFF74DFD2300B0331A6857
:10328000002A01D1134A1A6020001B6898472423A2
:1032900001212268E36713688B431360636A002B84
:1032A00002D02000FFF766FE2000FFF75FFD012837
:1032B000D9D0236808495A6820000A402A215A6058
:1032C0009A688A439A60012219680A431A60FFF7D4
:1032D00067FFC9E7F50B0008FFB7FFFFF8B513005C
:1032E00002000600583241650F001380222100229F
:1032F000051D0400406F0836F267E967904213D05D
:103300001D498263C1621D493A0001631C49416342
:1033100021682431FDF7BCFF002805D010230120CF
:10332000F367DB18EB67F8BD2369002B0BD0EFF3D5
:103330001081012383F310882268FF331068034350
:10334000136081F31088EFF31080012383F310885A
:1033500021688A681A438A6080F31088EFF310812D
:1033600083F3108822683F3390680343936081F3AE
:1033700010880020D7E7C0467927000839280008C0
:103380007B2800087047031DDB6F70B50400022026
:10339000202B02D1002901D1012070BD002AFBD0D1
:1033A0008020A56801234001854204D120690028BE
:1033B00001D11942F0D12366002320006366FFF794
:1033C0008DFF0028E9D1226E012AE5D11023216862
:1033D0000B62EFF3108182F3108822681468234394
:1033E000136081F31088D8E710B50022402102480D
:1033F000FEF7DAF810BDC0460004005013B56B4666
:10340000D871002280210648DC1DFEF7CDF801238B
:10341000012221005B420348FEF720FF13BDC04696
:103420000008005038050020F8B5012205000C0006
:1034300010488021FEF7B8F8002C00D1F8BD802399
:1034400026001B029C4200D91E000B4F0121386848
:1034500000F0D4FA2900B2B20848FEF7C1FF0123F8
:103460000022012138685B4200F0F6FAAD19A41B76
:10347000E2E7C04600080050500300203805002055
:10348000F0B5160007000D0085B003AC2A207FBA06
:1034900076BA0193FFF7B2FF0421200027806680EF
:1034A000FFF7C2FF2B20FFF7A9FF019B6DBA5BBAA4
:1034B0000421200063802580FFF7B6FF2C20FFF752
:1034C0009DFF05B0F0BD000010B50122402102486B
:1034D000FEF76AF810BDC0460004005030B585B054
:1034E000FFF782FF0120FFF789FFFA200525800002
:1034F00000F0F6F9CB20FFF781FF714C2A00210084
:10350000684603F0ECF929006846FFF78DFFCF20ED
:10351000FFF774FF6119023D2A00684603F0DFF9E6
:1035200029006846FFF780FFE820FFF767FF2100CA
:103530002A006846083103F0D2F929006846FFF7EF
:1035400073FFEA20FFF75AFF6A4600230221138027
:103550006846FFF769FFED20FFF750FF594B042144
:1035600068460093FFF760FFF720FFF747FF6A46C2
:10357000554B01211B7868461370FFF755FFC0209B
:10358000FFF73CFF6A46514B01211B7868461370D8
:10359000FFF74AFFC120FFF731FF6A464C4B01217C
:1035A0001B7868461370FFF73FFFC520FFF726FF23
:1035B0006A46484B022113806846FFF735FFC72053
:1035C000FFF71CFF6A46444B01211B7868461370C5
:1035D000FFF72AFF3620FFF711FF6A463F4B012114
:1035E0001B7868461370FFF71FFF3A20FFF706FFAE
:1035F0006A463B4B01211B7868461370FFF714FFA6
:10360000B120FFF7FBFEC0236A465B011380022155
:103610006846FFF709FFB620FFF7F0FE2A0068466C
:10362000304903F05CF929006846FFF7FDFEF220FF
:10363000FFF7E4FE6A462C4B01211B7868461370A5
:10364000FFF7F2FE2620FFF7D9FE6A46274B01213D
:103650001B7868461370FFF7E7FE0C35E020FFF794
:10366000CDFE2A006846224903F039F92900684650
:10367000FFF7DAFEE120FFF7C1FE21002A006846CD
:103680000B3103F02CF929006846FFF7CDFE11201D
:10369000FFF7B4FE782000F023F92920FFF7AEFEF3
:1036A0003620FFF7ABFE6A46124B01211B786846B5
:1036B0001370FFF7B9FEFFF707FF05B030BDC04636
:1036C00090C50008640312810AC80008A1C600085A
:1036D000A3C600083E280000A5C60008A7C600082B
:1036E000A9C60008ABC60008B0C60008AFC60008EF
:1036F000B1C60008C0C60008F8B505000E001700E6
:103700001C00EF281CD8A0235B00994218D2821815
:10371000F02A15DC0A199A4212DCFFF765FE631ED7
:103720007C437A1EF318AA18310028009BB292B28B
:10373000FFF7A6FE06986100FFF776FEFFF7C4FECE
:10374000F8BD000010B5012220210248FDF72CFF32
:1037500010BDC04600040050EFF30583002B02D0DB
:10376000062040420CE0EFF31082074B002A02D003
:103770001A68022AF4D01868002802D101221A60BF
:1037800070470120EDE7C046540D002010B5EFF35F
:103790000583002B02D0062040420FE0EFF3108299
:1037A000084B002A02D01A68022AF4D01A68012AAB
:1037B00005D101321A6001F061FA002010BD01202C
:1037C000EAE7C046540D002010B5EFF30583002B47
:1037D00002D001F0A1FA10BDEFF31083002B03D04B
:1037E000034B1B68022BF4D001F090FAF3E7C046BC
:1037F000540D0020F0B51400002289B00591079205
:10380000EFF30582002A2CD1EFF31082002A03D0B7
:10381000254A1268022A24D0002822D0002C36D053
:10382000A569002D00D11835691E2F000022372907
:1038300018D86168C90715D466698032002E00D097
:10384000B208A36821680493E3689C46049B002B9C
:103850000BD06346A72B04D92469002C01D0002E7D
:1038600019D1079A100009B0F0BD6346002BF8D1BA
:103870002469002CF5D107AC059B92B20194009706
:1038800001F0CEF90128ECD000230793E9E72100ED
:1038900018278022EFE7049B019402930095059B73
:1038A00001F098F90790DCE7540D002010B501F005
:1038B000BDFC10BD10B5EFF30583002B01D0002037
:1038C00010BDEFF31083002B03D0044B1B68022BB9
:1038D000F5D00028F3D001F099FCF1E7540D002059
:1038E00010B5EFF30583002B02D00620404210BD37
:1038F000EFF31083002B03D0044B1B68022BF4D092
:10390000002801D001F02EFB0020F0E7540D00202C
:1039100013B50400EFF30583002B02D006204042CC
:1039200011E0EFF31083002B03D0084B1B68022B30
:10393000F4D001F0EBF90190211A002904DD01A86F
:1039400001F0DEFA002016BD0420E8E7540D002047
:10395000030010B5EFF30582002A01D0002010BD4E
:10396000EFF31082002A03D0094A1268022AF5D028
:10397000002B0AD09868DB68002804D01F2BEDD9F3
:1039800000F066FAEBE7002BE8D100F075FAE6E705
:10399000540D002013B50C00002827D080235B04B1
:1039A000994223D2EFF30583002B09D00023210095
:1039B00001AA019300F048FB00280ED1032416E071
:1039C000EFF31083002B03D00A4B1B68022BEDD0C2
:1039D000210000F0F6FA040006E0019B002B03D062
:1039E0008022054B52051A60200016BD0424644253
:1039F000FAE7C046540D002004ED00E070B5050064
:103A00000E00002822D080235B0499421ED2EFF3DF
:103A10000583002B0BD0280000F0CAFA3100040007
:103A2000280000F0B9FA00280ED103240FE0EFF3CC
:103A30001083002B03D0074B1B68022BEBD0310007
:103A4000280000F08EFA0400200070BD04246442B7
:103A5000FAE7C046540D002073B50C001D0011009C
:103A6000002828D080235B049C4224D2EFF30583F6
:103A7000002B02D00620404219E0EFF31083002B08
:103A800003D00E4B1B68022BF4D001220E00D14054
:103A9000164033008A430095210000F0FAF9002E09
:103AA00006D0844203D02800431E9841033876BDD7
:103AB0002042F8D0FBE70420DDE7C046540D00208B
:103AC00073B50E001500EFF30583002B13D1EFF350
:103AD0001083002B03D0244B1B68022B0BD0002833
:103AE00009D0B04207D3002D0AD0AB68EA68002B9A
:103AF00004D04F2A20D80024200076BD002AFAD115
:103B000001280DD103220021012000F0D7FB1BE08A
:103B10001A00310000F0F5FB041EECD02D6806E021
:103B2000310000F003FC041EE5D0002DF6D1290081
:103B3000200000F097FEDFE70128E9D10322009280
:103B40000022110000F089FB041ED4D0002EECD01E
:103B500000231A00190000F0FBFB0128E5D020002B
:103B600000F0A6FEC7E7C046540D002013B50C00B8
:103B7000002802D10420404223E0EFF30583002B0C
:103B80000AD0002CF6D1210001AA019400F019FE00
:103B9000012812D00320EEE7EFF31083002B03D0AF
:103BA0000B4B1B68022BECD0210000F068FD0128B4
:103BB00006D0002CEED00220DDE7019B002B01D1C6
:103BC000002016BD8022034B52051A60F8E7C0465C
:103BD000540D002004ED00E007B5002826D0EFF3D7
:103BE0000583002B09D0002301A9019300F087FC75
:103BF000012812D00320404217E0EFF31083002B7E
:103C000003D00B4B1B68022BEDD000231A001900C8
:103C100000F09EFB012807D0ECE7019B002B03D0AE
:103C20008022044B52051A6000200EBD0420E2E7FA
:103C3000540D002004ED00E0030010B5002806D06C
:103C4000EFF30583002B04D000F005FE03001800FD
:103C500010BDEFF31083002B03D0034B1B68022B26
:103C6000F2D000F0ECFDF1E7540D002073B5140024
:103C7000EFF30583002B02D00025280076BDEFF37B
:103C80001083002B03D01A4B1B68022BF4D00028A2
:103C9000F2D00029F0D0002C1DD0A368E268002BE0
:103CA00011D04F2AE8D92269002AE5D00D004543FA
:103CB0006669AE42E0D30025009500F0CEFA051EFD
:103CC000DAD024680EE0002AD6D12369002BD3D1A4
:103CD0006369002BD0D1002200F0F0FA051ECBD092
:103CE000002CEED12100280000F0BCFDC5E7C04645
:103CF000540D002013B51C00EFF30583002B04D0F6
:103D0000002818D10420404226E0EFF31083002B56
:103D100003D0144B1B68022BF2D00028F2D00029EC
:103D2000F0D00023220000F013FB012813D0002C58
:103D30000CD00220E7E70029E4D0002CE2D12300D8
:103D400001AA019400F093FB012801D00320DAE7D7
:103D5000019B002B01D1002016BD8022024B520591
:103D60001A60F8E7540D002004ED00E013B51C00C4
:103D7000EFF30583002B04D0002817D10420404224
:103D800024E0EFF31083002B03D0134B1B68022BAE
:103D9000F2D00028F2D00029F0D0220000F0EAFB97
:103DA000012812D0002C0BD00220E8E70029E5D032
:103DB000002CE3D101AA019400F003FD012801D0F9
:103DC0000320DCE7019B002B01D1002016BD8022DF
:103DD000024B52051A60F8E7540D002004ED00E094
:103DE00010B5FFF729FF10BD10B5EFF30583002BC9
:103DF00002D0062040420DE0EFF31083002B03D0E9
:103E0000064B1B68022BF4D0002804D0002100F0E0
:103E1000F0F9002010BD0420ECE7C046540D00204E
:103E2000034B0360034B0B60802313607047C04655
:103E3000AC0C0020AC0A0020034B0360034B0B606A
:103E400080235B0013607047040A002004060020F2
:103E500013B5041E01D172B6FEE720230193019B26
:103E6000202B01D072B6FEE7002308C000F0F8F85E
:103E700001232000237716BD70B5202001F070FDCE
:103E8000041E04D0002520C000F0EAF825772000A9
:103E900070BDF7B506000D001F000192002801D18A
:103EA00072B6FEE780235B04994201D372B6FEE747
:103EB000002901D172B6FEE701F0BEF9002804D155
:103EC000089B002B01D072B6FEE700F017FF3468A4
:103ED00023002B40002F14D1002B14D1089B002B62
:103EE00017D001994B1E99410906002F02D080235B
:103EF000DB041943089A2943301D01F09BF8002484
:103F000009E09D42EAD1019B002B02D02300AB4384
:103F100033600023089300F08BFF089B002B15D023
:103F2000002801D101F092FC01F046FA040083015F
:103F30000AD401F097FC346823002B40002F07D1EE
:103F4000002B07D101F09AFC2402240A2000FEBDB8
:103F50009D42F7D1019B002BF4D02300AB4333608B
:103F6000F0E770B504000D00002801D172B6FEE73D
:103F700080235B04994201D372B6FEE701F072FC24
:103F800026683300AB43236001F078FC300070BD3D
:103F900010B5FFF7E6FF10BD10B5044C0A00010094
:103FA0000023200001F0CEFB10BDC046913F000869
:103FB00010B5040001F070FC246801F071FC2000D1
:103FC00010BDF7B504000D00002801D172B6FEE760
:103FD00080235B04994201D372B6FEE703000C33E1
:103FE000019300F08BFE236820692B43002523609A
:103FF000019A2368824205D1AB43236000F018FF89
:104000002068FEBD1E00016847680A02120A1640B9
:10401000B4468026F604314204D16646002E03D110
:104020003800E5E76245FBD180267604314200D0B6
:10403000154380218904194301F06EF8F0E710B5AB
:10404000FFF7BFFF10BD000010B5044C13000A00BD
:104050000100200001F076FB10BDC0463F40000883
:104060000300083301224360C3600361002352420E
:1040700082600360704700230361704743689A6859
:104080004B608A6051609960036808610133036086
:104090007047020030B50C680832631C0AD103690E
:1040A0005A684A6091608B60596003680861013307
:1040B000036030BD130052681568A542FAD9EFE7D6
:1040C0000369416882688A6051605968814200D101
:1040D0005A60002202611A68013A1A601868704733
:1040E00010B5040001F0BEFBA46B01F0C7FB6042F9
:1040F000604110BD70B51600026C0400856B002A8B
:1041000009D10668002E12D1806801F0E3F8A6609C
:104110000135A56370BD002E0ED1406802F0DFFBB3
:104120006368226C9B18A2686360934201D20020EE
:10413000EEE723686360FAE7C06802F0D0FB226C08
:10414000E36851429B1A2268E360934202D2A3685B
:104150005B18E3600020022EDAD12B005A1E934137
:10416000ED1AD5E703001A6C080010B5002A0AD032
:10417000DC689968A418DC608C4201D31968D960A6
:10418000D96802F0ACFB10BD70B5040026004536BE
:1041900001F068FB35786DB2002D02DD636A002BFB
:1041A00013D1FF2333702600443601F067FB01F082
:1041B00059FB35786DB2002D02DD2369002B0ED13D
:1041C000FF23337001F05AFB70BD2000243000F053
:1041D00069FF002801D001F013F8013DDBE7200062
:1041E000103000F05FFF002801D001F009F8013D18
:1041F000E0E770B504000D00002801D172B6FEE7BB
:1042000001F030FB216CE36B22684B43D0185B1A42
:104210006260D2182300A060E2600020FF224433D5
:10422000A0631A705A7085420ED12369834207D069
:104230002000103000F036FF002801D001F006FB0E
:1042400001F01CFB012070BD20001030FFF708FFBB
:1042500020002430FFF704FFF2E773B51C0006AB23
:104260001D78002801D172B6FEE7002C01D172B68C
:10427000FEE7002A03D0002905D172B6FEE7002927
:1042800001D072B6FEE750230193019B502B01D061
:1042900072B6FEE7019B2300012646331E700029FB
:1042A00000D12200E0632164200001212260FFF799
:1042B000A0FF23004C3320001D7076BDF8B506002A
:1042C0000D001700002801D172B6FEE70800704308
:1042D000503001F045FB041E11D00300002246338C
:1042E0001A700300954200D0503323600121200052
:1042F000E6632564FFF77DFF23004C331F70200029
:10430000F8BD13B513000C00002801D172B6FEE70A
:10431000884201D272B6FEE702220092002211000A
:10432000FFF79BFF002800D0846316BD10B50C007A
:10433000002801D172B6FEE7884201D272B6FEE7CC
:1043400002220021FFF7BAFF002800D0846310BDCD
:10435000F0B585B004000F001E000192002801D1C5
:1043600072B6FEE7002904D1036C002B01D072B6AF
:10437000FEE7022E04D1E36B012B01D072B6FEE7FB
:1043800000F05AFF051E1BD0002501F06BFAA26B4E
:10439000E36B9A4219D2320039002000FFF7AAFEDF
:1043A000636A002B03D02000243000F07BFE00283D
:1043B00001D001F04BFA01F061FA012005B0F0BD27
:1043C000019B002BE1D072B6FEE7022EE3D0019BE9
:1043D000002B03D101F052FA0020EFE7002D02D1AB
:1043E00002A800F0D1FE01F049FA00F087FC01F0CC
:1043F00039FA2200443213785BB2013301D1002331
:1044000013702200453213785BB2013301D10023CF
:10441000137001F033FA01A902A800F0C1FE0028D0
:104420001FD101F01FFAA26BE36B9A4210D101F089
:1044300025FA20000199103000F0EAFD2000FFF776
:10444000A3FE00F0F5FC002809D101F0FFF906E019
:1044500001F014FA2000FFF797FE00F0E9FC0125B7
:1044600093E72000FFF790FE00F0E2FCB4E7F0B520
:1044700085B0040017001E000191002801D172B61A
:10448000FEE7019B002B04D1036C002B01D072B618
:10449000FEE7022E04D1E36B012B01D072B6FEE7DA
:1044A00001F0FAF9A26BE36B03909A4202D3002564
:1044B000022E19D12300453302931D7832006DB2CC
:1044C00020000199FFF716FE6B1C13D1636A002BC5
:1044D00009D02000243000F0E5FD002803D0002F93
:1044E00001D001233B600125039801F0D9F9280090
:1044F00005B0F0BD029B01356DB21D70F3E7F8B554
:1045000004000D00002801D172B6FEE7036C002BF9
:1045100001D072B6FEE70368002B04D18368002B3C
:1045200001D072B6FEE701F0B7F9A26BE36B0600AB
:104530000027934215D9210045310B7801325BB237
:10454000A2635A1C12D1636ABB4209D020002430F6
:1045500000F0A8FDB84203D0BD4201D001232B607A
:104560000127300001F09CF93800F8BD01335BB23F
:104570000B70F5E7F0B585B004000E00019200283D
:1045800001D172B6FEE7002904D1036C002B01D0E3
:1045900072B6FEE700F050FE051E1BD0002501F0AC
:1045A00061F9A76B002F1AD031002000013FFFF7FF
:1045B000D9FDA7632369002B07D02000103000F03D
:1045C00071FD002801D001F041F901F057F90120F7
:1045D00005B0F0BD019B002BE1D072B6FEE7019B58
:1045E000002B03D101F04AF90020F1E7002D02D1A0
:1045F00002A800F0C9FD01F041F900F07FFB01F0D5
:1046000031F92200443213785BB2013301D1002327
:1046100013702200453213785BB2013301D10023BD
:10462000137001F02BF901A902A800F0B9FD0028D0
:104630001AD12000FFF754FD00280FD02000019967
:10464000243000F0E5FC2000FFF79EFD00F0F0FBB9
:10465000002801D101F0FAF80125A0E72000FFF7BA
:1046600093FD00F0E5FBF7E72000FFF78DFD00F07C
:10467000DFFB2000FFF734FD0028EDD0B4E7F0B5F4
:1046800085B0041E019101D172B6FEE7056C002DC4
:1046900001D072B6FEE700F0CFFD061E20D02E003E
:1046A000012701F0DFF8A36B002B1ED0013BA363B1
:1046B0002368002B02D100F08BFEA0602369002B41
:1046C00007D02000103000F0EDFC002801D001F0F0
:1046D000BDF801F0D3F8012005B0F0BD3500DFE7EB
:1046E000019B002BFAD072B6FEE7019B002B03D191
:1046F000002D62D072B6FEE7002E02D102A800F0B3
:1047000043FD01F0BBF800F0F9FA01F0ABF822002C
:10471000443213785BB2013301D1002313702200BD
:10472000453213785BB2013301D10023137001F0DD
:10473000A5F801A902A800F033FD002825D120002A
:10474000FFF7CEFC00281AD02368002B07D101F018
:1047500089F8A06800F080FD050001F08FF82000C6
:104760000199243000F054FC2000FFF70DFD00F00B
:104770005FFB002801D101F069F83E0091E72000BD
:10478000FFF702FD00F054FBF7E72000FFF7FCFC09
:1047900000F04EFB2000FFF7A3FC0028EDD0002D19
:1047A0000DD001F05FF8616A002903D03821236B36
:1047B0001B68C91AA06800F0C3FD01F05FF8002073
:1047C0008AE7F0B585B0040016000191002801D1F8
:1047D00072B6FEE7019B002B04D1036C002B01D0C5
:1047E00072B6FEE701F058F80025A76B0390AF42C0
:1047F0001AD02300443302931D7820000199013F11
:104800006DB2FFF7AFFCA7636B1C13D12369002BBC
:1048100009D02000103000F045FC002803D0002E05
:1048200001D0012333600125039801F039F82800F5
:1048300005B0F0BD029B01356DB21D70F3E710B5F8
:10484000041E01D172B6FEE701F00CF8A46B01F072
:1048500015F8200010BD002801D172B6FEE7806B6C
:1048600070470000002370B5064ADD00AC182668CA
:10487000002E02D1A950606070BD0133082BF4D125
:10488000FAE7C046580D0020084A0023110010B571
:104890005468844205D10022DB00CA50C9184A601E
:1048A00010BD01330832082BF2D1F9E7580D002072
:1048B00010B5041E01D172B6FEE7FFF7E5FF230035
:1048C00046331B78002B02D1200001F0CBF810BD3D
:1048D00070B5040016000D0000F0C4FF2200443241
:1048E00013785BB2013301D10023137022004532EB
:1048F00013785BB2013301D10023137000F0BEFFC7
:10490000A36B002B05D1200032002900243000F0D9
:10491000B1FB2000FFF738FC70BD0000F7B50400C4
:1049200000F0A0FF2A4B2B4D1A682B4E01321A6063
:104930002F68002F41D12C601B68012B1ED1142041
:10494000784301373018FFF78BFB382FF7D1234F0F
:104950003800FFF785FB224B18000193FFF780FB1F
:104960002048FFF77DFB2048FFF77AFB1F48FFF741
:1049700077FB1F4B019A1F601E4B1A601E4A13687B
:104980000133136063641D4BE26A19688A4200D9DF
:104990001A6014235343211DF018FFF76FFB00F03A
:1049A0006DFF174B1B68002B06D02B68DA6AE36A91
:1049B0009A4201D200F04AFFF7BD114B1A68E36A30
:1049C000002ADBD12A68D26A9A42D7D82C60D5E770
:1049D000BC0D002090120020300E00201C0E002084
:1049E000080E0020EC0D0020D80D0020C00D002086
:1049F000040E0020000E0020A00D0020B40D0020A9
:104A0000B00D0020F8B50400144B154D1E68286841
:104A10000F000430FFF754FB631C07D1002F05D0B3
:104A2000296810480431FFF729FBF8BD2B683419B9
:104A30005C60A64206D90C4B186829680431FFF760
:104A400028FBF2E7094B186829680431FFF721FBBE
:104A5000074B1A68A242E8D91C60E6E7B80D0020AF
:104A600090120020C00D0020000E0020040E002037
:104A70009C0D0020074A13681968074B002903D1D1
:104A8000012252421A6070471268D268D268526896
:104A9000F8E7C046040E00209C0D002010B504006D
:104AA000543001F0A7FE2300A5331B78002B06D15C
:104AB000206B00F0D7FF200000F0D4FF10BD012BC9
:104AC000F9D0022BFAD072B6FEE7000070B5104C98
:104AD0002368002B06D10F4B1B68012BF7D900F080
:104AE000B5FEF4E700F0BEFE0B4BDB68DD68281D69
:104AF000FFF7E6FA094A1368013B13602368013B9C
:104B0000236000F0BBFE2800FFF7C8FFDFE7C046C8
:104B1000D40D0020300E0020D80D0020BC0D002048
:104B2000F7B50A9C9600320000900D00206BA5217D
:104B3000019301F0C9FA0722276B043EBF1997437E
:104B4000002D3CD0210000233431EA5CCA54002AF5
:104B500002D00133102BF8D12300002243331A7006
:104B6000089D372D00D937250026201DE562E56414
:104B70002665FFF780FA20001830FFF77CFA38230B
:104B80005B1BA36123002000A033246164624C22DC
:104B90001E6031001E71543001F096FA0A4B380045
:104BA000A3650A4B019AE365094B0099236600F05F
:104BB00009FE099B2060B34200D01C60F7BD2300B2
:104BC00034331D70CCE7C046EC3A0020543B002043
:104BD000BC3B002070B586B00B9D0C9C002D01D114
:104BE00072B6FEE7002C01D172B6FEE7A826059644
:104BF000059EA82E01D072B6FEE725632500059E0E
:104C00000226A5352E7004AD01950A9D02940095EB
:104C1000FFF786FF2000FFF781FE049806B070BD05
:104C2000F0B5070087B0900016000491059300F0DE
:104C300097FE051E03D10120404207B0F0BDA82019
:104C400000F08EFE041E14D003000022A53305637D
:104C50001A700D9B320001930C9B049902900093F3
:104C60003800059BFFF75CFF2000FFF757FE01208F
:104C7000E3E7280000F0F6FEDDE7000010B50024B1
:104C800088B007AA06A905A805940694FFF7C8F8F6
:104C9000059B13490293069B12480193079A230030
:104CA0000094FFF797FFA04213D000F0EFFB01281C
:104CB00011D172B60C4B0D4A1B685433136001229C
:104CC0000B4B52421A600B4B18600B4B1C6000F0F0
:104CD0008BFD08B010BD0130FBD172B6FEE7C046B7
:104CE000C2C60008CD4A00089012002034000020FF
:104CF0009C0D0020B00D0020B80D0020024A136862
:104D0000013313607047C046980D0020014B1868AE
:104D10007047C046B80D0020014B18687047C04668
:104D2000B80D0020F0B5374B85B01B68002B60D163
:104D3000354B1D6801351D60002D11D1334B1A68AC
:104D40001268002A01D072B6FEE7314A196810686D
:104D5000186011602F4A136801331360FFF78AFE51
:104D60002D4A2E4F01923B682D4A00240292AB42FD
:104D700036D9029B1B68DA6A14235343019AD3582D
:104D8000012B3CD8274B1B68002B00D001242000AE
:104D900005B0F0BD1B68DB68DE6873689D4226D3F2
:104DA000331D18000393FFF78BF9B36A002B03D070
:104DB00030001830FFF784F91B4BF06A1A689042F4
:104DC00000D9186014235843019B311D1818FFF7B0
:104DD00055F9029BF26A1B68DB6A9A4200D30124F0
:104DE0000A4B1A681268002AD4D101235B423B6047
:104DF000BFE70E4A0024136801331360C2E70124A1
:104E0000C0E7C046980D0020B80D0020040E002019
:104E1000000E0020A40D0020300E00209C0D00206C
:104E200090120020A80D0020B40D0020AC0D002031
:104E3000F8B52B4C2368002B01D172B6FEE700F0C9
:104E400011FD2368013B23602468002C04D000245A
:104E500000F014FD2000F8BD224B1B68002BF6D09B
:104E6000142601271DE0DB68DC682000251D1830B2
:104E7000FFF726F92800FFF723F91B4BE06A1A68B1
:104E8000904200D918607043184B2900C018FFF7F2
:104E9000F5F8174BE26A1B68DB6A9A4201D3154B9F
:104EA0001F60154B1A68002ADDD1002C01D0FFF7D6
:104EB000E1FD124D2C68002C0AD00126FFF732FFCD
:104EC000002801D00B4B1E60013C002CF6D12C6059
:104ED000084B1B68002BBAD000F0B8FC0124B7E7E0
:104EE000980D0020BC0D0020B40D0020300E0020D5
:104EF00090120020A80D0020EC0D0020AC0D002029
:104F000070B505000C00002801D172B6FEE700293B
:104F100001D172B6FEE7114B1B68002B01D072B6AF
:104F2000FEE7FFF7EBFE0E4B296818680C1981426B
:104F300009D9A14209D82C60FFF77AFF002801D1D6
:104F400000F084FC70BDA14201D8A042F3D2002140
:104F50002C60201AFFF756FDEEE7C046980D0020A2
:104F6000B80D002070B5041E02D100F06FFC70BDBA
:104F7000084B1D68002D01D072B6FEE7FFF7BEFE9C
:104F800029002000FFF73EFDFFF752FF0028ECD07C
:104F9000EDE7C046980D0020174B30B51A68174B47
:104FA000002A02D001221A6030BD142514481A606C
:104FB000026814492B0053435C58002C16D0CC18BF
:104FC000656808336D685B1865609D4201D16B6848
:104FD000636014235343C9184B68D9680A4B19609E
:104FE00002601B68094A54331360DDE7002A01D1CF
:104FF00072B6FEE7013ADDE7980D0020A80D00200B
:10500000B40D0020300E002090120020340000204B
:1050100010B50C00002801D172B6FEE7044B1968E8
:105020001831FFF736F801212000FFF7EBFC10BD27
:105030009012002070B50B001400002801D172B648
:10504000FEE70A4A1268002A01D172B6FEE7802103
:10505000074A090615681943A96111681831FFF755
:105060000DF801212000FFF7CDFC70BD980D002048
:105070009012002070B50C001500002801D172B606
:10508000FEE7074B19681831FEF7F8FF002D01D035
:105090000124644229002000FFF7B4FC70BDC04623
:1050A00090120020C36870B5DC68002C01D172B684
:1050B000FEE7250018352800FFF702F8104B1148CD
:1050C0001B68002B0DD1251D2800FEF7F9FF0E4AA5
:1050D000E36A11688B4200D91360142058430B4BCC
:1050E000C0182900FEF7CAFF094BE26A1B680020BE
:1050F000DB6A9A4202D9074B0130186070BDC04686
:10510000980D0020EC0D0020B40D0020300E002082
:1051100090120020A80D0020164A0B00126870B5EE
:10512000002A01D172B6FEE78021C468090619433E
:105130000160002C01D172B6FEE7251DFEF7C0FF0D
:105140002800FEF7BDFF0C4AE36A11688B4200D9C4
:10515000136014205843094B2900C018FEF78EFF36
:10516000074BE26A1B68DB6A9A4202D90122054BAF
:105170001A6070BD980D0020B40D0020300E002084
:1051800090120020A80D0020034B1B680360034B06
:105190001B6843607047C046A40D0020B80D002076
:1051A00070B505000C00002801D172B6FEE7002999
:1051B00001D172B6FEE700F055FB0F4B196823686A
:1051C0005A1C10D00D482E6800686A68864201D0CB
:1051D0008A420FD9881A83420AD95B1A9B18280081
:1051E0002360FFF7D1FF002400F048FB200070BDD2
:1051F000002323600124F7E7B80D0020A40D002050
:105200000122014B1A607047A80D0020002801D12F
:10521000054B1868026B0020135CA52B02D0800898
:1052200080B270470130F7E790120020014B1868F8
:105230007047C04690120020054B01201B68002BD0
:1052400004D0044B18684342584140007047C046A0
:10525000B00D0020980D0020F8B5041E27D01A4D7F
:10526000C26A2B68DB6A9A4226D28369002B04DB70
:105270002B68D96A38235B1A836114235343134E76
:1052800062699B199A4213D1271D3800FEF718FF57
:105290002B680F4ADB6A1168E3628B4200D9136006
:1052A000142253433900F018FEF7E8FE0120F8BD40
:1052B0002B68DB6AE362F9E72B68C06CDB6A984213
:1052C00080414042F3E7C04690120020300E00209B
:1052D000B40D002070B5002801D1002070BD154B21
:1052E0001C68844201D072B6FEE7236D002B01D109
:1052F00072B6FEE7E16AE26C013B23659142ECD0B5
:10530000002BEAD1251D2800FEF7DAFE3822E36CD7
:10531000D21AA261084AE36211688B4200D9136075
:1053200014205843054B2900C018FEF7A7FE0120A2
:10533000D4E7C04690120020B40D0020300E0020AB
:1053400070B5041E31D0026D002A01D172B6FEE79D
:10535000C36C8B4200D20B00E16A994225D0012A2E
:1053600023D1124A1268A24201D172B6FEE7A269A5
:10537000E362002A02DB3822D31AA36114234B43D1
:105380000B4D62695B199A420FD1261D3000FEF762
:1053900097FE084BE26A19688A4200D91A60142302
:1053A00053433100E818FEF769FE70BD90120020EB
:1053B000300E0020B40D0020044B1A681968906963
:1053C0001A683823C96A5B1A9361704790120020EB
:1053D000044B1A68002A03D019680A6D01320A6565
:1053E000186870479012002010B5040041600061F9
:1053F00091420BD8D21A836901209A4205D2074BF9
:10540000211D1868FEF745FE002010BD9A4202D209
:1054100001209942F9D2024B211DF2E7901300209E
:1054200094130020F7B500F01DFA104C2568002DEC
:1054300018D10F4F3800FEF713FE0E4E3000FEF766
:105440000FFE0D4B10211F600C4B0A201E600C4AF2
:105450000C4B0095FEF701FF2060002802D00A499E
:10546000FFF700FA00F00AFAF7BDC0468C130020DF
:10547000AC130020981300209413002090130020F8
:10548000E412002094120020C7C6000810B588B0AE
:10549000FFF7C8FF104B1B68002B17D0002407AA8A
:1054A00006A905A805940694FEF7C6FC059B0B49C2
:1054B0000293069B0A4801930223079A0093230054
:1054C000FFF788FB074B1860A04201D172B6FEE7D8
:1054D000012008B010BDC0468C130020CCC60008C7
:1054E000C955000888130020F0B5170004001A0001
:1054F00085B0002801D172B6FEE70D4D2E68301E32
:105500000FD000910197029405290CDCFFF794FE5F
:1055100000230A9A022800D01A0069462868FEF77C
:1055200017FF05B0F0BD00236946FEF7A0FFF8E7BE
:105530008C130020F0B587B00590FFF7E7FB1F4FF5
:1055400005003B68834223D800232800059A3D606C
:10555000136007B0F0BDDB68DC681A68231D180013
:1055600003920493FEF7ACFD236A200098472300C2
:10557000042228331B7813420AD0A369039AD31854
:105580009A4210D20499306863602461FEF781FD6D
:105590000B4E33681A68002ADDD10A4A116813607D
:1055A00031600123D1E7002120000B00039A009114
:1055B000FFF79AFF0028EBD172B6FEE784130020B4
:1055C0009413002090130020F0B501278BB05A4EA1
:1055D0003D0033681C68002C02D00025DB681C6885
:1055E000FFF78CFB06A8FFF7A5FF069B0390002B97
:1055F0005ED1002D49D1A0424CD3FFF719FC33688E
:10560000DB68DE68301DFEF75BFD320004212832C6
:1056100013780B4213D0B16923003000039A61184C
:10562000FFF7E2FE00280CD02B00220029003000FA
:105630000095FFF759FF002803D172B6FEE7BB4380
:1056400013703000336A98473C4B0022186806A953
:10565000FEF790FF0028BAD0069B0898002B2ADBA3
:10566000089C6369002B2DD105A8FFF763FF02009A
:1056700006980928E8D8250028352B78FAF73CFD4C
:10568000262626584452262658442D4B1B681D6852
:105690006B425D41039B2A00E11A284B1868FFF713
:1056A00017F9FFF7C5FB0028CED100F0CFF8CBE704
:1056B000FFF7BEFBC8E7079B09999847069B002B9D
:1056C000C2DBCDE7201DFEF7FBFCCDE73B432B7093
:1056D000079BA16920005918FFF786FE0028B3D068
:1056E000236A2000984704222B781342ACD0002173
:1056F000A369079A2000D21800910B00FFF7F4FE6F
:105700000028A1D172B6FEE73B432B700799A16137
:10571000002901D172B6FEE7130020005118FFF7EF
:1057200063FE91E79A0703D4200000F09BF98BE712
:10573000BB432B7088E7C046941300208C130020D5
:10574000901300201FB514001A0002230190064890
:105750005B42009302910023694600680394FEF7C0
:1057600086FE04B010BDC0468C130020002382B01A
:105770000193064B1B68013301D072B6FEE772B687
:10578000019B002BFCD002B07047C04630000020C7
:105790000B4A13681868203080F30988022080F3D0
:1057A0001488BFF36F8F3FBCAE4608BC04BC62B622
:1057B0001847C046C046C046C046C046C046C04660
:1057C0009012002010B58024031F64041C60043B69
:1057D00019600349043B1960143B40381A6010BD3E
:1057E0006D57000870470000FF22124B1204196821
:1057F00070B50A431A60FF221968002412060A4392
:10580000FA211A600C4D0D4B2C601C600C4B89006A
:105810001868FAF785FC0B4B0138186007232B60DA
:10582000094B1C60FFF7B4FFFFF7B6FBFFF79EFFC5
:10583000200070BD20ED00E010E000E018E000E086
:105840002400002014E000E0300000208022044BFF
:1058500052051A60BFF34F8FBFF36F8F7047C0467A
:1058600004ED00E072B6044A136801331360BFF31D
:105870004F8FBFF36F8F704730000020054A1368C9
:10588000002B01D172B6FEE7013B1360002B00D163
:1058900062B6704730000020EFF3108072B6704798
:1058A00080F3108870470000000000000000000036
:1058B000EFF309800E4B1A6820381060F0C04446A0
:1058C0004D4656465F46F0C008B572B6FFF764FB1A
:1058D00062B60CBC116808681030F0C8A046A94632
:1058E000B246BB4680F309882038F0C81847C04646
:1058F0009012002010B5FFF7CFFF0400FFF712FA57
:10590000002803D08022034B52051A602000FFF7C5
:10591000C7FF10BD04ED00E030B50F4B1A001B6847
:105920008342FBD354681119884203D141681000A7
:1059300009195160446819000519AB4207D107499C
:1059400009688B4203D059680919416019680160E0
:10595000904200D0106030BDD0130020CC13002046
:10596000F7B50400FFF7CAF9374A38481368002B27
:105970001DD137490733194245D0CD189D43354BCA
:10598000CB1829005B1B0025334ECB1875603160A6
:105990000726083BB3431D605D605D1A28C1136094
:1059A0002E4B1D602E4B1D6080231B060360066876
:1059B000344245D1002C43D02300072108330B4249
:1059C00001D08B430833002B3AD0254F3D689D42D0
:1059D00036D321490C6860680090984203D2206851
:1059E0008446002811D11268A24229D00A68019287
:1059F00022680A60009AD21A102A0DD9E0184107CD
:105A000006D072B6FEE7134BBDE721006446E2E71D
:105A100042606360FFF780FF104A63681168ED1A07
:105A20003D608D4200D215601E430023019D6660DB
:105A300008352360FFF7FCF96B0703D072B6FEE769
:105A40000025F7E72800FEBDCC130020C01300207E
:105A5000D813002010270000D0130020C41300200A
:105A6000C813002010B5041E1AD00E4A083C636803
:105A700012681A4201D172B6FEE72168002901D0EE
:105A800072B6FEE793436360FFF738F9064A63682E
:105A9000116820005B181360FFF73EFFFFF7C8F99D
:105AA00010BDC046C0130020C8130020014B186869
:105AB0007047C0463400002070B500260C4C0D4DD8
:105AC000641BA410A64209D1002606F055FD0A4C1D
:105AD0000A4D641BA410A64205D170BDB300EB585B
:105AE00098470136EEE7B300EB5898470136F2E7E6
:105AF000648E0208648E02086C8E0208648E0208AE
:105B0000F0B51F00002316008BB09F4204DA8021FD
:105B100009067B181F002D23129A149D1370202351
:105B200003229D43462D07D02B00453B59424B4154
:105B30001099013ACB18109309AB049308AB039367
:105B4000139B00920293109B320001933B0001F0E3
:105B50006BF80400472D1BD1119BDB0711D5109B5F
:105B6000C31807930022002330003900FAF75EFCC7
:105B7000002801D0079B09933022099B07998B428B
:105B800020D32000099B159A1B1B13600BB0F0BD9E
:105B9000109BC3180793462DE4D10378302B0CD10A
:105BA0000022002330003900FAF740FC002804D11D
:105BB0000123109A9B1A139A1360139B079A1B6870
:105BC000D318CEE7591C09911A70D6E7F0B52B23EC
:105BD00085B005000C1E027001DA4C4202336B7076
:105BE000092C2CDD02ABDE1D20000A21FAF708FC8F
:105BF00037003031013E200031700A210194FAF75C
:105C000019FB019B0400632BEEDCBA1EA81C0100EB
:105C100013003034147002AC07349C420AD80023BD
:105C2000944203D3093302AA9B18DB1BC018401B04
:105C300005B0F0BD1C7801330C700131EBE7302367
:105C4000E418AB70281DEC70F1E70000F0B597B0D8
:105C50000D000A921C9C0B93099000F03DFA03681A
:105C600018000D93FAF736FA00230F9014932B7E49
:105C700007220C932B680E930E992368C90545D50E
:105C80009B1893431A000832226001221E685F6845
:105C90007B005B0811931096AE64EF641098119925
:105CA000A74B524206F032FB002831D110981199CF
:105CB0000122A34B5242FAF7C9FB002828D1002247
:105CC000002330003900FAF7B7FB002803D02B007F
:105CD0002D2243331A700C9B9A4F472B00D89A4FB2
:105CE000032300240E9A2B6101339A432A600B9BF5
:105CF0002900009309980A9B15AA00F0F1F90130D8
:105D000000D09EE00120404217B0F0BD0733B8E755
:105D100032003B003000390006F0F8FA00280BD0C2
:105D2000002F03DA2B002D2243331A700C9B874F70
:105D3000472BD5D8864FD3E720220C9C6B68944321
:105D40005A1C46D107336B6080230E9ADB00134345
:105D500000222B60069214AA05920C9A0AA90492BA
:105D600013AA039223225218029201936B68320005
:105D7000009309983B00FFF7C3FE139A0700472CD6
:105D80002DD1D31C02DB6B689A4247DD0C9B023B92
:105D9000DBB20C93280013990C9A013950301391FF
:105DA000FFF714FF149A040013182B61012A02DC78
:105DB0002A68D20701D501332B6123230AAA9B1835
:105DC0001B78002B00D192E72B002D2243331A7051
:105DD0008DE7472CB8D1002BB6D10133B3E70C9B2C
:105DE000652BD7D90C9B662B1AD16B68002A09DD6D
:105DF0002A61002B02D12968C9070BD501339B18F2
:105E00002B6107E0002B03D101222968114200D049
:105E10009A1C2A61139B0024AB65CEE767230C9381
:105E20001399149B994206DB2B682961DB07F1D596
:105E300001312961EEE701220029E0DC9218521AB3
:105E4000DDE72A68530508D42B693A000A990998B6
:105E50000B9CA047013029D154E70C9B652B00D83F
:105E6000DBE0A86CE96C00220023FAF7DFFA0028D7
:105E700033D00123374A0A9909980B9CA047013077
:105E800000D13FE7149E139BB34202DB2B68DB0774
:105E90000CD50B9C0F9B0D9A0A990998A0470024DA
:105EA000013000D12EE7731EA3420ADC2B689B074A
:105EB00000D506E1159BE868984200DB24E718004E
:105EC00022E72A0001230A9909980B9F1A32B84742
:105ED000013000D116E70134E5E7139B002B3BDCD2
:105EE00001231C4A0A9909980B9CA047013000D154
:105EF00008E7149E139B334302D12B68DB07D5D5EB
:105F00000F9B0D9A0A9909980B9CA047002301301A
:105F100000D1F7E60C93139B0C9A5B42934201DC91
:105F2000330092E72A0001230A9909980B9C1A3240
:105F3000A047013000D1E5E60C9B0133EAE7C046FB
:105F4000FFFFEF7FD8C60008D4C60008E0C60008EF
:105F5000DCC60008E4C60008149BAE6D0C939E429C
:105F600000DD1E00002E31DCF3430024DB1733403C
:105F70000E93AE6D0E9BF31AA34230DC139B0C9A6A
:105F80009A4238DC2B68DB0735D4139C0C9B0C9AA7
:105F90009B1B141B9C4200DD1C00002C34DCE343E3
:105FA0000026DB171C40139B0C9AD31A1B1BB34211
:105FB00000DC7BE72A0001230A9909980B9F1A321B
:105FC000B847013000D19DE60136ECE733003A00D6
:105FD0000A9909980B9CA0470130C5D192E62A0086
:105FE00001230A9909980B9E1A32B047013000D15B
:105FF00088E60134BDE70F9B0D9A0A9909980B9C1E
:10600000A0470130C1D17DE6BA1923000A99099849
:106010000B9EB0470130C2D174E6149B0C93012B48
:1060200002DC01231A4239D001233A000A99099867
:106030000B9EB047013000D164E60F9B0D9A0A9980
:1060400009980B9EB047013000D15BE6A86CE96C63
:106050000C9B0022013B0C930023FAF7E7F9002880
:106060001AD10C9B7A1C0A9909980B9EB0470130F3
:106070000ED147E62A0001230A9909980B9F1A328C
:10608000B847013000D13DE601360C9B9E42F1DB62
:106090002A0023005032D9E60026F6E73A00E2E76C
:1060A0002A0001230A9909980B9E1932B047013042
:1060B00000D127E60134EB68159A9B1AA342EFDC66
:1060C000F8E60024F7E7C04603008218934200D1A7
:1060D000704719700133F9E70048704780010020CC
:1060E000F7B5160001938A680B690C000090934283
:1060F00000DA13002200336043321278002A01D004
:106100000133336023689B0602D533680233336062
:106110002268062315001D401A4227D0230043336E
:106120001B785A1E93412268920630D422000199AE
:106130000098089D4332A847013025D006222368E5
:1061400000251340042B05D13368E568ED1AEB43B5
:10615000DB171D40A3682269934201DD9B1AED18ED
:106160000026B54220D1002010E00135E3683268F6
:106170009B1AAB42D2DD2200012301990098089FAF
:106180001932B8470130F0D101204042FEBD302025
:10619000E1184331087021005A1C45310978A218D2
:1061A000433202331170C1E72200012301990098A4
:1061B000089F1A32B8470130E6D00136D1E7000017
:1061C000F0B58BB006920A00433207930590039214
:1061D0000A7E0C00109B782A09D8622A0BD8002A64
:1061E00000D1BAE07A490491582A00D18EE0250006
:1061F00042352A7022E0100063381528F7D8F9F7E5
:1062000085FF16001F00F6FFF6FFF6FFF6FF1F00E2
:10621000F6FFF6FFF6FFF6FF9F0036007E00F6FF62
:10622000F6FFB000F6FF3600F6FFF6FF820025000D
:106230001A684235111D196013682B7001239EE006
:1062400018680968021D0D060BD506681A60002E35
:1062500003DA2D23039A764213705D4B0A270493C9
:1062600018E006681A604906F1D536B2EFE708680B
:10627000196840C9050602D4400600D5B6B21960B7
:10628000534B0A2704936F2A00D1023F23000022B8
:1062900043331A706368A360002B06DB0421226875
:1062A000039D8A43226033430CD0039D30003900A4
:1062B000F9F7BCFF049B013D5B5C2B7033000600CB
:1062C0009F42F3D9082F09D12368DB0706D56268FE
:1062D00023699A4202DC3023013D2B70039B5B1B38
:1062E0002361079B210000930598069B09AAFFF7ED
:1062F000F7FE013048D1012040420BB0F0BD202212
:1063000009680A432260782232490491210045310C
:106310000A701968226840C9100602D4500600D5D8
:10632000B6B21960D30702D5202313432360002E91
:1063300001D01027AAE72022236893432360F8E7BF
:106340001A680D68101D4969186013682E0601D57A
:10635000196002E06D06FBD519800023039D2361BF
:10636000BFE71A68111D19601568002128006268CE
:1063700000F0AAFA002801D0401B60606368236126
:106380000023039A1370ACE72A0023690699059845
:10639000079DA8470130AED023689B0715D4099B01
:1063A000E0689842A9DA1800A7E7220001230699BD
:1063B0000598079E1932B04701309CD00135E3683B
:1063C000099A9B1AAB42F0DCE9E70025F7E7C046E3
:1063D000E6C60008F7C60008F0B58BB016000390BB
:1063E000AE22002007938B680C00591E52000690C5
:1063F000914205D95E3BFF3B06935E23FF33A360CA
:10640000F0232268DB0013432360230000251C33A4
:106410001F00049302950995089501950595A268BA
:10642000002A0AD033681B784E2B44D81800402B22
:106430002CD82B38C1B20E292AD9019B002B03D0AE
:106440002368A64A13402360029B013B012B00D91D
:10645000FEE0BE256D00049B9F4200D9EEE00120C6
:106460000BB0F0BD180061380D28E6D8F9F74EFEE4
:106470008900E5FFE5FFE5FFBB00A700E5FFE5FFBD
:106480008F00E5FFE5FFE5FFE5FF6B004138EBE737
:106490000E28D2D8F9F73AFE4F00D1FF4F009D00E9
:1064A000D1FF210041004100410041004100410075
:1064B0004100410041006E2B0AD8602BD2D8542BEA
:1064C00000D181E0592BB8D1072DB6D108252FE096
:1064D000742B79D0792BF7D0AFE72168C8051CD58C
:1064E00080239943019B216001330193069B002B7C
:1064F00003D0013B01320693A260A368013BA36075
:106500002369013323617368013B7360002B00DC56
:106510008AE033680133336081E7029A5119002918
:1065200000D08AE70D0022686D4802910240226087
:106530003B700137E1E7802122680A4200D17CE705
:106540008A432260F4E7029A002A0FD1019A002AB6
:106550000FD12268E0211000C9000840884208D10C
:1065600060490A40226001220292E1E7029A022A6F
:1065700058D0012D02D0042D00D05EE70135EDB2D8
:10658000D6E7029A012A00D057E70222ECE7002D55
:1065900010D1019A002A00D052E72268E0211000B1
:1065A000C9000840884200D01CE14E4901350A402C
:1065B0002260BDE7FD21EA1E0A42DFD03DE7022D41
:1065C00000D03AE70325B3E7062D00D035E70725CD
:1065D000AEE72268910500D42FE743490A402260C4
:1065E000019A0592A4E7A02180202268C9001140E9
:1065F000C000814206D0024200D11EE70199002965
:1066000000D1EFE0910504D4019905980997091A82
:10661000089134490A40C02149000A4322600022FF
:10662000019285E703229FE7C0235B003100E35816
:1066300003989847002800D1F1E6FEE6013F635930
:1066400032003978039898472369013B236102E7B8
:106650006B1E062B0ED80297022D20D9EB1BDBB246
:106660000693029B069A9B18DBB2032B27D1033DAE
:10667000EDB27F1B2368DA0553D55B0536D5BE2501
:106680006D00049B9F4200D8E9E6013F6359320048
:106690003978039898472369013B2361F1E7BE25C8
:1066A0006D00049B9F4200D8D9E6013F6359320038
:1066B0003978039898472369013B2361F1E7029BEE
:1066C0003200013B19780293BE235B00E358039824
:1066D00098472369013B2361C3E7C046FFFEFFFFE4
:1066E0007FFEFFFF7FF8FFFF7FFDFFFF23697D1E19
:1066F0002978013B236165290CD045290AD0BE23A6
:106700005B00E3583200039898472369BD1E013BA4
:1067100029782361BE235B003200E3580398984731
:106720002F00216810230A001A40194201D00020CE
:1067300096E6C0213A702368C9000B408021C90049
:106740008B421BD1059B019A01999A1A8B4221D148
:1067500000220499039801F0EBFE079B22680600D3
:106760000F001B68910722D507991A1D0A601B6844
:106770001E605F60E3680133E360D8E7089B002B8D
:10678000E6D0099B0398591C0A2301F0ADFF089B32
:10679000099FC21A23007033FF339F4202D32700A0
:1067A0006F37FF373800114900F04AF9D0E7191D5B
:1067B000520702D5079A1160D9E7079A3000116095
:1067C0001D6832003B00390005F0A0FD002804D010
:1067D000074801F093F82860CCE73000390005F055
:1067E00045FEF8E7002301932EE6C04608C70008DF
:1067F000B0C60008334B70B51B68040083425FD0FD
:10680000C369002B27D0DB68002B0DD00025E3697E
:10681000DB685959002918D10435802DF7D1E36977
:106820002000D96801F08CFEE3691968002902D0C4
:10683000200001F085FEE3699D68002D0BD0290042
:1068400020002D6801F07CFEF7E70E68200001F0C3
:1068500077FE3100DEE76169002902D0200001F0F7
:106860006FFEE169002902D0200001F069FE216B72
:10687000002902D0200001F063FE616B002902D0E4
:10688000200001F05DFEA16B002902D0200001F084
:1068900057FEA16C002902D0200001F051FE616C6E
:1068A000002902D0200001F04BFEE16A002902D04D
:1068B000200001F045FE236A002B01D020009847FC
:1068C00070BDC04634000020C9B28218904201D188
:1068D0000020704703788B42FBD00130F6E700239D
:1068E00010B59A4200D110BDCC5CC4540133F8E716
:1068F000002310B504000360436083608181436618
:10690000C281036143618361190008225C30FFF793
:10691000DBFB0B4B246263620A4BA3620A4BE3620C
:106920000A4B23630A4B9C4205D00A4B9C4202D07F
:10693000094B9C4203D12000583002F0C4FB10BD2B
:10694000856A0008AD6A0008E56A0008116B000856
:10695000EC3A0020543B0020BC3B002010B5034A19
:106960000349044800F074FF10BDC04684000020B5
:10697000D99100083800002041680B4B10B5040085
:10698000994201D002F028FCA168084B994202D03C
:10699000200002F021FCE168054B994202D0200062
:1069A00002F01AFC10BDC046EC3A0020543B002017
:1069B000BC3B002010B5094B094A04211A60094864
:1069C0000022FFF795FF012209210748FFF790FFFA
:1069D000022212210548FFF78BFF10BD243C002046
:1069E0005D690008EC3A0020543B0020BC3B0020CD
:1069F00010B5024802F068FB10BDC046293C0020DB
:106A000010B5024802F061FB10BDC046293C0020D1
:106A100010B50400FFF7ECFF236A002B02D0FFF74C
:106A2000EFFF10BD044B2362044B1B68002BF6D113
:106A3000FFF7C0FFF3E7C04679690008243C002057
:106A40000EB410B500240C499DB01FAB0290069007
:106A50000791049109480A4904CB0591006802A9ED
:106A600001931B9402F012FA029B1C701DB010BC23
:106A700008BC03B01847C046FFFFFF7F340000206A
:106A80000802FFFF70B50C000E25495F00F0CCFE38
:106A9000002803DB636D1B18636570BDA389024A80
:106AA0001340A381F9E7C046FFEFFFFFF8B51F00D1
:106AB0008B8905000C001600DB0505D50E23C95E89
:106AC0000022022300F09CFEA389054A28001340FF
:106AD000A38132000E23E15E3B0002F063F9F8BDB2
:106AE000FFEFFFFF70B50C000E25495F00F088FE38
:106AF000A389421C03D1054A1340A38170BD8022A3
:106B000052011343A3816065F8E7C046FFEFFFFF22
:106B100010B50E23C95E02F037FC10BDF0B5036955
:106B20000C6989B0039006910020A34263DB0B003F
:106B3000013C1433A50004935B190593039B1433A4
:106B400001935D19059B2F681E68380001363100DE
:106B5000F9F7E6FA0290B74227D3049B00279C4638
:106B6000019E0797624608CA30689446029A99B215
:106B700051431B0C5343C9190A0C9B1889B282B2AA
:106B8000521A07991F0C5218000C9BB21114C31A09
:106B90005B18191492B21B041A43059B079104C693
:106BA0006345DFD22B68002B2BD00699039802F0A7
:106BB00031FF00281EDB0026019D049901C92B68C6
:106BC00087B29AB2D21B9219000C1B0C1B1A10141C
:106BD0001B181E1492B21B041A43059B04C58B425A
:106BE000ECD2019AA300D3181A68002A14D0029B91
:106BF00001330293029809B0F0BD2B68002B04D139
:106C0000013C019B043DAB42F7D3039B1C61CCE7E5
:106C10001A68002A04D1013C019A043B9A42F7D336
:106C2000039B1C61E3E70000F0B514001D00C6697A
:106C30009DB00A940B95259F0390002E0FD1102034
:106C400002F0F6FA039B021ED86104D1EF21C74B74
:106C5000C74802F0BDFB466086600660C660039BC5
:106C6000DB69196800290BD05A68012393404A60F8
:106C70008B60039802F040FC0022039BDB691A60E2
:106C8000002D1EDA01233B606B005B080B930B9F0A
:106C9000B84BB84A3B40934216D1B74B249A136085
:106CA0003B031B0B234301D100F07CFDB34B269A21
:106CB0000893002A02D0B24B269A136008981DB0A0
:106CC000F0BD00233B60E2E70A9A0B9B12921393FC
:106CD0001298139900220023F9F7A8FB061E0BD087
:106CE0000123249A1360269B002B02D0A54B269AE1
:106CF0001360A54B0893E1E71AAB01931BAB00931C
:106D00000398129A139B02F0A7FF7A000590520D88
:106D100000D17BE0139B189619039C4B090B0B4386
:106D20009B4957181298139919000022994B04F0A7
:106D300065FF994A994B04F095FC994A994B03F0E9
:106D4000D5FC040038000D0005F03EFB964A974B39
:106D500004F088FC02000B002000290003F0C6FCB0
:106D600004000D0005F0F4FA002204900023200036
:106D70002900F9F761FB00280BD0049805F024FBEB
:106D80002B002200F9F752FB43425841049B1B1A87
:106D9000049301231593049B162B10D81298139972
:106DA000049A834BD2009B181A685B68F9F744FB7E
:106DB000002847D0049B013B049300231593002235
:106DC0001A9B0692DB1B5A1E3ED50122D31A06934C
:106DD00000230D93049B002B38DB049A0D9B9446F3
:106DE00063440D93002314920F93229B0124092BDB
:106DF00062D8052B02DD0024043B2293229B981EBF
:106E0000032863D8F9F778F95456382B1B9B1A9E40
:106E1000F618684BF218202A0FDD40239B1A9F407A
:106E2000654B3800F318DC40204305F0FBFA0122E3
:106E3000624B771ECB18189276E7202320009B1A0E
:106E40009840F2E71590BAE70D92C3E7069B049AC3
:106E50009B1A069353420F9300231493C5E7012313
:106E6000239A10939446049B63440E930133099331
:106E7000002B08DC012306E001231093239B002B49
:106E800028DD0E930993039A0021D069042215008E
:106E900014359D4223D94160039802F0E9FA089025
:106EA00000281FD1B021464B3148089AFF31D0E667
:106EB0000023E2E70023D3E7002310942293013B51
:106EC00000220E93099313332392DCE701231093DE
:106ED000023BF5E701231A000E930993F4E7013111
:106EE0005200D4E7039B089ADB691A60099B0E2BBA
:106EF00000D9D6E0002C00D1D3E0049B002B63DD49
:106F00000F21049A2A4B0A40D2009B181E685F6822
:106F1000049B02241D11DB050AD52A4B0D401A6A79
:106F20005B6A1298139903F079FF0A900B91013470
:106F3000244B0C93002D08D10A980B9932003B008A
:106F400003F06CFF0A900B9159E001231D4209D018
:106F5000E4180C9B30001A685B68390004F082FB6F
:106F600006000F000C9B6D100833E2E71AC70008FB
:106F700031C700080000F07F0F27000016C7000887
:106F800019C70008E5C60008E4C600080000F03F85
:106F900001FCFFFF0000F83F61436F63A787D23F0A
:106FA000B3C8608B288AC63FFB799F501344D33FF8
:106FB000508C02083204000012040000000010FE91
:106FC0008AC70008288C0208049B0224002B16D0D4
:106FD000129813990F225D422A40D54BD2009B187C
:106FE0001A685B6804F03EFB012700230A900B91AE
:106FF000D04E2D11002D00D095E0002BA2D10A9E7D
:107000000B9F159B002B00D198E000223000390027
:10701000C94BF9F711FA002800D18FE0099B002B2A
:1070200000D18BE00E9B002B37DD049B0022013B3F
:107030000C933000C14B390004F014FB0A900B9103
:107040000E9B01342000119305F0BEF90A9A0B9BA8
:1070500004F008FBBA4B002203F048FBB94B0600D2
:10706000CF18119B002B6DD10A980B990022B64BBB
:1070700004F0C4FD32003B0004000D00F9F7F0F904
:10708000002800D0B3E2802109067B1832002000DE
:107090002900F9F7D1F9002828D1129B139C0A93F3
:1070A0000B941B9B002B00DA74E1049A0E2A00DD7E
:1070B00070E19F4BD2009B185C681B680693079495
:1070C000239B002B00DBE7E0099B002B00DDE3E0C6
:1070D0000CD10698079900229B4B04F0C3FA0A9A38
:1070E0000B9BF9F7C7F9002800D183E2002637008F
:1070F000239B089CDB430C930497002731000398E3
:1071000002F0FAF9049B002B00D1BBE0002F05D060
:107110009F4203D03900039802F0EEF904990398D6
:1071200002F0EAF9AEE03D4205D03268736804F03F
:1071300099FA3B0001346D1008365BE7049B0C9311
:10714000099B7FE7119A7A4B013AD20010999B185C
:107150001A685B6800294CD000207C4903F05EFE71
:1071600032003B0004F04AFD089A060094460F00E6
:10717000089B1693119B634411930A980B9905F091
:10718000E7F8050005F020F902000B000A980B99BA
:1071900004F034FD169B30355C1C1D7032003B0042
:1071A0000A900B91F9F748F900286BD10A9A0B9BCA
:1071B0000020614904F022FD32003B00F9F73CF960
:1071C000002800D0C6E0119BA34200D165E7002251
:1071D00030003900594B04F045FA002206000F0038
:1071E0000A980B99554B04F03DFA16940A900B91AE
:1071F000C3E73000390004F035FA089D119A2B00DE
:10720000944616901791634419930A980B9905F0C8
:107210009FF8040005F0D8F80B0002000A980B99BB
:1072200004F0ECFC3034199B2C70013506000F0083
:10723000AB422AD116981799089B119C9C460022B4
:10724000424B644403F052FA02000B003000390054
:10725000F9F706F9002800D07CE0169A179B002069
:107260003A4904F0CBFC02000B0030003900F9F77A
:10727000E3F8002800D110E72300013C2278302AEF
:10728000FAD01C000C9B049342E000222B4B04F02C
:10729000E9F90A900B91B8E7099B089D013B5B193E
:1072A0000A9E0B9F0A93069A079B3000390003F051
:1072B000B5FD05F04DF8099005F086F8069A079B94
:1072C00004F0D0F902000B003000390004F096FC05
:1072D0002B00099A013530321A700A9A2C009A4212
:1072E0004BD102000B0003F001FA069A079B06003F
:1072F0000F00F9F7B5F800282AD1069A079B30004D
:107300003900F9F793F8002802D0099BDD071FD454
:107310000599039802F0F0F800232370049B249A47
:1073200001331360269B002B00D1C7E41C60C5E429
:10733000508C0208288C02080000F03F0000244016
:1073400000001C400000C0FC000014400000E03FB2
:10735000049B0C9323001C00013B1A78392A08D1A6
:10736000089A9A42F7D10C9A089901320C9230226D
:107370000A701A7801321A7084E70022C44B04F0B4
:1073800071F90022002306000F00F9F74FF80028DA
:1073900089D0BDE7109F0F9D069C002F14D0229A24
:1073A000012A00DDE2E0189A002A00D1D8E0B94AAB
:1073B0009B18069A0121D21806920D9A0398D318A9
:1073C0000D9302F09DF90700002C0ED00D9B002BB1
:1073D0000BDD0D9A2300944200DD1300069AE41A97
:1073E000D21A06920D9AD31A0D930F9B002B1FD021
:1073F000109B002B00D1D1E0002D10D039002A00C5
:10740000039802F03FFA059A01000700039802F082
:107410008FF906000599039802F06EF805960F9B08
:107420005A1BAB4204D00599039802F02BFA059041
:107430000121039802F064F9149B0600002B00D18F
:10744000BAE11A000100039802F01CFA229B060020
:107450000025012B16DC00250A9BAB420ED10B9BAD
:107460001B03AB420AD18C4B0B9A134206D0069BEE
:107470000135013306930D9B01330D93149B0120BD
:10748000002B08D0336903339B00F318586802F0CF
:10749000E7F82023181A0D9B181802001F231A4022
:1074A000184200D180E001339B1A042B78DD1C23A5
:1074B0009B1A069AE418D21806920D9AD3180D93C7
:1074C000069B002B05DD1A000599039802F036FA99
:1074D00005900D9B002B05DD31001A00039802F08A
:1074E0002DFA0600159B002B60D03100059802F0A4
:1074F00091FA00285ADA049B0A22013B0C93059961
:107500000023039802F01CF8109B0590002B00D17B
:1075100059E1002339000A22039802F011F80E9B6A
:107520000700002B4CDC229B022B45DD0E9B002B21
:1075300000D0DDE531000522039802F001F80600D5
:107540000100059802F066FA002800DCD0E5089BEF
:10755000089A5C1C312313700C9B01330C93CBE510
:1075600036231A9A0F9D9B1A069C22E7099B5D1EE3
:107570000F9BAB4208DB5D1B099B002BF4DA069BDB
:10758000099A9C1A002314E70F9B149AEB1AD3183C
:1075900014930F95069C0025099B0AE70F9A42E772
:1075A000042B8DD01C3384E71300FBE7049B0C9362
:1075B000099B0E93002BB6DD109B002B00D106E13A
:1075C000002C05DD39002200039802F0B7F907000E
:1075D0000497002D20D07968039801F049FF041E1C
:1075E0000CD122002D4B2E482E49FFF732FB119E65
:1075F0003700ACE7049B099E0C93F9E739003A6920
:107600000C31023292000C30FFF769F9012221009F
:10761000039802F093F90490089B0E9A0693013B9D
:107620009B1801220F930A9B13400E93310005987B
:10763000FFF774FA390005000A90059802F0EAF99C
:10764000049A0D903100039802F000FA0122C368F9
:10765000040030350992002B04D10100059802F096
:10766000D9F909902100039801F046FF069B229A60
:107670005C1C099B13430E9A134315D1392D2ED050
:107680000D9B002B01DD0A9D3135069B1D7035E5F4
:1076900000002440330400000000F07F8AC7000887
:1076A00031C70008EF0200000D9B002B04DB229A7B
:1076B00013430E9A13431ED1099B002BE5DD059958
:1076C0000122039802F03AF93100059002F0A2F984
:1076D000002802DCD9D1EB07D7D5392DD3D13923F6
:1076E000069A137023001C00013B1A78392A50D0E7
:1076F00001321A7002E5099B002B03DD392DEED013
:107700000135C2E7069B069A1D700F9B93422BD052
:1077100000230A220599039801F012FF049B0590AB
:107720009F4209D1390000230A22039801F008FF83
:1077300007000490069479E7390000230A22039891
:1077400001F0FEFE002307000A220499039801F0CD
:10775000F7FE0490EEE70E9B0124002B00DD1C00D9
:1077600004970027089B1C1905990122039802F031
:10777000E5F83100059002F04DF90028B2DC01D1A6
:10778000ED07AFD423001C00013B1A78302AFAD051
:10779000B4E4089A9A42A6D10C9B01330C9331238E
:1077A0001370ABE4144B269A0893144B002A01D0B3
:1077B000FFF782FAFFF782FA229B012B00DC4AE6F0
:1077C0000120149D67E60E9B002B00DCABE6002435
:1077D00031000598FFF7A2F9089B303018550E9B31
:1077E00001340500A342B6DD00230A22059903985F
:1077F00001F0A6FE0590EBE70DC7000815C70008CD
:1078000070B50400080011001A000023054D2B601C
:10781000F9F708FB431C03D12B68002B00D0236031
:1078200070BDC046E83A002070B5040008001100A1
:107830001A000023054D2B60F9F7D0FA431C03D141
:107840002B68002B00D0236070BDC046E83A0020B2
:10785000F7B51400002600900191A5686768013F04
:1078600004D52468002CF8D13000FEBDAB89012B73
:1078700008D90E22AB5E013304D029000098019B89
:10788000984706436835EAE730B50500140008005C
:107890001A009BB0002C05DA8B2301202B6040429C
:1078A0001BB030BD822369469B008B810021009074
:1078B000199104908C4200D0611E01230291059120
:1078C00069465B42CB8128001E9B01F0DFFA431C16
:1078D00001DA8B232B60002CE2D00022009B1A706F
:1078E000DEE7000013B5044C009313000A0001000A
:1078F0002068FFF7C9FF16BD34000020004870471C
:107900000000C07F70B516000D0002F039F9002E9E
:107910000DD06B236A00520D9B1A002B07DD00244B
:10792000034A1B059D182B00220003F09BFE70BD2F
:107930000000F03FF0B5A3B01B9200220026002704
:10794000059009911E921D910A782B2A53D03FD899
:107950000D2A39D8082A39D8002A42D0002212929A
:1079600000211D9D0C912A78302A00D083E06A788E
:1079700020318A43582A00D073E00293129B9B4A1D
:1079800001931EAB009305981FAB1DA900F018FFD3
:107990000F2302001A4004000692184205D0062A5E
:1079A0002BD1002301351D9512931B9B002B02D078
:1079B0001D9B1B9A1360129B002B19D08023300053
:1079C0001B06F91823B0F0BD202AC7D10131BAE750
:1079D0002D2AC3D12C3A12924A1C1D924A78002AB1
:1079E000BED1099B1D93002312931B9B002BDFD15B
:1079F00030003900E6E70022EDE71E9A002A07D0A2
:107A0000352120A802F0B2F91E99059801F074FD05
:107A100006981F9B0138042806D8F8F76DFB12035F
:107A20001C1E1200209E219FE40502D580231B0608
:107A30001F436F4B3B42B8D1FEF738F82223036057
:107A4000B3E76C49219A209E0A406B495B181B05DD
:107A50001A431700E8E7664FE6E70126674F7642CC
:107A6000E2E71D9B5A1C1D925B78302BF9D0002B4E
:107A70009BD001230C931D9B0A2213930023109388
:107A80000D9308931D9804782300303BD9B209293F
:107A900027D901225A4901F0C9FC002833D000201F
:107AA00023008446089A0E900692202219009143E2
:107AB0000A0000210791452A00D0CBE0069B0C9AD2
:107AC000034313438B428CD01D9B099301331D93B9
:107AD000099B5B782B2B7BD00C002D2B7ED10124B6
:107AE00077E00899082909DC0D9951435B180D933B
:107AF000089B0130013308931D90C3E7109D554347
:107B00005B191093F4E71D9B5A1C1D92089A5B7831
:107B1000002A3ED00E9006921A00303A092A12D955
:107B200001229446C1E71D9B01305A1C1D925B78CF
:107B3000302BF8D01A00313A082A44D80E90002091
:107B40001D9A069013921C00421C303C302B1AD018
:107B50000E9B06999B180E930A239C46069D4B1C70
:107B60005D1BAA4217DCC343069ADB170340D118FA
:107B70000132D318069308291CDC0A230D9A5343BB
:107B80000022E3180D931D9B1000591C1D915B787A
:107B9000C2E70898CCE7082905DC65460D996943DA
:107BA0000D911900DAE7102BFBDC6146109D4D4367
:107BB0001095F6E700220F29E5DC0A23109D5D43AE
:107BC00063191093DFE700220E9206920132A8E7B4
:107BD0000024099B02331D93099B9B781A00303ABD
:107BE000092A13D9099A1D92002232E0D88B020883
:107BF0000000F07FFFFFEFFF33040000FFFFFF7F77
:107C00009BC700081D9B5A1C1D925B78302BF9D036
:107C1000002207921A00313A082A1BD8303B1A007A
:107C20001D9B07931D9B591C1D915B781D00303DCA
:107C3000092D3AD9079D491B0D00B3490791082D1D
:107C400003DC07928A4200DD0791002C02D0079ADC
:107C500052420792069A002A4BD10C9A104300D048
:107C6000A3E66246002A00D0BBE6692B25D021DCC2
:107C7000492B22D04E2B00D0B3E6A4491DA800F01A
:107C8000D5FF002800D1ACE61D9B1B78282B2AD1FC
:107C90009F4920AA1DA800F0DDFF052823D1219BC4
:107CA0009C4A209E1A4317007FE60A214A43D218B5
:107CB000303AB7E76E2BE0D093E697491DA800F065
:107CC000B5FF002800D18CE61D9B9449013B1DA8FF
:107CD0001D9300F0ABFF002802D11D9B01331D93C3
:107CE00000268C4F61E68E4802F0C4F806000F00B3
:107CF0005BE6079B0E9A9B1A0C93089B002B01D105
:107D0000069B0893069C102C00DD10240D9804F0AF
:107D100089FB069B06000F00092B13DC0C9B002B34
:107D200000D142E60C9B002B00DC7EE0162B63DCCE
:107D30007C49DB00C9183200086849683B0003F041
:107D400091FCD3E72200774B093AD2009B181A68BE
:107D50005B6803F087FC060010980F0004F062FBDC
:107D60000B0002003900300002F0C0FC069B060048
:107D70000F000F2BD2DD069B1C1B0C9BE418002C64
:107D800000DC9BE00F222300134014420AD0654917
:107D9000DB00C9183200086849683B0003F062FC48
:107DA00006000F000F239C4373D02633FF339C4201
:107DB0004BDD0023069307930D930893222300269F
:107DC000059A544F13600D9BB34200D1EDE51E9907
:107DD000059801F091FB0899059801F08DFB079932
:107DE000059801F089FB0D99059801F085FB06992E
:107DF000059801F081FBD8E52523069A9B1A0C9A79
:107E00009342B8DB0F24069B464DE41AE100691843
:107E10003200086849683B0003F024FC0C9B1C1BE3
:107E2000E4002D192A686B6889E70C9B1633A2DBE6
:107E300007990E9A3B4B521AD2009B1830001A68D1
:107E40005B68390002F0EAFF50E700233000390098
:107E5000354D24110993012C1EDC002B01D00600A6
:107E60000F00324B099AFF182F4BD5005D193200D5
:107E7000286869683B0003F0F5FB264B2C4A060096
:107E80000B40934295D82B4A934213D901262A4F8F
:107E900076420023099386E00122144204D02A6826
:107EA0006B6803F0DFFB0123099A64100132099229
:107EB0000835D0E7D4239B04CF18EAE7002CE8D09C
:107EC00064420F2322001A401C420AD0154BD200F4
:107ED0009B1830001A685B68390002F09FFF0600AB
:107EE0000F002411D5D01F2C28DD00230693079303
:107EF0000D9308932223059A002613600D9B0027FB
:107F0000002B00D063E750E51F4E0000E1C60008DB
:107F1000C48B02080000F07FD9C6000810C7000813
:107F2000B0C60008508C0208288C02080000B0FC83
:107F30000000A07C0000907CFFFFEF7F1023220058
:107F40001A4009921C4201D05A330993300039007B
:107F50000023C04D0122144204D02A686B6803F04C
:107F600081FB012364100835002CF3D1002B01D0D4
:107F700006000F00099B002B0DD06B237A00520DD9
:107F800039009B1A002B06DD1F2B5CDD0026342BED
:107F900052DDDC27BF040022002330003900F8F74F
:107FA00045FA0028A1D10D9B089A00931399069BCE
:107FB000059801F009FB0D90002800D1F9E60C9B13
:107FC0000799DB430E9ADB17521A14920C9A1499F4
:107FD000D21711400C9A14911A4000231A9206935A
:107FE00007930D9B0598596801F042FA0890002804
:107FF00000D1E3E60D9B0C3019001A690C310232F6
:108000009200FEF76CFC20AB01931FAB0093320093
:108010003B0005981096119701F01EFE1E90002857
:1080200000D1CBE60121059801F06AFB07900028FA
:108030000ED100230793C1E64B239A1A4C3B934081
:1080400019400F00A7E7012252429A401640A2E7CA
:108050001F9B1A9A149DD41A002B01DB1A9C5D19E0
:108060000999209A5B1A36219B188A1A7A490120AD
:108070008C460021013B15911690634506DA614656
:10808000C91A521A1F293FDC88401690AB180E936C
:10809000A418099B0E9A1C192B00954200DD1300B1
:1080A000A34200DD2300002B04DD0E9AE41AD21A4D
:1080B0000E92ED1A149B002B16DD1A0007990598F5
:1080C00001F0E0FB07900028B3D001001E9A05984C
:1080D00001F02EFB1390002800D16FE61E99059841
:1080E00001F00AFA139B1E930E9B002B12DC0C9BD3
:1080F000002B18DD1A9A0899059801F0C3FB089027
:10810000002810D1002358E65449CB1A01009940A9
:108110001591BAE70E9A1E99059801F00FFC1E9072
:108120000028E4D14AE6002C07DD220008990598D2
:1081300001F004FC08900028E4D0002D08DD2A009E
:108140000799059801F0FAFB0790002800D135E661
:10815000089A1E99059801F079FC0690002800D134
:108160002CE6C368079913930023C36001F052FC07
:1081700000283BDA139B334367D13B0365D1D622FA
:10818000374BD2043B4093425FD9069B5B69002B7F
:1081900003D1069B1B69012B57DD06990122059827
:1081A00001F0CCFB0799069001F034FC00284CDD6F
:1081B0002B4B099A3B40002A74D0D622D20493421A
:1081C00070D8DC229204934200D893E63000390044
:1081D000244B002203F046FA214B06000F000B420D
:1081E00000D0F4E52223059A1360F0E50E970028ED
:1081F00075D1139A3B031B0B002A39D01A4A9342BC
:1082000038D10121099B494232000800002B0BD0D4
:10821000D424134B08003B40E404A34204D86C3040
:108220001B0DC31A99400800824223D10F4B0E99AF
:10823000994202D1013200D1C0E5094B0E9A0026C5
:108240001A401300802252039F18099B002BBDD1B6
:10825000BDE5C046F08B020802FCFFFFE2FBFFFF1A
:108260000000F07F00005039FFFF0F00FFFFEF7F9D
:1082700033439DD0159B002B1CD00E9B159A1342A7
:10828000E3D0139B30003900099A002B16D0FFF77A
:1082900039FB02000B001098119902F027FA060032
:1082A0000F00D2E70126924A76429B18914A1A4360
:1082B0001700CAE7169B3342C7D0E2E7FFF722FB5D
:1082C00002000B001098119903F098FC0022002383
:1082D00006000F00F8F7AAF80028B6D00AE60799BA
:1082E000069801F019FD80230022DB0504000D0033
:1082F000F8F7ACF800286CD0139B002B77D1002E38
:1083000057D10E9B1B035AD10022200029007A4B23
:10831000F8F792F8002859D1200029000022774B65
:1083200003F0A0F904000D0080231B06EB180A944B
:108330000B930A9A0B9B16921793714A0E9B13404C
:108340001593159A6F4B9A4200D087E06E4A0E9BA8
:10835000944663441F003000190001F011FC0A9A92
:108360000B9B03F07FF932003B0002F0BFF9644A37
:10837000664B06000A409A4240D9119B644A9342D8
:1083800003D1109B013300D118E50126604F7642DE
:108390001E99059801F0B0F80899059801F0ACF81D
:1083A0000799059801F0A8F80699059801F0A4F836
:1083B00017E6012E03D10E9B002B00D19AE5002376
:1083C000544C4D4D0A930B940024B2E700244B4DBE
:1083D000AAE720002900494B002203F043F9139B30
:1083E00004000D00002B9FD00A940B95A1E70023F9
:1083F000414C25000A930B941C009AE7D4239B045C
:10840000CF18099B1097002BC2D13D4B159A3B40CA
:108410009A42BDD12000290002F04CF802F084F805
:1084200002000B002000290003F0E8FB3C03139B33
:10843000240B34430E900F91374A1C4352D0374BD4
:10844000F7F7FAFF002800D0C1E40E980F99344ADC
:108450002A4BF8F705F800289AD0B8E4099B002BBE
:108460002AD0D423159ADB049A4225D8200029006B
:108470002C4A2D4BF7F7EAFF002816D020002900E0
:1084800001F0FAFF002800D1013003F0CBFF139B6D
:1084900004000D00002B22D180231B06CB1818905E
:1084A0001993189A199B16921793D622179BD204E8
:1084B0009B18159A9B1A179310981199169E179F3F
:1084C00001F05EFB02000B003000390003F0CAF837
:1084D000109A119B02F00AF906000F0091E7189418
:1084E0001995DEE7114B0E980F99F7F7A5FFB2E744
:1084F0000000F0FFFFFF0F000000F03F0000E03F32
:108500000000F07F0000E07F0000B0FCFFFF9F7CD8
:10851000FFFFEF7F0000F0BF9535A094FFFFDF3F26
:1085200035E5AF350000C0FFFFFFDF41FFFFCF3F64
:1085300010B5024BFFF7FEF910BDC04690000020B9
:1085400070B505000C1E10D0043C2368002B00DA27
:10855000E418280000F07CFF1D4A1368002B05D1A9
:1085600063601460280000F07BFF70BDA34208D94F
:10857000206821188B42F3D119685B6809182160C3
:10858000EEE71A005B68002B01D0A342F9D911680D
:108590005018A0420BD1206809185018116083426E
:1085A000E0D118685B68411811605360DAE7A042B7
:1085B00002D90C232B60D5E7206821188B4203D108
:1085C00019685B680918216063605460CAE7C04697
:1085D000303C0020F0B585B017001E0003900191DB
:1085E000242B23D80C00012B20D03D4B08229C4685
:1085F000230061461D780134485D0100114010429E
:10860000F6D12D2D19D125789C1C01230093102221
:10861000330093431DD1302D15D1202123788B4376
:10862000582B10D165780234102612E0FDF73EFA7F
:1086300016230360002005B0F0BD00912B2DE6D17C
:1086400025789C1CE3E7002EEED10A36302D00D1B0
:10865000023E244A009B9446634431001800029372
:10866000F7F7E4FD0022844610002B00303B092B75
:1086700011D81D00AE421DDD531C09D0012252420B
:10868000844505D301D1A94211DB0122704328188A
:1086900025780134E9E72B00413B192B01D8373D00
:1086A000E8E72B00613B192B04D8573DE2E7012294
:1086B0005242EDE7531C08D12223039A029813601B
:1086C000002FB8D0631E019307E0009B002B00D061
:1086D0004042002FAFD0002AF4D1019B3B60AAE7B3
:1086E000198D0208FFFFFF7F10B5FFF773FF10BD64
:1086F0000200F0B5046985B014324B1116000293E4
:108700009C4231DD1F260F009B00A500D318374087
:1087100055190093019731420DD1160019008D4271
:1087200036D8009B0026033B9D4202D3029BE41AED
:10873000A600961918E02021019E019F891B009E2A
:10874000039102CE9446F940B54216D8009B00260C
:1087500001339D4203D3029BE41AA600043E9619FE
:108760003160002900D00436B11A891001619642A7
:1087700001D10023436105B0F0BD3768039B9F40E2
:108780000F43614680C18C46019B02CED940DBE796
:1087900080C980C6C3E70200303A0300092A02D824
:1087A000203BD8B270470200613A052A01D8473B06
:1087B000F7E71A00413A0020052AF3D8273BF0E7F3
:1087C000F0B589B007930B680192039006919A1C4B
:1087D00011000132501E00783028F9D0CB1A023B2C
:1087E00005930091FFF7D7FF00231D0002939842E5
:1087F0001ED10122A649009800F018FE0700A842E9
:1088000000D06AE0009B58785C1CFFF7C4FF01238E
:108810000293A8422FD00094009B1878302809D0EA
:10882000FFF7B9FF4242424101232500029205931E
:10883000009C04E0009B01330093EDE701342078B5
:10884000FFF7A9FF071EF9D101222000904900F08F
:10885000EDFD00280DD1002D06D101342500207832
:10886000FFF799FF002802D12D1BAF0003E0013470
:10887000F5E7002DF8D12022237826009343502BD2
:108880001DD163782B2B2DD02D2B2FD00023661CD0
:1088900004933078FFF77FFF431EDBB20500182BEF
:1088A0002AD87078FFF777FF431EDBB20136103D00
:1088B000182B1DD9049B002B00D06D427F19069BFD
:1088C0001E60029B002B19D0059B06265A4253417D
:1088D0005B421E40300009B0F0BD01230027009C20
:1088E0000293C8E700230493A61CD2E70123FAE70A
:1088F0000A235D432D18D4E72600E0E7009B029988
:10890000E31A013B072B0ADC039800F0B1FD051EBA
:1089100008D12A00E4215F4B5F4800F059FD013186
:108920005B10EFE7030014330293059300231E004E
:108930000493009BA34238D3059C029B40C4E41AD5
:10894000A41030002C6100F08BFE019B64011B68B9
:10895000261A00939E4252DDF61A3100280001F0DB
:1089600026FA041E0FD001241F212000731E194077
:10897000884001005A110298920012580A4202D00F
:10898000A34234DC022431002800FFF7B1FEBF19F6
:10899000019B9B68BB4242DA2900039800F0ACFDC2
:1089A00000230E9AA326136094E7013C23782E2B14
:1089B00012D0049B202B04D1059B40C300260593B5
:1089C00004962078FFF7E7FE0F231840049B984099
:1089D000043306430493ACE7009BA342E9D8012289
:1089E00020002B4900F022FD0028E2D1A1E7280059
:1089F000B11E01F0DCF90028C4D00324C3E7009BBA
:108A000000249E42C4DA9E1B29003200039800F025
:108A100095FF030014330500BF1B0293B8E7019BC9
:108A20005E68BE426FDD009BF61BB34236DC019BE5
:108A3000DB68022B24D0032B26D0012B17D1009BFF
:108A4000B34214D1012B0BD1019B079A5B686226BC
:108A500013600123029A2B6113600E9B1D6039E79E
:108A600000992800013901F0A2F90028ECD1290071
:108A7000039800F041FD00230E9A5026136029E769
:108A80000F9B002BF3D1DFE70F9B002BDCD1EEE730
:108A90009BC700088AC700089DC70008771E002CE6
:108AA0002FD1002F04D03900280001F080F90400F4
:108AB0001F237A111F401E3BBB400299920052585F
:108AC0001A4201D002231C43009B31009B1B02264B
:108AD00028000093FFF70CFE019B5F68002C3FD03D
:108AE000019BDB68022B10D0032B12D0012B06D187
:108AF000A20704D5029A126814431C420CD1102319
:108B00002DE00124D4E70126E8E701230F9A9B1A00
:108B10000F930F9B002BF2D02B69002002939B0038
:108B200004932B00049A143399181A68541C1CD00F
:108B300001321A602B001433022E3FD1019A0099A2
:108B40001268013A8A4209D10A001F20104001220E
:108B5000824049118900CB5813423DD120231E4346
:108B60000E9B1D60079B1F60B4E601C39942DCD8D1
:108B7000AB68029A9A4218DB69680398013100F0E9
:108B800077FC041E04D1220084211D4B1D48C4E63D
:108B900029002A690C31023292000C30FDF79FFE49
:108BA0002900039800F0A8FC25002B695A1C2A61B3
:108BB000012204339B00EB185A60BBE72A69029933
:108BC0008A420BDD01212800FFF792FD019B01374E
:108BD0009B68BB4200DADFE60126BFE71F22009C4C
:108BE000009914401142F7D0049A9B18043B18686E
:108BF00000F036FD20231B1B9842E3DBECE7C04668
:108C00008AC700089DC70008082370B520259A1A56
:108C10009200AD1A436804681E00AE40D34034434E
:108C20000460436004308842F4D370BD30B50368FB
:108C30000C780133002C02D10360012030BD1A787A
:108C40001500413D192D00D820320131A242EFD04C
:108C50000020F3E7F0B50B688BB0019201995A112F
:108C600092008A18029219001F2211400890069162
:108C7000134202D0029B04330293029B00251F1F64
:108C80003E003C00089B3D601B68079505930395DB
:108C9000059B01330993059B5B780493002B28D037
:108CA0000498FFF778FD002855D1049B202B19D894
:108CB000039B079A934212DDB44206D2072D04DCCF
:108CC0002A0031002000FFF79FFF019B08259C42EE
:108CD00005D9261F00253400039B35600793099BA7
:108CE0000593D5E7049B292B5AD1059B089A02339B
:108CF0001360039B002B53D0B44206D2072D04DC33
:108D00002A0031002000FFF77FFF019B9C4236D9EB
:108D10001A00230002CB02C29F42FBD2029B621CBC
:108D2000D91E0423914205D3029B043B1B1B9B08C5
:108D300001339B00019AD318002204C39F42FCD246
:108D40003B68002B04D1019B9F4227D101233B604C
:108D500005200BB0F0BD039B013501330393082DB3
:108D600006DD019B9C42BAD900230125043C236007
:108D70000F22236810401B0103432360AFE7069BCB
:108D8000002BDDD02023069A02999B1A0122524221
:108D9000DA4004390B6813400B60D1E7043FCFE79A
:108DA0000420D6E770B50400080011001A00002363
:108DB000054D2B60F8F71FF8431C03D12B68002BDF
:108DC00000D0236070BDC046E83A0020F0B58E6840
:108DD00085B01F000C000B6802900392BE4230D891
:108DE0000C21625E9021C9000A4228D0032021692B
:108DF0005B1A0193636943430198DD0FED187B1CF7
:108E00001B186D10AB4200D91D00520528D5290052
:108E1000029800F039FA061E2CD0019A2169FDF75C
:108E20005EFDA289184B1A4080231343A381019B46
:108E30002661F61826603E006561ED1AA560BE4207
:108E400000D93E0032000399206800F01DF900208F
:108E5000A3689B1BA36023689B19236005B0F0BD2A
:108E60002A00029801F00CF8061EE0D12169029850
:108E7000FFF766FB0C230120029A40421360A2898F
:108E800034331343A381E9E77FFBFFFFF0B5A1B0C3
:108E900003901D008B890F0016001B0611D50B696E
:108EA000002B0ED1402100F0EFF938603861002826
:108EB00005D10C23039A136001204042CFE04023E8
:108EC0007B61002308AC6361203363761033A376A3
:108ED000079535002B78002B01D0252B48D1AB1BF3
:108EE0000593B5420BD0320039000398FFF76EFFAF
:108EF000013000D1AEE06369059A9B1863612B785D
:108F0000002B00D1A6E0012200235242626004A996
:108F1000543252186E1C2360E360A3601370A36583
:108F2000544B0522180031780593FDF7CDFC751CD4
:108F300000281FD12268D30604D5532304A95B1847
:108F400020211970130704D5532304A95B182B2182
:108F5000197033782A2B16D0350000210A20E368D7
:108F60002A786E1C303A092A50D9002911D117E00D
:108F70000135AFE7059B2268C01A012383401343E4
:108F80002E002360CCE7079B191D1B680791002B5F
:108F900001DB0B9304E05B42E36002231343236095
:108FA0002B782E2B0CD16B782A2B34D1079B0235D2
:108FB0001A1D1B680792002B01DA01235B420993FB
:108FC0002D4E032230002978FDF77EFC002806D0C4
:108FD0004023801B83402268013513432360297896
:108FE000062226486E1C2176FDF76EFC002838D03C
:108FF000234B002B22D10722079B073393430833CF
:1090000007936369049A9B18636162E743433500E1
:1090100001219B18A4E700230A2019000135636091
:109020002A786E1C303A092A03D9002BC8D009913E
:10903000C6E74143350001238918F1E707AA0092EA
:1090400021003A000F4B0398FCF700FE0490049BAC
:109050000133D6D1BB890D985B0600D52CE721B032
:10906000F0BD07AA009221003A00064B0398FDF7D5
:10907000A7F8EBE706C800080CC8000810C80008ED
:109080004D5C0008CD8D000810B5884202D98B18C0
:10909000984208D300239A4207D0CC5CC4540133D1
:1090A000F9E78B5C8354013AFBD210BD0300081E24
:1090B00005D0FF2A04D98A2201201A604042704755
:1090C00001200A70FBE7704770477047F7B50C2224
:1090D0008B5E05000C001A0756D44A68002A02DC91
:1090E0000A6C002A4EDDE76A002F4BD00022802058
:1090F0002E682A601A004001216A0240034233D0E0
:10910000626DA3895B0706D56368D21A636B002B77
:1091100001D0236CD21A00232800E76A216AB847DD
:10912000A289431C06D129681D2946D8294BCB406A
:10913000DB0742D50023636023692360D20405D591
:10914000431C02D12B68002B00D16065616B2E603F
:10915000002917D023004433994202D02800FFF79A
:10916000EFF9002363630DE001232800B8470200F4
:10917000431CC6D12B68002BC3D01D2B01D0162B4E
:109180001AD12E6000201EE00E69002EFAD00F6862
:109190000E60BA1B019200229B0700D14A69A260AF
:1091A000019B002BEEDDA36A32001F002800019B0B
:1091B000216AB847002807DCA28940230120134315
:1091C0001BB2A3814042FEBD019B36181B1A0193BE
:1091D000E6E7C046010040200B6970B505000C00B1
:1091E000002B02D10025280070BD002804D0036A9E
:1091F000002B01D1FDF70CFC0C22A35E002BF1D05B
:10920000626ED20704D49B0502D4A06DFFF75CFF09
:1092100028002100FFF75AFF636E0500DB07E2D448
:10922000A3899B05DFD4A06DFFF74FFFDBE70000AC
:1092300010B5034B0100186800F026F810BDC046B9
:109240003400002070B50F4E0D0031680400002975
:1092500002D100F0FDFD30602900200000F0F8FD93
:10926000431C03D101256D42280070BD0323C51C9A
:109270009D43A842F8D0291A200000F0E9FD0130F2
:10928000F2D1EFE72C3C0020F7B50322CB1C93432F
:10929000083305001F000C2B34D20C27B94233D8F9
:1092A000280000F0D5F8374E33681C00002C2FD171
:1092B00039002800FFF7C6FF0400431C5FD1346863
:1092C0000094009B002B4AD1002C52D02368280028
:1092D000E3180099019300F0BBFD019B834248D144
:1092E00023682800FF1A3900FFF7ACFF013040D097
:1092F0002368DB19236033685A68002A33D1009B46
:10930000336019E0002BC9DA0C232B600020FEBD6E
:109310002168C91B20D40B290AD9E2192760A3426E
:1093200004D1326063681160536005E05A60F9E768
:109330006268A3420ED13260280000F091F820004C
:1093400007220B30231D9043C21A9842DFD01B1A0C
:10935000A350DCE75A60EFE723006468A6E7009CAF
:1093600063680093ADE71A005B68A342FBD100235A
:10937000DAE70C2328002B6000F072F8C6E70760DC
:10938000DAE7C046303C0020002370B5064D0400EB
:1093900008002B60F7F73CFD431C03D12B68002B22
:1093A00000D0236070BDC046E83A002082B000299A
:1093B00000D101A9101E06D0002B06D013780B6037
:1093C0001078431E984102B0704702204042FAE7ED
:1093D0007FB514001A00094B05001B680E00D86801
:1093E000074B002C01D1074B1C0007490193029445
:1093F0002B00009600F00AF800F014FF3400002063
:1094000017C80008B0C6000824C800080EB417B575
:10941000054C05AB04CB01002068019300F088FDEA
:109420001EBC08BC03B018473400002030B505004E
:10943000101E0BD00024013A2B5D085D834204D13D
:10944000944202D00134002BF6D1181A30BD00002E
:1094500010B50248FFF738FE10BDC046283C00207A
:1094600010B50248FFF731FE10BDC046283C002071
:1094700070B5C56906000C00002D0ED11020FFF755
:10948000D7FE021EF06104D16B21194B1948FFF77A
:109490009FFF456085600560C560F569EB68002B3E
:1094A00013D0F369A200DB689B181868002818D154
:1094B00001210D00A5406A1D3000920000F09AFCC9
:1094C00000280CD0446085600DE02122042130008A
:1094D00000F090FCF369E860DB68002BE1D100202C
:1094E00070BD02681A6000230361C360F8E7C046DC
:1094F0001AC7000853C8000870B5C66905000C00FB
:10950000002E0ED11020FFF793FE021EE86104D159
:109510008F21094B0948FFF75BFF466086600660B4
:10952000C660002C07D0EB696268DB6892009B186C
:109530001A6822601C6070BD1AC7000853C8000872
:10954000F7B50F0001900C001E0000200D691437C4
:109550003B68013099B251431B0C534389190E0CDF
:109560009B191E0C89B21B045B1808C78542EFDCEF
:10957000002E22D0A368AB4219DC6168019801314A
:10958000FFF776FF071E05D13A00BA210C4B0D48B4
:10959000FFF71EFF210022690C31023292000C30CD
:1095A000FDF79DF921000198FFF7A6FF3C002B1D58
:1095B0009B00E31801355E6025612000FEBDC046BA
:1095C0008AC7000853C80008F7B5070018000C0048
:1095D0000830092101931500F6F72CFE0123002124
:1095E00083420ADB3800FFF743FF011E08D10A005F
:1095F000194B1A48D331FFF7EBFE5B000131EFE75F
:10960000089B436101230361092D18DD2300093301
:109610001E000093641933780A223800303BFFF7AC
:109620008FFF01360100A642F5D12C00009B083CBB
:109630001C192E00019B9E4204DB0800FEBD09257B
:109640000A34F6E7631B9B5D0A223800303BFFF7C4
:1096500077FF01360100EDE78AC7000853C800080C
:109660008022030052020020934201D21B041030DA
:1096700080225204934201D208301B0280225205FC
:10968000934201D204301B018022D205934201D2C1
:1096900002309B00002B03DB0130134200D120205D
:1096A00070470368010007221800104013420DD0D4
:1096B000063A0020134205D10230034203D0D340C2
:1096C00010000B6070479B080B60FBE79AB2002A02
:1096D00001D110201B0CDAB2002A01D108301B0A7C
:1096E0001A0701D104301B099A0701D102309B08E7
:1096F000DA07E9D401305B08E6D12020E2E7000078
:1097000010B50C000121FFF7B3FE002807D1462158
:10971000054C0200054B2000FF31FFF759FE0123E5
:109720004461036110BDC04653C800088AC70008E1
:10973000F0B514000A6923690D0089B09A4202DB72
:1097400023000C001D0027692E696168BB19009376
:10975000A368BA19934200DA0131FFF789FE844603
:10976000002806D1B1216246444B45484900FFF725
:109770002FFE0200BB1914329B00D3180193002165
:1097800013000198834228D32300BF0014330493AD
:109790001435DB19B6000293AB1907930423059324
:1097A000230002991533994205D30C1B153CA408DC
:1097B0000134A3000593079B9D4210D3009B002B0F
:1097C00005DD019B043B01931B68002B52D06346CF
:1097D0006046009A1A6109B0F0BD02C3D1E72C6857
:1097E000A4B2002C1FD000231700049E039308CEC0
:1097F000396806936B461B8B88B263431B1803982A
:10980000090C1B180698000C60434018190C4118ED
:10981000080C9BB209041943029B039002C7B34290
:10982000E5D8059BD0502C68240C20D000211000D6
:109830001368049E03913168076889B261433F0C45
:10984000C919039F9BB2C9190F041F43076080CE3B
:1098500043683F0C67439BB2090CFB185B18190C5B
:10986000039102990430B142E5D80599535004356B
:109870000432A0E7009B013B00939FE78AC70008E2
:1098800053C80008F7B50323150007000E001A405F
:109890001D4208D02549013A920052580023310058
:1098A000FFF74EFE0600AD103DD0FC69002C0FD135
:1098B0001020FFF7BDFC021EF86105D1B4211C4B3E
:1098C0001C48FF31FFF784FD446084600460C4607D
:1098D000FB699C680193002C08D138001649FFF7FA
:1098E0000FFF019B040098600023036001231D42C9
:1098F0000AD0310022003800FFF71AFF3100019032
:109900003800FFF7F9FD019E6D100CD0206800288B
:1099100007D1220021003800FFF70AFF0023206052
:1099200003600400E2E73000FEBDC046188C020868
:109930001AC7000853C8000871020000F0B50C00F7
:1099400016002369571185B0FB180193013300936A
:109950004968A3680290009A934210DB0298FFF7CF
:1099600087FD0023010005001A00143198420CD134
:10997000EF212A00254B26484900FFF729FD013138
:109980005B00E8E798000A500133BB42FADBFB4377
:10999000DB171F40BF0023001F20C91937002269B1
:1099A000143392009A180740064229D00130C01B98
:1099B00003908C4600201E68BE400643604640C0AF
:1099C0008446039E01CBF0409A42F4D82600153617
:1099D0000423B24204D3131B153B9B0801339B00A5
:1099E000C850002802D0019B02330093009B0298CC
:1099F000013B21002B61FFF77FFD280005B0F0BD82
:109A000001CB01C19A42FBD8F0E7C0468AC70008E3
:109A100053C8000830B50B6904690200E01A9C4283
:109A20000FD114329B0014311400C918D218043A13
:109A3000043915680B689D4204D001209D4200D274
:109A4000023830BD9442F2D3FBE70000F0B50C00C1
:109A500087B00090110020001700FFF7DBFF051E04
:109A600010D101000098FFF703FD021E04D1404B06
:109A700040484149FFF7ACFC0123456103611000F8
:109A800007B0F0BD0026B04203DA23003C001F00FF
:109A9000013661680098FFF7EBFC021E03D1344BDE
:109AA00034483649E6E72369143400939B00E318F1
:109AB000210001943C0002933B6914349B00E3189D
:109AC00003930300C6608C4600201433049305936F
:109AD000634620CBA9B20E009C4608CC2D0C99B24F
:109AE000711A09181B0C0814EB1A1B18181489B2E8
:109AF0001B041943059B02C30593039BA342E7D8AC
:109B00003900039C153104238C4204D3E31B153B1D
:109B10009B0801339B000199CD1804992E00CB18A6
:109B20001F0002998E4211D3029CE91E00208C4234
:109B300004D321000331491B890888001B18043B0A
:109B40001968002910D0009B136198E7844602CE63
:109B500088B2604400140C0C04196144201489B2CA
:109B60002404214302C7DCE7009901390091E6E7AC
:109B70008AC7000853C800083702000045020000E9
:109B800010B500240C4B0D4A0B409B18A34206DC79
:109B90005B421A15132A05DC80231B0313411900AD
:109BA000200010BD143A01241E2A02DC8024240661
:109BB000D4400023F3E7C0460000F07F0000C0FC63
:109BC000F7B50600036914369B00F3181D1F2C68B7
:109BD0000F0020000193FFF743FD2022121A3A6084
:109BE00003001C4A0A2815DC0B212700091ACF4064
:109BF0003A438C4611000022AE4202D2019A083A42
:109C0000126815339C4063462700DA40174338003A
:109C100003B0F0BD0027AE4202D2019D083D2F687F
:109C20000B2149428C469C440B2B10D061462023CB
:109C30008C405B1A3900D9400C43224311000022AA
:109C4000B54201D9043D2A686446A740DDE72243B6
:109C50001100DCE70000F03FF7B5012116001F00FE
:109C6000FFF706FC041E05D12200254B2548264996
:109C7000FFF7AEFB3B037D001B0B6D0D02D0802276
:109C8000520313430193002E25D068460096FFF738
:109C900008FD019B009900281BD020221E00121AEB
:109CA00096403200C3400A4362610193019EA6615F
:109CB000731E9E4101362661002D14D03526134BAC
:109CC000ED18089B2D181D60099B361A1E60200098
:109CD000FEBD6161EAE701A8FFF7E3FC019B0126F5
:109CE00063612030E7E70A4BC018089B1860094BF6
:109CF000F3189B00E3185869FFF7B2FC7601E3E71D
:109D00008AC7000853C800080F030000CDFBFFFFFF
:109D1000CEFBFFFFFFFFFF3FF0B587B00F0004A9A8
:109D20000600FFF74DFF00900191009B019C380059
:109D300005A902930394FFF743FF0D0002000B00F7
:109D400030693969049E401A05994001711A411819
:109D50000805002908DD019941180391029803992B
:109D600001F05CF807B0F0BD2B1AF7E770B51400EE
:109D700005000139136949110131890014349B0030
:109D80004118E318A3420DD8140011340025A34252
:109D900003D39B1A113B9B089D000023401981426D
:109DA00003D870BD40CC40C5ECE708C0F7E702001F
:109DB000006910B514324B11984213DB0CDD1F24DF
:109DC00008002040214207D099008C582100C14052
:109DD000814001208C4204D19B00D318934203D8C8
:109DE000002010BD0300F7E7043B19680029F5D0F7
:109DF0000120F6E770B50B0C150C002B1ED1002DC1
:109E00000CD189B294B24C432100FFF73DFA051EF4
:109E10001BD022000021FCF757F916E02B1C0C1C6C
:109E200089B292B24A439BB2A1B25943140C0C19A5
:109E3000230C07D1240492B21443E5E7002D01D18D
:109E4000141CEDE70C2300250360280070BD000002
:109E5000002370B5064D040008002B60F6F7E4FF00
:109E6000431C03D12B68002B00D0236070BDC0467B
:109E7000E83A0020002001497047C0460000F87F02
:109E8000F7B506000C001500002905D11100FFF7F9
:109E9000FBF904002000FEBD002A03D1FEF750FBB1
:109EA0002C00F7E700F0F8F90700854202D84308D4
:109EB000AB42EFD329003000FFF7E6F9019000280C
:109EC00001D1019CE6E72A00BD4200D93A002100F9
:109ED0000198FCF704FD21003000FEF731FBF0E7AC
:109EE000936810B5013B9360002B04DA9469A34298
:109EF00007DB0A2905D01368581C10601970080088
:109F000010BD00F0E7F90100F9E7F8B506000F0011
:109F10001400D518AC4201D1002007E021783A00A6
:109F20003000FFF7DDFF0134431CF3D1F8BD000022
:109F3000F0B5A1B00F0015001E000390002804D05A
:109F4000036A002B01D1FCF763FD7B6EDB0705D4B0
:109F5000BB899B0502D4B86DFFF7B6F8BB891B0718
:109F600002D53B69002B13D13900039800F0FCF8AF
:109F700000280DD07B6EDB0703D50120404221B0C5
:109F8000F0BDBB899B05F8D4B86DFFF79EF8F4E7E8
:109F9000002308AC6361203363761033A376079601
:109FA0002E003378002B01D0252B48D1731B05934D
:109FB000AE420BD02A0039000398FFF7A6FF01300C
:109FC00000D1AEE06369059A9B1863613378002B7A
:109FD00000D1A6E0012200235242626004A954325B
:109FE0005218751C2360E360A3601370A365594B7E
:109FF0000522180029780593FCF766FC6E1C0028E2
:10A000001FD12268D30604D5532304A95B1820214D
:10A010001970130704D5532304A95B182B21197059
:10A020002B782A2B16D02E0000210A20E3683278E4
:10A03000751C303A092A50D9002911D117E0013690
:10A04000AFE7059B2268C01A012383401343350004
:10A050002360CCE7079B191D1B680791002B01DBD0
:10A060000B9304E05B42E3600223134323603378E5
:10A070002E2B0CD173782A2B34D1079B02361A1D54
:10A080001B680792002B01DA01235B420993324DD2
:10A09000032228003178FCF717FC002806D0402363
:10A0A000401B834022680136134323603178062227
:10A0B0002A48751C2176FCF707FC002840D0284B65
:10A0C000002B22D10722079B0733934308330793C2
:10A0D0006369049A9B18636162E743432E00012180
:10A0E0009B18A4E700230A20190001366360327828
:10A0F000751C303A092A03D9002BC8D00991C6E74C
:10A1000041432E0001238918F1E707AA009221009C
:10A110003A00144B0398FBF799FD0490049B01331C
:10A12000D6D17B6EDB0705D4BB899B0502D4B86D05
:10A13000FEF7CBFFBB895B0600D51EE70D981EE737
:10A1400007AA009221003A00064B0398FCF738F862
:10A15000E3E7C04606C800080CC8000810C800089D
:10A160004D5C00080B9F00082D4B70B5050018686A
:10A170000C00002804D0036A002B01D1FCF748FC36
:10A180000C22A35E1A0723D4DA0607D409222A6018
:10A19000402201201343A38140423AE05B0713D5DC
:10A1A000616B002908D023004433994202D0280073
:10A1B000FEF7C6F9002363632422A3899343A38196
:10A1C00000236360236923600823A2891343A381CA
:10A1D0002369002B0BD1A0218022A3898900920042
:10A1E0000B40934203D02100280000F0DFF80C223E
:10A1F000A35E01211A000A400B420BD00022A2608C
:10A2000062695242A26100202269824201D11A068B
:10A21000BED470BD990700D46269A260F3E7C0465E
:10A2200034000020062010B500F02CF80120F6F7CD
:10A23000CFFD70B504000D001F2904D9162303605B
:10A240000120404270BDC36B002B04D08A009B18D4
:10A250001A68002A08D1200000F038F82A0001000E
:10A26000200000F021F8EDE7012A09D0511C03D1AC
:10A27000162303600120E5E70021280019609047BC
:10A280000020DFE710B5034B01001868FFF7D1FF8E
:10A2900010BDC046340000200B1F1B68181F002B88
:10A2A00001DA0B58C0187047002370B5064D040042
:10A2B000080011002B60F6F783FD431C03D12B68C7
:10A2C000002B00D0236070BDE83A002010B5F6F7EF
:10A2D00075FD10BDF8B506000D001400002804D06F
:10A2E000036A002B01D1FCF793FBA369A360A38948
:10A2F0001B0702D52369002B09D121003000FFF78D
:10A3000033FF002803D001256D422800F8BD2369E2
:10A310002068EFB2C01A6369EDB2834205DC210008
:10A320003000FEF759FF0028EDD1A3680130013B52
:10A33000A36023685A1C22601F706369834204D0A3
:10A34000A389DB07E1D50A2DDFD121003000FEF71C
:10A3500043FF0028D9D0D6E770B50E001D000E23AC
:10A36000C95E140096B000290CDAB289802311006E
:10A3700019401A4214D18023DB0000202960236099
:10A3800016B070BD6A4600F053F80028EDDBF023EC
:10A3900001991B021940044BC9184B425941EAE785
:10A3A00000214023E9E7C04600E0FFFFF0B50226A8
:10A3B0008B8905000C0085B0334207D0230047335A
:10A3C000236023610123636105B0F0BD03AB02AAE2
:10A3D000FFF7C2FF029F019039002800FEF754FFEB
:10A3E000002808D10C22A35E9A05EDD403229343E2
:10A3F0001E43A681E2E78023A28920601343A38144
:10A40000039B20616761002B0CD028000E23E15EC6
:10A4100000F020F8002805D00323A2899A43023BCC
:10A420001343A381A389019A1343A381CCE70000BE
:10A43000002370B5064D0400080011002B60F6F7EC
:10A44000EAFC431C03D12B68002B00D0236070BDB5
:10A45000E83A0020002370B5064D040008002B6088
:10A46000F6F7DEFC431C03D12B68002B00D02360E1
:10A4700070BDC046E83A002070B500220C4B0400C5
:10A480000D00F5F7F7FF002804D12000290001F0A6
:10A490005FFF70BD064B00222000290001F0AEFBDB
:10A4A00001F056FF80231B069C466044F1E7C0463E
:10A4B0000000E04170B50022002304000D00F5F714
:10A4C000BBFF002808D12000290000F00FF802008F
:10A4D0000B001000190070BD80231B06E918200036
:10A4E00000F004F8002342428B41F2E770B50022ED
:10A4F0000B4B0D00040001F0B5F8FFF7BDFF06009F
:10A5000001F090FF0022074B01F0ACF802000B00B5
:10A510002000290001F072FBFFF7AEFF310070BD93
:10A520000000F03D0000F04170B50600080001F0A9
:10A530004BFF0022064B01F095F80D00040030009F
:10A5400001F070FF2B00220000F0D0F870BDC04673
:10A550000000F041F0B557464E464546DE46E0B5B0
:10A5600004000D009246994683B08B4230D82DD01E
:10A5700049465046F5F7C6FF290006002000F5F7CA
:10A58000C1FF331A9846203B34D49B4653465A4663
:10A59000934042461F00534693401E00AF423BD8B3
:10A5A000AF4200D179E05B46A41BBD41002B00DA2D
:10A5B00076E0002200230092019301235A46934043
:10A5C0000193012342469340009329E08242CFD970
:10A5D00000220023009201930C9B002B01D01C60F1
:10A5E0005D600098019903B0F0BCBB46B246A94635
:10A5F000A046F0BD42469B4620239B1A5246DA40B5
:10A60000414613004A468A40170042461F435346BC
:10A6100093401E00AF42C3D9002200230092019351
:10A620004346002BD8D0FB0772081A4346467B08E6
:10A630000EE0AB4201D1A2420CD8A41A9D410120E8
:10A6400024196D410021013E24184D41002E06D0F1
:10A65000AB42EED9013E24196D41002EF8D100988D
:10A6600001995B4600196941002B24DB2B005A46F7
:10A670004446D3402A00E2401C005B461500002BF4
:10A680002ADB26009E40330026004746BE403200AB
:10A69000801A9941009001919EE7A342BCD882E7BD
:10A6A0004246202300219B1A0022009101920122A0
:10A6B000DA40019285E7424620239B1A2A0046464B
:10A6C0009A402300F340444613432A00E2401C0012
:10A6D0005B461500002BD4DA42462F0020232600CB
:10A6E00097409B1ADE403B003343CDE7F0B5574619
:10A6F0004E46DE464546E0B50C0383B04E00640A84
:10A70000470FCD0F59000092019327431C034B0DB7
:10A710009A46009A019B640AD90F530F23439B4624
:10A72000009B760DDA0094465246B21A9146C0005C
:10A730008D4200D1C1E0002A00DC86E05246002AAA
:10A7400000D105E1BF4A964200D1ADE14A4601245D
:10A75000382A19DC80225B46120413439B464A4682
:10A760001F2A00DD0BE24B4620225C466146D21ACE
:10A770009440D9400C43614691400A00511E8A41E1
:10A7800014435A46DA40BF1A041BA042804140429B
:10A790003B1A984643461B0200D44DE143465B02F8
:10A7A0005B0A98464346002B00D127E14046F5F767
:10A7B0008BFE0300083B202227004146D01A994017
:10A7C000C7409C400F439E4200DDD3E1991B23000C
:10A7D0000131521ACB4094409846631E9C413B0085
:10A7E00093404246CF4022431400B84600261C4303
:10A7F000630709D00F232340042B05D0231DA34258
:10A80000A4416442A0441C0043461B0200D4CAE297
:10A810008C4A0136964200D1ECE043468A48034018
:10A82000180073055B0DE408420722434402240B21
:10A830001B052343ED072B431000190003B0F0BCA8
:10A84000BB46B246A946A046F0BD002A00D194E01E
:10A850005246921B9146002E00D07EE13A00024300
:10A8600000D1D7E14B465A1E012B00D152E2754C64
:10A87000A14500D115E20124382A13DC91464B464C
:10A880001F2B00DD16E220220500D21A3C00DD401D
:10A89000DF4090405B469440DB1B421E90419B464C
:10A8A0002C4304436246141BA44592415B4652422A
:10A8B0009B1A98460D0056466CE7002A00DCC7E05C
:10A8C0005246002A00D088E062465B461A4300D117
:10A8D000FAE04B465A1E012B00D1AFE15949894598
:10A8E00000D1E1E00124382A17DC91464B461F2BAA
:10A8F00000DDBFE12022D21A5B46934061461C0076
:10A900004B46D940634693401A000C43511E8A417E
:10A910004B4614435A46DA40BF18241884428041FB
:10A9200040428046B84443461B0200D484E0454B75
:10A9300001369E425ED04246434B01211A4013002D
:10A94000214062080A43DC075B08984614434FE73E
:10A9500062465B461A4300D1B6E04A464946013A90
:10A96000012900D17BE13749894500D19CE00124D0
:10A97000382A00DD08E79146F1E6344C721C224289
:10A9800000D0D3E03C0062465B4604431A43002EED
:10A9900000D044E1002C00D1CAE1002A00D17DE1C1
:10A9A0006346C61AB04292415B465242FC1AA41A50
:10A9B00080221204144200D112E263461C1A5B4644
:10A9C000D81BA4459B415B42C01A104200D11DE236
:10A9D0001D4B0D001840012325E71A4A964263D00B
:10A9E0004A460124382A98DC80225B46120413432D
:10A9F0009B467BE733000024002219E72000F5F78F
:10AA000063FD030018331F2B00DCD4E608388440B4
:10AA100027009E4200DDC4E09B1B591C1F2900DC5F
:10AA2000CCE11F3BDC40202905D040235B1A9F402E
:10AA30007B1E9F413C430026630700D0DAE6B14607
:10AA40000AE1C046FF070000FFFF7FFFFE0700008E
:10AA5000002A46D05246921B9146002E00D1A9E012
:10AA6000D34A924500D121E14B460124382B13DC17
:10AA70008022120417434B461F2B00DD84E1202265
:10AA80003C00D21A010090409440D940421E9041AF
:10AA9000DF400C430443BB4464446445924152424A
:10AAA00090465646D8443EE7C0087A070243FF085E
:10AAB0003B001343002B00D1A4E1802424033C433A
:10AAC0002403BB4B240BB3E6C008B94B7A070243FF
:10AAD000FF089945ECD04B463C035B05240B5B0D0E
:10AAE000A6E6B44A711C114276D13A000243002E08
:10AAF00000D0EEE0002A00D141E162465B461A43F5
:10AB000000D1CBE06346C218824280413B00404204
:10AB10005B441C18D308220200D46DE1A64A1440FD
:10AB2000620764021A43240B012381E66246841AF9
:10AB3000A04292415B4652429146FB1A1A004B4694
:10AB4000D21A130090461A0259D44246224300D02A
:10AB500028E60025002300246AE6954A924500D1A4
:10AB60009FE04B460124382B00DD9BE68022120437
:10AB7000174384E6F61A904B1F40B84638E659460C
:10AB80004B46203AD140202B06D04022D21A5B46B9
:10AB9000934062461A4394466446631E9C410C43AC
:10ABA000F2E5F31A9946844B1F4043467A071A434D
:10ABB000FF0890E73A00024300D1C6E04B465A1E18
:10ABC000012B00D102E17A4989456FD00124382A4E
:10ABD00000DD61E791464EE7754A914200D1F1E010
:10ABE0006346C218824280413B0040425B441B18CE
:10ABF000DC0752085B0898460E001443F8E56346EC
:10AC00001C1AA44592415B465242DB1B9B1A984694
:10AC10000D00C7E563460D005F46D80855E7002CD8
:10AC200000D096E0002A00D1E2E06246DF08D208B8
:10AC30005B071A433B000D0013433BE76346C41810
:10AC40003B00844280415B449846404280444346F6
:10AC50001B026BD4012399464746E00835E763465B
:10AC6000C41AA04280415B464042FB1A1B1A984618
:10AC700001268FE54A465B46203AD34019004B46F1
:10AC8000202B06D04022D21A5B46934062461A43DC
:10AC900094466446631E9C410C433EE6C3089846B6
:10ACA00083E763460D005F46D808FEE663465F46CD
:10ACB000D808FAE64A463D00203AD540202B03D07A
:10ACC0004022D21A97403843421E904104002C4340
:10ACD000E8E5002AEAD062465B461A4300D1E3E683
:10ACE0008022FE08C0087F0712033843164208D0AE
:10ACF000D908114205D16346D8085B460E005B07B0
:10AD000018433300420FC0005207C0080243370007
:10AD10001343CFE663461C1AA44592415B46524258
:10AD2000DB1B9B1A98460D00012633E5022602E63E
:10AD3000002A00D10DE76346D8085B465A075B023C
:10AD40001C0B0D000023024372E563465F46D808E2
:10AD5000BBE6002A00D1A7E68022FE08C0087F07D4
:10AD6000120338431642CCD0DC081442C9D16346E2
:10AD7000D8085B465B070D0026001843C1E7634611
:10AD8000DB0898465F4610E74A463900203AD14032
:10AD9000202B03D04022D21A97403843421E9041C4
:10ADA00004000C4378E6B1464746E0088DE6C0460D
:10ADB000FF070000FE070000FFFF7FFF20220024A6
:10ADC000521A0CE50B000024002231E53B006044E0
:10ADD000604592415B44984652420400904436E7F5
:10ADE0003200224300D1B4E6F30898462700DCE69F
:10ADF000802700253F0360E6620764021A43240BA4
:10AE0000002315E500220024034B11E54207E40866
:10AE10000D002243C7085EE6FF070000F0B5DE46DE
:10AE2000454657464E46E0B587B0009201930B0366
:10AE30001B0B9B46CA0F4B00040080465B0D029221
:10AE400000D189E08A4A934238D05946420FC9005E
:10AE50000A43802109041143C2009046854A89466D
:10AE600092469A44002300240393009E019F3B03D3
:10AE70001B0B9B467B0030005B0DFD0F002B00D1B0
:10AE80009EE07B4A934200D18CE05946720FC90084
:10AE90000A438021090411438B467649F2008C460F
:10AEA00051466344CB1A9A460021029E6E400F2CF5
:10AEB00000D9EFE0704BA4001B599F465A4602434D
:10AEC000914600D09DE09A460223904608240393C1
:10AED000CBE72E00002200249046654B1B05234340
:10AEE000F60733434046190007B0F0BCBB46B246F4
:10AEF000A946A046F0BD0022002300249046EDE7BD
:10AF0000CB464246029D03990229E2D0032900D193
:10AF100043E22E000129EED0584B5344002B00DCB5
:10AF200093E1510700D04AE25946C90106D5594676
:10AF3000534B194080238B46DB00534451498B42CD
:10AF4000C8DC5946D208490711435A465B055402EA
:10AF50008846240B5B0DC1E75B460343994661D0ED
:10AF60005B46002B00D1C2E15846F5F7ADFA0B2342
:10AF70005B429C460200844466461D239B1B2600C0
:10AF800011005846DE400839884033000343994693
:10AF900023008B4098463C4B00249B1A9A46002382
:10AFA000039362E75A46009B1A43384B9C46E2449F
:10AFB000002A32D102231C43002302219B4674E75E
:10AFC0005A46009B1A4322D05B46002B00D1A0E1D9
:10AFD0005846F5F779FA020003000B3A1D27009E48
:10AFE000BA1A19005846D640083988403200024340
:10AFF0009346009A8A40264953448A4600219A443F
:10B0000053E79A460323D9460C2403932DE70123E3
:10B010001C43002301219B4647E703233200032101
:10B020001C4342E7002398469A46013304240393C5
:10B030001BE700238024984600260D4B24034DE790
:10B0400080244B462403234209D05B46234206D189
:10B050001C4324032E009046054B240B3EE780241E
:10B060004B4624031C432403029E014B240B35E76B
:10B07000FF07000001FCFFFF1C8E0208FF03000019
:10B08000FFFFFFFEFE0700000DFCFFFF01F8FFFFC2
:10B09000F3030000CB4500D220E100D11BE10123E6
:10B0A0005B429C46444648460027E2445B46150EF8
:10B0B0001B021D43190C2B04120200951D0C914616
:10B0C00002910395F5F7B2F802006A430B04210CD4
:10B0D000804619438A420ED9009D0123AC465B424B
:10B0E00061449C46E0448D4205D88A4203D9AC466F
:10B0F000831E98466144881A0299F5F797F8039AD7
:10B10000240442430904240C03000C43A24206D940
:10B110000099013B8C466444A14200D80DE1A01A7D
:10B12000424612041A4393464B4659461B0C1D00D7
:10B1300004930B0449460904090C0C001B0C5C43E6
:10B14000120C6B43884651436A43250CAC465B188E
:10B150006344994203D9802149028C466244190C08
:10B1600024041B04240C8A181C19904200D29EE06F
:10B1700000D199E03C1BA742BF41009D801A7F424D
:10B18000C01B854200D10CE10299F5F74FF8039AF4
:10B190000B044243210C070019438A4208D9AC46EC
:10B1A0006144013F8D4203D88A4201D9871E614420
:10B1B000881A0299F5F73AF8039A240442430904DD
:10B1C000240C03000C43A24209D90099013B8C4690
:10B1D0006444A14203D8A24201D9831E644441467B
:10B1E000A41A3A041A43049D13041B0C59434746FE
:10B1F0006B439C46100C47430B0CBC4463446843B0
:10B200009F4203D980256D02AC4660441F0C09049F
:10B210001B04090C3F185B18BC4206D302D0012363
:10B220001A4379E6002B00D176E60098511E844639
:10B230006444844200D2A8E0BC4200D2D6E000D1EF
:10B24000E0E00A00EBE7012252420121C91A382945
:10B2500000DD50E61F2976DD1F204042C31A584604
:10B26000D8400300202904D05846694951448840F9
:10B270000243511E8A411A4307231900002411403A
:10B2800013420CD00F231340042B00D1BEE0111D3C
:10B2900091429B410A005B4259075B021C0BD2089A
:10B2A0000A439046002319E6A74200D362E75B46B3
:10B2B000009D013B4F4405934F459B41AC465B428B
:10B2C0006344C018854233D2824200D981E07DD0E8
:10B2D000059B9B464EE7424500D9E0E64B46DC071E
:10B2E000580843465B081C434346DF07DEE6F5F794
:10B2F000EBF815239C4684440200634620321C2B45
:10B3000000DC39E62300083883409946002398463C
:10B3100041E6F5F7D9F802000300153220331C2A64
:10B3200000DC5BE600990838814000228B4662E62B
:10B330008542CDD1B945CBD8C6E7A24200D8EEE6CA
:10B34000831E6444EBE633481400504482405B465D
:10B3500017008340CC407A1E974123433B431A0099
:10B360005B46CB40510709D00F211140042905D07D
:10B37000111D9142924152429B180A0019028BD52D
:10B380000022012300249046A8E50A00BC4200D018
:10B3900045E74B4500D042E7BEE580245B462403E9
:10B3A00056E61D4B1D4A5344924500DA4BE70121F6
:10B3B00049420A1D8A42894149428B44B4E50F2122
:10B3C0001140042900D1AFE51100F2E7BC4200D8DA
:10B3D0007EE702235B429C4600994F444F459B41C8
:10B3E000E3448C465B426344C018C3E64946009D73
:10B3F000480048458941AC46494261448146023A89
:10B400006418C3E79945F1D30A00C2E7002343E774
:10B410003E0400001E040000FF03000002FCFFFFCA
:10B42000F0B55746DE464E464546E0B50D000400F1
:10B43000E80F83460903D80F090B824619488C464A
:10B440001F0369005E00490D3F0B760D814218D045
:10B4500086420FD00120B1420DD1BC450BD19442A0
:10B4600009D1D3451CD0002905D160462043431E95
:10B47000984100E00120F0BCBB46B246A946A04678
:10B48000F0BD01208E42F6D1614639430F001743CB
:10B490002743F0D15B465246981A431E9841EAE78B
:10B4A0000020E8E7FF070000F0B557464E46454646
:10B4B000DE46E0B50D000E034900490D8A46DF0F58
:10B4C000E90FBC4683B02F4F04008046019158001D
:10B4D00019039146360B090B400DBA451DD0B842F1
:10B4E0000DD05746002F2AD13443002824D10A43D7
:10B4F00036D0002C41D163465800013815E0114385
:10B5000038D15346002B01D12643F4D0019B63452B
:10B5100007D1019B5800013807E026432AD1504546
:10B5200021D00120019B5F42384303B0F0BCBB46F1
:10B53000B246A946A046F0BD002CDCD0E6E70028C4
:10B54000EFD0019B6345ECD18245EADCE1DB8E4222
:10B55000E7D8DED1C845E4D80020C845E5D2D8E711
:10B56000002CE2D0DDE7114304D1019B6345D8D123
:10B570000020DAE702204042D7E7019B6345E6D08E
:10B58000CFE7C046FF070000F0B557464E46454698
:10B59000DE46E0B50D000E034900490D8A46DF0F77
:10B5A000E90FBC4683B02E4F04008046019158003D
:10B5B00019039146360B090B400DBA451ED0B8420F
:10B5C0000DD05746002F27D13443002833D10A43EA
:10B5D00034D0002C40D163465800013815E01143A7
:10B5E00012D15346002B01D12643F4D0019B634571
:10B5F0001DD00120019B5F42384306E0264303D162
:10B600005045F6D111431CD0022003B0F0BCBB461C
:10B61000B246A946A046F0BD0028EAD0019B63458A
:10B62000E7D18245E5DC02DB8E42E2D80ED0019BF9
:10B6300058000138E9E7002CCDD0D7E7002CE4D042
:10B64000D7E7019B00206345DFD0D2E7C845D0D8BB
:10B650000020C845D9D2EAE7019B6345E4D0C8E79A
:10B66000FF070000F0B557464E46DE464546E0B5BA
:10B6700089B0009201930B031B0B9A46CA0F4B0033
:10B68000040091465B0D00D1BCE1D84A934200D141
:10B690004AE15146420FC9000A438021090411437F
:10B6A000C2009046D24A8A469C1800230025039384
:10B6B000009E019F3B031B0B9B46FA0F7B00300053
:10B6C0005B0D049200D16FE1C84A934200D153E16F
:10B6D0005946720FC9000A43802109041143C44A24
:10B6E0008B46944600216344F0001B195C1C0A2D14
:10B6F00000DD26E14E46049A5640F2B20092022D39
:10B7000000DCA8E10122AA40A6271500FF003A406C
:10B710003D4200D013E19027BF003D4200D016E229
:10B7200088222A4200D0EFE1414642460904090C32
:10B730000D00170C020C0004000C4543AC4605003C
:10B7400016007D43A8460D007E4303920496320006
:10B75000039E75436646360CB14645444D44A845A4
:10B7600005D91600802252029046464404962E0CBB
:10B77000059666463604360CB4462D046544069597
:10B780005D462D0CA9465D460E002D042D0C6E4322
:10B79000B4462E007E43B3464E4671435944884614
:10B7A0006146090C414477438B4503D980225202FC
:10B7B000904647440E0CB0463E0046440796664607
:10B7C0003704059E3F0CB4460904C9198C446646EB
:10B7D00005965646360CB446564637043F0C3E0096
:10B7E0004643B04666464643B24646466046360C39
:10B7F000B346039A50437A4352445A44924503D97C
:10B8000080267602B2465044160CB2468244404628
:10B81000120490460004000C3A004E4680446046F4
:10B820006A4377434543704384467819170C3F18A1
:10B83000BD4203D9802040028146CC44059D049836
:10B84000A946079E484488428941B14612043D04F6
:10B85000120CAA184A44494255184044A94640458A
:10B86000AD41C8466D42AB46B242924189458941DD
:10B87000D044C344494252420A43AB45AD41D0454E
:10B8800089416D4249420D4359463F0CD219521924
:10B8900062445202C90D069D11438A464102294362
:10B8A0004D1EA941C00D0843594649020843804630
:10B8B000D20100D473E101224308024013435246EF
:10B8C000D2071343984653465B089A46009B994615
:10B8D000484BE318002B00DCE5E0424652070AD053
:10B8E0000F2241460A40042A05D0043141459241C5
:10B8F0008846524292445246D20106D552463E4BA9
:10B900001A4080239246DB00E3183C4A934200DD54
:10B910009DE04246D108524652070A4351465B0514
:10B920004C02240B5B0D19E052460243904600D0B6
:10B93000B3E01C000223924608250393B8E6009B5F
:10B940009946039B022B00D181E0032B00D1F5E047
:10B95000039B012BBCD100230024002210004A4687
:10B960001B052343D2071343190009B0F0BCBB46A3
:10B97000B246A946A046F0BD5B46009E1E431B4B47
:10B98000E318002E00D181E003224E461543049AAD
:10B990005640F2B2009280221201944664440A2D6D
:10B9A00000DDB7E00321ADE65B46009A134365D0A6
:10B9B0005B46002B00D1E2E05846F4F785FD02001B
:10B9C00003000B3A1D27009EBA1A19005846D640AC
:10B9D0000839884032000243009893468840084A5C
:10B9E000E31A94460021634480E6C046FF07000046
:10B9F00001FCFFFFFF030000FFFFFFFEFE0700004A
:10BA00000DFCFFFF53460343984630D05346002BAE
:10BA100000D1A2E05046F4F757FD0B235B429C4651
:10BA20000200844466461D239B1B260011005046DD
:10BA3000DE4008398840330003439A4623008B4098
:10BA400098460023694C0025A41A039330E600248D
:10BA50000022674B82E7013D012D00D964E6009B7F
:10BA600099460229F3D0DA468046039170E7002315
:10BA70009A46013304250024039319E6002201337A
:10BA80001D4393462300002001212FE60222154387
:10BA9000002200209346022128E61C000323804652
:10BAA0000C25039304E60121C91A382900DD52E769
:10BAB0001F2978DD1F225242D31A5246DA40130062
:10BAC000202907D04B4A4146944652466444A2403E
:10BAD000114388464246511E8A411A4307231900E2
:10BAE0000024114013420BD00F231340042B7BD0B2
:10BAF000131D9342A4411A00644261076402240B9F
:10BB0000D20800230A4329E7049BDA469946804677
:10BB1000039116E70F2D0DD18024534624032342B1
:10BB20000CD05B46234209D11C43049B020099467A
:10BB30002F4B13E7049BDA469946804680245346F0
:10BB400024031C4324034246294B240B06E700230D
:10BB5000802499462403264B00E7F4F7B5FC15230F
:10BB60009C4684440200634620321C2B00DC59E7CB
:10BB7000002398462300083883409A4661E7F4F78B
:10BB8000A3FC02000300153220331C2A00DC19E755
:10BB900002000099083A914000208B461FE7009A66
:10BBA0001C00914694E6144B52469C46434664441E
:10BBB000A240CB401A434346A340581E83415446FB
:10BBC0001A43CC40530709D00F231340042B05D050
:10BBD000131D934292415242A4181A0023028CD59D
:10BBE000012300240022B9E6002486E70DFCFFFFB4
:10BBF000FF0700003E0400001E040000F0B5574699
:10BC00004E464546DE46E0B583B0009001910E03F6
:10BC10004D00CC0F710A009E5F00760F0E43009915
:10BC200000920193C80019037B0D9A46B446009E0A
:10BC3000019FFB0F9946CA4A4B0A710F1943F30043
:10BC4000834698461F006D0D924500D1C4E0012344
:10BC50004E465E405346B146EB1AB44200D17AE0FC
:10BC6000002B00DC24E35646002E00D1D4E09542A0
:10BC700000D164E10126382B16DC80221204114326
:10BC80001F2B00DDD6E120220E004746D21ADF40EE
:10BC900096403E4347469740D9403A006346571E78
:10BCA000BA415B1A9C461643861BB04280416346EC
:10BCB00040421F1A3B0200D438E17F027F0A002F66
:10BCC00000D114E13800F4F7FFFB0300083B20210A
:10BCD0003000CA1AD0409F4002009E403A439D4225
:10BCE00000DD7AE1581B0130091A37008E40C74049
:10BCF000731E9E411300C2408B403E430025170037
:10BD00001E43730709D00F233340042B05D0331D86
:10BD1000B342B6417642BF191E003B0200D49AE2FC
:10BD20008F4A6B1C934200D106E18E4D5B053D406E
:10BD30005B0D6A07F6086D0232432D0B1B052B4382
:10BD4000E40723431000190003B0F0BCBB46B24621
:10BD5000A946A046F0BD002B00DCC4E25646002EEA
:10BD600000D0BAE046460E4300D1EAE05E1EB1467E
:10BD7000012B00D1AAE1934200D1E0E04B4601261D
:10BD8000382B11DC1F2B00DDB5E120220E004746C9
:10BD9000D21A9640DF403E43474697403A00D9408A
:10BDA000571EBA418C4416433618864280414042A1
:10BDB000604407003B0200D4B8E0694B01359D4266
:10BDC00000D1B8E00121674B72081F4031400A439F
:10BDD000FE0716437F0894E7634BEA1843460B437C
:10BDE0002CD04C4530D0002A5DD0002D00D1F8E099
:10BDF00043464C468C46D80863465A070243D90846
:10BE00000B001343002B00D147E280252D030D4387
:10BE10002D03534B2D0B91E746460E4300D190E086
:10BE20005E1EB146012B00D15CE1934200D186E059
:10BE30004B460126382B00DD36E721E74E4601232D
:10BE40005E40B1464C45CED1002A00D190E0002D95
:10BE500000D004E153466246024300D1C8E15A1EB5
:10BE6000012B00D1FFE13E4DAB4200D1F7E00123B1
:10BE7000382A10DC1F2A00DDDCE120250600AD1A7F
:10BE80006346A840AB40D640451EA8413343034318
:10BE90006046D040091843444345924152421E0037
:10BEA0005546571886E7314A6B1C134200D082E092
:10BEB000424663460A430343002D00D0F5E0002BC1
:10BEC00000D16AE1002A00D075E10023C70862466C
:10BED000614652073A43C9083DE095422FD00126FA
:10BEE000382B00DD60E78022120411434AE730005E
:10BEF000F4F7EAFA030018331F2B00DCE7E6320000
:10BF0000083882409D4200DDA4E05B1B581C1F28BE
:10BF100000DCA4E116001F3BDE40202805D04023B2
:10BF20001B1A9A40531E9A4116430025730700D0EE
:10BF3000E9E62B00D3E02B0000250022FEE6C00836
:10BF40005AE7C00862466146520702430448C908DE
:10BF5000834200D154E709035B050D0B5B0DEDE651
:10BF6000FF070000FFFF7FFF01F8FFFFFE07000053
:10BF7000CC4A6B1C134276D163460343002D00D09C
:10BF8000DDE0002B00D150E14346C7080B439ED0B3
:10BF90004346C31883428041614440420D18DB0888
:10BFA0002A0200D473E1C04A15406A076D021A43A1
:10BFB0002D0B0123C2E64346C61A63465F1AB04200
:10BFC0009B415B42FF1A3B025ED432003A4300D0F1
:10BFD00075E6002400230025B0E6B34FED1A1740A4
:10BFE0008FE65346624602435AD05A1E012B00D1B7
:10BFF000C8E0AE4CA34200D1FAE64C460126382AEE
:10C0000010DC1F2A00DD89E020239B1A050066460C
:10C0100098409E40431E98416346D540D3402E43EE
:10C020000643C91A43469E1BB045924152425546AB
:10C030008F1A3FE61A000E00203AD640202B05D07A
:10C040004022D31A994043460B431F007B1E9F4159
:10C050003E4329E69449EB1A0A40944637E74346A3
:10C060008C46D808C8E6914A934200D164E742461C
:10C07000821882428041614440420918CE0752082A
:10C080001D0016434F083CE643461E1A6346B04562
:10C090009241C91A01244B4652428F1A1C400EE6A7
:10C0A00042464C468C46D0084CE7002B00D0A3E01B
:10C0B000002A00D1E7E043464A07DB081A43130091
:10C0C00001244846C9080B4304409BE6C619864232
:10C0D0008041614440420F183B0251D40123BC46C9
:10C0E000F0082FE7C61B6346B0428041591A404210
:10C0F00001250F1ADEE51A000E00203AD640B1469F
:10C10000202B05D04022D31A994043460B431F00F1
:10C110003E00731E9E414B461E4345E61300654696
:10C12000203BDD40202A05D0402366469B1A9E40D6
:10C130000643B3465E46731E9E412E4372E7002BB4
:10C140008DD043460B4300D1F9E66246C008520742
:10C15000634610438022DB081203134207D0CD0848
:10C16000154204D14346D8082B0049070843420F23
:10C17000C0005207C0080243190013000B4341E6F8
:10C1800002251FE643461E1AB045924163465242BD
:10C19000C91A4C4601258F1A8CE5002A00D118E7F0
:10C1A00043464A07DB0801241A434B4649021C4018
:10C1B0000D0B0023C2E54346C71A63465D1AB84219
:10C1C0009B415B42ED1A80231B041D4253D0424623
:10C1D000161A62468D1AB045924152420124AD1A98
:10C1E0004A4614401D4278D02F4B1D400123A0E544
:10C1F00042468C46D008A5E6002A00D19FE662465A
:10C20000C0085207634610438022DB081203134222
:10C21000ADD0CD081542AAD143460124D8084B46DB
:10C2200049071C4008432B00A1E743468C46DF0822
:10C2300000234CE613006546203BDD40202A05D054
:10C24000402366469B1A9E400643B3465B465A1EF1
:10C2500093412B431FE62B00BC46F00872E62021D9
:10C260000026091A46E54044404592416144524245
:10C2700006008F1830E73A002A4300D1A9E60023D0
:10C28000AC46FF0823E6802100240903BDE56A07C8
:10C290006D021A432D0B002350E500220025034BAD
:10C2A0004CE5C046FE070000FFFF7FFFFF070000D0
:10C2B000002B00D1F7E553465A1B1300002D00D187
:10C2C00090E6382A06DC802364461B041C43A446FF
:10C2D000340096E634000126A4E66A07F608002337
:10C2E0003243E90837E6002B00D141E653465A1B9A
:10C2F000002D01D11300AEE50123382A00DDCAE587
:10C30000802365461B041D43AC46B3E5F0B5C64625
:10C310001E03360BB0460D4E0C034D005F0000B5FA
:10C32000240B6D0D7F0DB5420BD0084900208F42C4
:10C3300004D1464616433000431E984180BCB8469F
:10C34000F0BD04430120002CF8D1EEE7FF07000008
:10C350000B00020070B5164D0C0382B0490000209E
:10C3600000920193240B490DDE0FA94204DD114810
:10C37000814203DD104BF01802B070BD80204003F5
:10C3800020430E4C641A1F2C08DD0D4B5B1AD8405D
:10C3900003005842002EEFD11800EDE7094B009A38
:10C3A0009C46030061448B40E2401343F1E7C046E2
:10C3B000FE0300001D040000FFFFFF7F33040000A8
:10C3C00013040000EDFBFFFF70B5002816D0C31763
:10C3D000C5185D40C40F2800F4F776F8104B1B1AFF
:10C3E0005B055B0D0A2814DC02002E001532964016
:10C3F0000B22121AD5402D032D0B03E0002400233D
:10C40000002500261B052B43E407234330001900B9
:10C4100070BD0B3885402D0300262D0BF2E7C0467A
:10C420001E04000010B5041E10D0F4F74DF80E4B9A
:10C430001B1A5B055B0D0A280FDC0B222100121A68
:10C44000D14015300A038440120B01E00023002282
:10C450001B0513432000190010BD22000B38824039
:10C4600012030024120BF3E71E040000F0B54B008A
:10C470000F035B0D3C4C450F83B07F0A5E1C2F43BE
:10C4800000900191CA0FC50026420BD037495C18B5
:10C49000FE2C13DDFF200023C0051843D2071043F4
:10C4A00003B0F0BD3D43002B01D10020F4E7002D87
:10C4B000F0D08023DB03FF203B43EDE7002C14DDAD
:10C4C000009BFF009B01581E8341690F3B430B43B8
:10C4D000590746D00F21194004292AD004335901A5
:10C4E00027D501340023E0B2D6E72100173124DB41
:10C4F00080211E2009043943001B1F2820DD02264D
:10C500007642341B0E00E6403400202804D0184840
:10C510008446634499400D432B00591E8B412343AD
:10C5200059071AD00F2100241940042901D00024F2
:10C5300004339B015B0AE0B2AEE700200023ABE7C7
:10C540000C4C1C192B00A540C340A140681E85411E
:10C5500029430B4300245907BCD19B0100205B0AEF
:10C560009AE7DB08E0B297E7FE07000080FCFFFFD8
:10C57000A2FCFFFF82FCFFFFF8B5C046F8BC08BC78
:10C580009E467047F8B5C046F8BC08BC9E4670474A
:10C59000392C00340200C130850078000E140311DC
:10C5A0000731C148080F0C31360F626F6F746C6F22
:10C5B000616465720073746172746564206465629D
:10C5C00075672074782068616E646C65720D0A006E
:10C5D000646562756720737461636B207370616357
:10C5E0006520256C640D0A00646562756752785396
:10C5F000656D6170686F7265006465627567547817
:10C6000053656D6170686F7265006465627567542B
:10C6100078517565756500746F75636873637265CD
:10C62000656E5461736B0073637265656E537069F8
:10C63000446F6E654576656E740064656275675219
:10C64000785461736B0064656275675478546173E4
:10C650006B006D61696E5461736B00253032642F1D
:10C66000253032642F2530326420253032643A255B
:10C670003032643A253032642E25303264005465FD
:10C680007374210D0A005465737420746F756368A8
:10C69000210D0A00646973706C6179517565756567
:10C6A0000023001000860048005500088227000182
:10C6B000000F312B0C0E084EF1370710030E090046
:10C6C000880049444C4500546D725100546D7220ED
:10C6D00053766300494E4600696E66004E414E0037
:10C6E0006E616E00300030313233343536373839D0
:10C6F00041424344454600303132333435363738D1
:10C70000396162636465660065256C6400496E6624
:10C71000696E697479004E614E005245454E542051
:10C720006D616C6C6F6320737563636565646564CC
:10C73000002F646174612F6A656E6B696E732F7769
:10C740006F726B73706163652F474E552D746F6FF9
:10C750006C636861696E2F61726D2D31332F737256
:10C76000632F6E65776C69622D63796777696E2FC9
:10C770006E65776C69622F6C6962632F7374646C89
:10C7800069622F64746F612E630042616C6C6F6329
:10C7900020737563636565646564002E002F6461B2
:10C7A00074612F6A656E6B696E732F776F726B732E
:10C7B000706163652F474E552D746F6F6C636861B0
:10C7C000696E2F61726D2D31332F7372632F6E6519
:10C7D000776C69622D63796777696E2F6E65776C08
:10C7E00069622F6C6962632F7374646C69622F676E
:10C7F00064746F612D6765746865782E630043000B
:10C80000504F53495800232D302B2000686C4C00AA
:10C81000656667454647002C2066756E6374696FD0
:10C820006E3A2000617373657274696F6E20222501
:10C830007322206661696C65643A2066696C6520C4
:10C84000222573222C206C696E65202564257325B2
:10C85000730A002F646174612F6A656E6B696E7371
:10C860002F776F726B73706163652F474E552D7410
:10C870006F6F6C636861696E2F61726D2D31332F3C
:10C880007372632F6E65776C69622D637967776960
:10C890006E2F6E65776C69622F6C6962632F73749B
:10C8A000646C69622F6D707265632E630000000016
:10C8B000E8C50008000000000000000000000000C3
:10C8C000F9C50008000000000000000000000000A2
:10C8D0000AC6000800000000000000000000000080
:10C8E000000000000000000017C600080000000063
:10C8F0000000000000000000000000000008000030
:10C9000008000000000000000000000027C600082A
:10C910000000000000000000000000003AC600080F
:10C920000000000000000000000000000000000007
:10C9300000040000080000000000000000000000EB
:10C9400046C60008000000000000000000000000D3
:10C9500000000000000400000800000000000000CB
:10C960000000000052C600080000000000000000A7
:10C97000000000000000000000100000180000008F
:10C980000000000000000000030406080C1018203E
:10C99000300000000001020304000000000000005D
:10C9A00000010203040607080900000094C60008FD
:10C9B0000000000000000000000000000000000077
:10C9C00000000000630B630B6B0B6AEB6B2B632B9C
:10C9D0006B2B6B2B6B2B6B2B6B2B6B2B6B2C6B2BA6
:10C9E000634C6B2B6B4C736C6BCB7C4B84AB8D4B68
:10C9F0009DAC9E4CA70CBFCCD7ECDFCDE7CDEFECC8
:10CA0000F7CCF7CBF7CBF7EAFFCAF7CBFFCCFFCBDE
:10CA1000FFCBFFCBF7EBF7ECEFECE7CCE7ECE7CCA9
:10CA2000EFCBEFCCE793C73DBEFFBEDFBEFFBEDF5F
:10CA3000A65F85FE755C64B94C194BBD4B9D7C3E71
:10CA400094FF8D5FA5BFADDFA5FFAE1FB63FADFF65
:10CA50008D3F745E6C1C5BD953564B1652F76317AF
:10CA60005B3753154AF44AD342B142735298739DCF
:10CA700063DD639C845EAD9F74FD4B7DADBFCEFFD7
:10CA8000CF1FD73FCF1FAE5E7CF953B76C1B83FA25
:10CA9000B53DBDDF9D7E84BA7CB884768C97849545
:10CAA0007C337C1283F47BF373D373F47C148C7427
:10CAB00084136B3662FCA53EB67FBE9FBEBFA63F09
:10CAC000A5BFA5FF7D392A0B312E39F421B23118CB
:10CAD0007B5D9D5F951FBE1FCF1FC73F8E5E6BFDA9
:10CAE000741C53BB84BE639E84BF53DE3A9A6BDED4
:10CAF000749F4B7B42BB533D4AFC4B1D5B3E9D3FAD
:10CB0000B63FB69FB6BF8D9F8CBF8D1F7CBF8D3F3C
:10CB10007CDE6C1E84BF7C9E9D7FB6DE8D5C84981F
:10CB200063B7637C6BDE7CBF743E8D3FB5BFCEFFC9
:10CB3000BEDFCEBFAE9F9E1E847CB5DFD73FE77FB2
:10CB40009E7B5BAE5ACA62CA62CA5AAA5AAA5A895C
:10CB50005A6A5A695A695A6A5A68526952895249D4
:10CB6000524952285228422842484A28420842073D
:10CB70004A084207420741E749C741C739C739C692
:10CB800041C639C639A639A63186398631863185FE
:10CB900031653184314529652945214429242924D9
:10CBA00021242103632B630C6B0B630B6B0C6B2B2E
:10CBB000632B6B2B6B2C6B2B6B2C6B2C6B2C6B2CC8
:10CBC000632C6B4C632C6BAC740B84AC954AA5EA5C
:10CBD000B66BC72BD7ABDFCBDFEBE7CCE7CDEFEC0A
:10CBE000F7EBFFCAFFEAFFEAFFCBF7CBFFCCFFEB87
:10CBF000FFCBF7CCF7CDEFCEE7CED7CDCFCDC7ADBE
:10CC0000C74CB70CA690A67AA69FAE9FB6BFC6BF6C
:10CC1000B6BFAE5F9DDF851F7CBE647E5BFD3B586B
:10CC200053BB743E84BF8D1F955F957F9D7F9D7F15
:10CC3000953F7C9F5BFA53775B365B1652D442522A
:10CC4000429263545B535AF34A904A4F42503A32ED
:10CC50004A57635A639B6B9BAD5E959E543C847DA3
:10CC6000BDFFD71FCF1FBEBFBE7F95DC84DC6C59D4
:10CC700063567BB883FC9CDE94FC9CDA94FAAD5A34
:10CC80009D198C958434841384947C74743383F359
:10CC9000841373926AF462D98C9EB63FB65FB65F16
:10CCA000AE5F84FE9D7F8D7C3A8F312D42133231F1
:10CCB00018F162BB7C9F8CDFADDFBE9FC71FAEFF4C
:10CCC0007DBE5C3D849F74BE535D7C9E53BC3ABB6D
:10CCD000531D63FD431B4B9E5BBE435C4ADC5B5EA6
:10CCE00094FFADFFB63FAE3F84FF747E5C1F847F30
:10CCF0007CFF6C5E747E7CBF84DFBE3FC75F9E7E20
:10CD00005C585B585B1B637E6C5F7C7E953FBE5FAF
:10CD1000BEDFB63FC69FB67F9E1E9D1ECEBFCF3FD5
:10CD2000C71F9E7B5BCD5AEA62EA5ACA62CA5AAAF8
:10CD300052A95A8962895A695A6952895269524973
:10CD4000524852484A484A484A284A484A2849E7E5
:10CD50004A0742084207420741E741C739E739E637
:10CD600039E739C639A739A631A539A639863186BA
:10CD700031852965316529653145294429442924AE
:10CD800021242124634A630B6B0B630B72EC732B1E
:10CD90006B0B6B2C632C6B0B6B2C6B2B6B4C6B4CE6
:10CDA0006B4C732C6BAC7C4C850C95CBA68AB70A6C
:10CDB000C78AD7CBE7CCDFCCE7ECEFCCF7CCF7CA10
:10CDC000FFCBFFCAFFEAFFCBFFEBFFCBFFEBFFCCB4
:10CDD000FFCCFFECF7CEEFCFDFD0CFCEAF8D9ECC28
:10CDE0008E4C85EC6DAE7D958D9E8DDFA63FB67F1A
:10CDF000C69FAE7FA61F9D9F749E645C7C3E7C3E5A
:10CE0000743C63FC6BDD6BFE849F84BF8CFF8D1FC5
:10CE10007C9E741C6C5A63F853B54AF242704A7196
:10CE200052B1527052916AF5531352F14AF0324D99
:10CE300029EC41B049B44A564AD99CFEB65F85BD3B
:10CE40004BFA7C1CA55EBE1FBE9FB65FB61F95BE8B
:10CE50008D5B74776BF663988C9D847C73F88C7A09
:10CE60008CBC9CFD94B88414847684347BF17BD292
:10CE700083F17BB16B506B746B5A8C7EAE1F95DF68
:10CE80009DBF959F84FF741E743D4B7429CE4A74D8
:10CE900029D1317352BB747E7C3F951FADFFC6BF55
:10CEA000BEFFA6BF7D3E6C9E641E42DA639C2A983C
:10CEB0003ABB325953BE539E4B1C4B1C42DC42DCE6
:10CEC0004AFD9CDEBE9FBEFFA65F74FE6C3E5B3ECD
:10CED000747F6C1E84DF7C7E84DF9D7FC69FC75F6E
:10CEE000A67F6C9A6B5B52FC637E5BFE7C9EA5BF4B
:10CEF000C6BFBE9FB65FBE7FB69F8DDEBDBFD71FCC
:10CF0000CF3FC73FA69A5B8C6B8D9CF5538C5AAA7A
:10CF10005AAA628A5A895A8A52895289528952492E
:10CF2000526952494A4852684A484A284A28422780
:10CF3000520842074A07420741E741E741E741C635
:10CF400039C639C639C739A639A6398631863185F9
:10CF5000318531653185316431452945294529249B
:10CF6000292421246B0B6B2B632B6B2B630C6B0B1A
:10CF70006AEB6B2B6B2B6B4C632B730B732B6B2C38
:10CF80006B4B73AC7C6B8D6B9E4AAEEAC76ACFAAC3
:10CF9000D7CADFCBEFECEFEDEFECF7CCF7CBFFEA46
:10CFA000FFEBFFEAFFEAFFCBFFCBFFCBFFECF7CCB9
:10CFB000FFCCF7CCF7EEEFD0DFF1D7CFB74F9E6FB6
:10CFC0007DCF754E650F64B16CB974BE8D9FADBFDA
:10CFD000AE1FB63FAE3FADDF84FF641C63D963DA9A
:10CFE0006BBA7C1D741E73FC5BDB63FC7C3E8CDFC8
:10CFF0008CFD853A64B863F873F9743963B542CE31
:10D0000031EB31CB39CB422F52D35AF44AF363334D
:10D010004AF13A4D29CB52F263F984DCA55EBE3F5A
:10D02000C69FAE3E6D1B745C9D7FBE7FC6BFA63F94
:10D03000A5FF9DDE853C7438843794BBA59E7C9A01
:10D04000947C94DD94DE8CDA7C167C1573D37B9013
:10D050007B91734F62CE62ED62EF5A967B5B9CBE12
:10D06000A5DF959F84DE7C7E6BFC6BFB43174AD665
:10D07000537832B231B449FA6B9D6BBF847FA5BF40
:10D08000ADFFB69FAE9F859F645E4BBD3A984B1B2C
:10D090003AFB437B2A17429C5B9D3AB94B3D4B3C84
:10D0A00042DB31F9A55ED77FCF7FA69F853E433C0B
:10D0B0008CFE5BFC7C5E63DD73BD94BFA59FCEDF01
:10D0C000C73FA6DF6CDD5B7C4B3A535C5BBE8CBF1D
:10D0D000B5FFBE7FBE7FC67FB67FBEBF955FD6BFA2
:10D0E000CF3FCF5FCF5F75556B4EA49BAE5C53CEE9
:10D0F0005ACA5AAA5AAA5AAA5A89528952895269AC
:10D100005289524952484A68524852484A4852281D
:10D110004A284A284A2742074207420741E749C7A7
:10D1200041C741E741C739C639A639A63986318595
:10D13000398631853185316531652965296529440F
:10D1400029442144730A6B0B6B0B6B2B6B0C6B0B21
:10D150006B0B6B2B6B2B6B2B732C6B2C6B4C6B2C13
:10D1600073AB848C9DEDBF0FCFAED7CED7CDD7CDCF
:10D17000D7CDDFEDE7CDEFCDF7CDF7CCF7CBFFCBBC
:10D18000FFCBFFCAFFEBFFEBFFCCFFCCFFCCF7ECF4
:10D19000FFCDF7CDEFEEE7D0D7D2D7D1CF519E70EC
:10D1A00085B085317D1174B264B57CFD84FE8D5FE0
:10D1B0009D9FADDFADFFADDF953F6C7E6C5B6C5B23
:10D1C0006C7B6459643A645B643B5BF963BB639B4F
:10D1D00073FBAD5C9D3D6C595BD663D66BB87C5AD6
:10D1E0005BB4328C422A3A2A422E5A92425039EE8D
:10D1F00042104A5042514AB36B39A55FBE7FA67EAA
:10D200008D5E9D1EB63FBE9FB65FBEBFC6DFB6BF7A
:10D21000B69FB6BF9E1F8D7E8D3C7C798C5C8C5DED
:10D22000843B7C5A7C9D8CBD955D845773F67B92C4
:10D2300073906B3163505ACE5A6A4A0B6314743937
:10D240006BDE7BFE84BE9D7F7CFE84FD63F7321126
:10D2500041F563BB4B773A9621554A3973FF7C3FC2
:10D26000953FA5BFB67FAE9F8DFF6CFE5BFD3B3942
:10D270005B3D52DA63FB2A7829D54A9C4B1C3A5A0B
:10D28000429A4BBB4239C5DFDF7FCF7FA67F855EE9
:10D29000533A7C9D63FC5BBC743B63DDAD7FB5BFE3
:10D2A000CEFFC75FAEFF7D3E53FC5B7963DD5BDD88
:10D2B0008CFFADFFB63FB61FBE5FB63FA65FA57F32
:10D2C000D71FCF3FC73FAEBD5C517BF9CE5FA6BC39
:10D2D000640F5AAA628A5AAA5AA962895A895A8933
:10D2E0005269526952495A495268526852284A480A
:10D2F00052484A28422742284A0841E74207420743
:10D3000041E741E741C739C641A639A639A631A64A
:10D310003986318631853185316531652965294404
:10D3200029442944632B630B6B2B632B6B0B6B2BF7
:10D330006B2B6B2B732B6B0B6B4B6B4B6B2B6B4BF5
:10D3400073AC94EDBE4FE731EFD1EFF1E7D1E7CF0A
:10D35000EFCEEFEEEFCFF7CEF7ECFFCBFFCCFFCB6E
:10D36000FFCBFFCBFFCBFFEBFFCBFFEBFFCCFFCD2A
:10D37000F7CEF7EEF7D0EFD0D7D1BFD1CF729E5016
:10D380008DB185538D128CD6ADDEB65FA61F8DBFD5
:10D39000957F9D9F9D9FA5BF8D1F749D7CDEA59F42
:10D3A000B67FB69FB6BFAE9F963E7D7B5C99643BD1
:10D3B00063D873D96B9973FBA55D8D3B749873D853
:10D3C0008C3C74596B9252ED52CE52704AD23A6EE6
:10D3D00029CB29AA196A218E31D231D5629A949E1D
:10D3E000C63FB69FB67FAE9FAE3EAE1F9D9FC69F07
:10D3F000C71FBEDFB69FA65F9DFF8D3E6C7C5B980E
:10D400007BDC84BB843B8C9DA59F84FC8C9B7C58DF
:10D4100063725AAF63345B1252CF3A0A62D4A59F4B
:10D42000BEDF965F649D5B5C8CBE9D5F851E64194C
:10D430003A7031734A575B7B433B3AD739B9535EF5
:10D44000635E849F957FAE3FAE9F961F7D3F53FDE9
:10D4500042D83A5739F8535C539A29B439F842FB09
:10D46000539B4ABB5BFC427BB57ED77FCF7FA67FB9
:10D470006CDD5AFA9D9E6418849B6C9D8CDEA59F82
:10D48000B5BFCF1FC71FAEBF755E7C9D6C5C6C7D4A
:10D49000641E8D1FA5BFB63FADFFAE1FB63F95DF23
:10D4A000BE1FCF1FC71FC6FFAEDD7D1BAE1FD71F20
:10D4B0009E5C63CF5AAA5AAB5AAA5AAA62895A8961
:10D4C00052695A69528952695269524852494A68A6
:10D4D00052484A284A284A084A084A084A074A0736
:10D4E00041E741E741E739C641C639C639C631A6E9
:10D4F00031A63985318531853185316529652945E3
:10D5000029652924630B630B6B0B6B2B6B0C6B2B4B
:10D510006B2B6B2B6B2B730B6B4A6B2B6B2C6B6C12
:10D5200073CC844C9D4DB64FD770EFD1EFD0F7EF51
:10D53000F7CDF7CDF7CDF7CDF7ECFFCBFFCBFFCB9A
:10D54000FFCBFFEBFFEBFFECFFEBFFEBFFCCFFEDC7
:10D55000FFCDF7F0EFD2E7D2DFD2BFB2CF719E702E
:10D56000A6129D758D367C9684DCB5DFCEBFC6DFF6
:10D57000A69FA63F9DDF95BF9D5F951F84FF955F8A
:10D58000ADBFB5FFC69FCEFFCF1FC73FBF1FAE9F2A
:10D59000961D7D3B53F753776B797C3C94DD7C5A29
:10D5A0006BB583B98C7B6BF452AE4A2F5A935B14E4
:10D5B0005B5553725B92535143304B1132712A5475
:10D5C000631C94DFB61FD71FD71FBEFFAE7F8D5FD2
:10D5D000ADBFCEDFD71FC71FB6DFAE7F9DBF645C78
:10D5E00042D96B7A849C6BDA8CBE847D8C5C6B97A1
:10D5F000741874155B7452F0422F4A2F5233741D05
:10D600009D1FB67FBF1F9E5F6CBD5B5B741E5BFC86
:10D61000645B5C5832D4525842DA42994B5A42DB2E
:10D62000427C531E7C1F9D7FA5DFAE5F961F7D3F12
:10D6300053BC42D83AF931F83A5842F9433929D71C
:10D640004A99537D3A9B537D3A9CA4BECF1FB71F86
:10D65000961F7D3D6BDB955D8CDDB6FF855E953F4E
:10D66000A53FB5BFC6FFBEFFAEDF7D3EA57E8D3EAA
:10D67000649D6C5E8CDEA5BFA5BFADDF95BFB61FF8
:10D68000A5BFD6FFC71FC6FFC6DFB6BFBEBFCEDF72
:10D69000CF1F8DDB5BAD628A5AAA52C95AA95AAA1A
:10D6A0005A89528952695A49526952484A484A48E5
:10D6B00052484A484A284A284A284A074A074A07F5
:10D6C00041E741E741E741E739C739C639C639C6BD
:10D6D00039A6398631A53185318531852965316590
:10D6E00029642945632B630B730B632B6B2B632B13
:10D6F0006B2B630B6B2B7B0C732A6B4B6B4C6B4B49
:10D700006B8B73CB7C4C8D2CA64DC76DD7CDE7CDE5
:10D71000EFEDF7ECF7CCFFCCFFCCFFEBFFCBFFEA54
:10D72000FFCBFFEBFFEBFFCBFFEBFFCCFFCBFFED26
:10D73000FFCCFFCEF7F1E7F4CFD5A776BF34AE73B9
:10D740009E1295528D3594F98CDC7CFF9D7FBE3FF7
:10D75000CEDFBEFFB6BFA65FA5DF955F8D1F84DF5E
:10D760007C9E84FF9D5FA59FBE3FCEBFCF1FCF3F56
:10D77000C71FC6FFAEDE859C54574B554AF683DB68
:10D78000947C5B7563158C7C7C78532F4A6D526F4B
:10D790005AB15AB352B26B7473B77C386C186BB60B
:10D7A00073D75B7973DCA51EB61FBE9FC6FFC6FF8D
:10D7B0009DFF9D5ECE9FCF1FCF3FC73FB6BFA65FE9
:10D7C0007D1D6C3ABE3F955D63997BFB6B5A6BDBAD
:10D7D00063D973D763B76B966B9553114A315B1A54
:10D7E00073BE8CBFB5FFC6FFBF1F9E1F6CBB52FA36
:10D7F00063BC63BB5BFC5B3B42D942B739F65B5D04
:10D80000431B32195B3D6B9F8CDF9D9F9DBF8D9F9E
:10D810006C9E435B4AFA3A763A794ADB4B1A32B845
:10D82000327531D842BA32BB3ADC3A7C93FDC6FF3E
:10D83000BF1FAE5F8D7D849C8D5EC65FBF1F7CDE8B
:10D840006C3EA51FB5BFC6FFBEFFA69F8CFEC6BF20
:10D8500095FE6C5B7C7FA5BF8D5F957F9DBF8D3FE7
:10D86000AE1FC65FCEFFBE9FBE9FCEFFCF5FCF1F56
:10D87000D73FB6FFAE5B5B8D5AC95AAA5AC95AAA9E
:10D880005A8A5A895A8952695248524852484A48D3
:10D8900052284A4852484A284A284A274A084227D2
:10D8A0003A0742073A0739E741E741C639C739C65F
:10D8B00039A639863986398631A631A52985298444
:10D8C00031653165630B632B6B0B632B6B2B6B2B00
:10D8D000730B6B2C6B6B6B2B6B4C6B2B6B2C6B4C2C
:10D8E0006B8C738B73EC7C8C9D8CBEEBD7CCDFCDBB
:10D8F000E7CDEFECF7ECFFCCFFCCFFEBFFCAFFEB83
:10D90000FFCAFFCBFFEBFFCBFFCCFFECFFCCFFCD83
:10D91000FFEDFFCDFFEFEFF2D7D5BF78B6FAB67ABD
:10D92000A618A59485328494843B745D84DF955F4A
:10D93000A5DFBE7FC6DFBEDFB69FAE5FA5BF8D3F52
:10D940007CDE747D847E84BF8CFF9D3FADBFBE3F77
:10D95000CEBFCF1FC71FBEFFAEBF95DD649742D2BB
:10D960005AB66BDB5BB64B52845A8C976B304A8B42
:10D970004A8D528F424D427052D3429231AF49F09C
:10D9800052725A9462F55AD783DCB63FC6BF9DBF28
:10D990009D9F8D5F7C1EB5DFC69FC6FFCF1FC71F33
:10D9A000B67F95DF8CBD945B7C5A73DA6BF86B970E
:10D9B00073386B1773D873B65B7552F45AB342352C
:10D9C0005B1C637E849FA57FB65FC6FFAEDF8DDEE6
:10D9D0005C5B5B9C533B5B7C3AB94A9B539A31F747
:10D9E00031F842BB42FC39DA5ADE743F84DF84FFEF
:10D9F0007CFF645F3B1C42FB3A993A984B3B63FDCA
:10DA00004B7A2A56327829B752FB3ABA42DD7B9ECE
:10DA1000C6BFAEDF9DFF95BF84BD9D1EBEDFA69F26
:10DA200074DF951F9D1FB63FBEDFB6BF95DF9D5FBC
:10DA3000BEFF95DE743D8CFF957F7CDF7CBF957FBC
:10DA400094FE9D9FBE9FB67FB67FBE5FCF1FC6DF91
:10DA5000D73FC71FC6BF853662EB5AAA5AA95AA933
:10DA60005AAA5A8952895AA9528952695A494A6806
:10DA700052484A494A484A2852284A284A274A28A6
:10DA8000420742074A0749E739E741C741C639C655
:10DA900039C739C639C639A631A639A531853165A8
:10DAA000296531656B2A630B6B0B6B2B6B2B6B2B17
:10DAB0006B2B6B0C6B4B632C6B4C6B4C6B2C734B51
:10DAC00073EB7C2C846B84CB8D2BAE0BD76BEFCDA3
:10DAD000F7CDF7CCF7CCFFCCFFECFFEBFFCAFFCACA
:10DAE000FFCAFFEAFFEBF7CDEFCEF7EEF7CFFFD09F
:10DAF000FFCDFFCCFFEDF7F0DFD3D776AEDABE9BDC
:10DB0000B63EA5BB8D568C9464146C1A745E849FCB
:10DB1000851F957FA5DFBE7FC6DFBEDFAE3FA5BFF9
:10DB20008D1E74BD6C5C741C73FE8C7F84DF94FF4F
:10DB3000953FADFFBE7FC6DFBEBFB67FAE1F957DF2
:10DB40005C1642F3631763D66BB463145AF17370B7
:10DB500052EC5AEF530E4ACE42B04AD2531363707E
:10DB60005B90530E428D526E523272F9AD5FCEDF32
:10DB7000B69F7CFF541F4ADE949EBE5FBE7FC6DF09
:10DB8000C6FFAE9F9DFF749B6376743B63976BF9F2
:10DB90006B9873D77BB65AF352D252B45A924A72E8
:10DBA0003A7442585B1D73DE9CFFAE1FBE7FBEFF02
:10DBB000A67F7D3E537A4B5A531B42FA3A38431B99
:10DBC0003B1A2A763A5A3A7932194A5C5B7E6C1FC4
:10DBD0006C5F641F4BBE3ADA3A783ADA42B942795E
:10DBE000537D4AFB3AF932B82A364298427A3ADCF7
:10DBF000733DB65FA63F84DE645D84BFA51EC71F6C
:10DC0000A67F8D3F8CDF953FB61FB69FAE7F7CDF32
:10DC1000BDDFC71F7D3E745E84BF7C9E84DF7C7E3B
:10DC20007CDEADBFADFFAE3FB63FA5BFC6BFBEFFFA
:10DC3000C6DFD73FB6DFAE5D6C2F62EB6B8C5ACA86
:10DC40005AA95A8A528A5A6952A95A6952685A6913
:10DC500052485248524852484A48522852284A2765
:10DC6000422742274A0749E741E739E741E639E6D3
:10DC700039E639C639C639C639A531A63186318566
:10DC8000316531656B2A632B6B0B732B6B0B6B2B25
:10DC9000632B6B2C6B2C6B0C6B4B634C734C738B2F
:10DCA0007BEB8C6B9CEBA52CA5CB9E4BAF0BD7ECE9
:10DCB000F7ECFFCCFFCBFFCCFFECFFCBFFCAFFEABA
:10DCC000FFEAFFCAFFCAFFCBE7CDC7D1C7D6CFD780
:10DCD000E7F5F7D2FFCFF7CFF7CFE7D3CF38C69925
:10DCE000A5FBA59D951D94DA7C997438743C745DF0
:10DCF00084BF94FF953F9D9FB61FBEBFBE9FA61FCA
:10DD000095BF84FF749E6BFB73FB6399533B6BBDA4
:10DD10007C5F8CBF8D1F9D7FA5BFA5DFADDFADDF15
:10DD20007CFE747B63B653156BB56B735B126B1221
:10DD300073D363936393531042AF428F422F5A9130
:10DD400083F684145B0F5A8D4A0C42105236839D21
:10DD5000B59FB63F6C7F531C31FA6B3DA57FAE1F5C
:10DD6000ADFFB63FB63F9D7F7C7C5B576BB963B818
:10DD70006BF86BF76BB563555B334B13529131EE18
:10DD800031AF52D74A775A9A6BDE8C5FAD9FB63F60
:10DD9000B69FA69F857E53BB4B3A42573A973ABAF5
:10DDA000433A3AB93AD9325832583A9A29F94ABEDE
:10DDB000535E537F4AFB42FB42B93A77425742FBDC
:10DDC0003AD92A5863BC53DB32983AD73A36533A99
:10DDD0003A9A4ADD953F7CFF749F5BBE73FEADBFF0
:10DDE000BF1FAE9F9DDF8D3F951FAE3FA5FF8D7F6F
:10DDF00094DFD6FFBEFF855F847E747E7C5E63BD4C
:10DE00008D1F8CFFAE3FA63F9DDFA5DFADDEC71F98
:10DE1000B6BFDF3FC73FC6DF9DD96BAEB5DA6C50EA
:10DE200062AA5AAA5A89528952A95A6952894A69D8
:10DE30004A885A4952484A684A494A484A284A2818
:10DE40004A284A2842274A074207420741E741E752
:10DE500039C639C639C639C639A639A639A631A553
:10DE600031853165632A6B0B6B2C6B2C6B2B6B0B29
:10DE70006B2C6B0B6B2B6B2B6B4B6B4C73CB7C0C36
:10DE80007C2C7C8A8CEAADCBC6CBCF6CC7CDD7EDD2
:10DE9000EFCCF7EBFFCBFFCAFFCAFFCAFFEAFFE9EF
:10DEA000FFE9FFE9FFCAFFC9FFCAE7CEC7D6AFDB6C
:10DEB000B7BDBF7CD7B9EFD5F7D2DFD1CF35BE5ACA
:10DEC000A5DB955C8CDC8CBC84DC847A6418743AA9
:10DED000741D7C3D84BF8CFF9D5F9DBFADFFB61F51
:10DEE000ADFF9D9F851F643B5B995B575B595B79D9
:10DEF0004B195B3B6BDE7C3F7C9F849F849F8C9E99
:10DF00007C9E7C5D743A74375BB363337BD67BB5A0
:10DF100074157B947BD573F4635253105AEF5A8D6A
:10DF20004A4E6314737352AC4A0C4A0D42103A12B3
:10DF300052B86B3D5B7D5B3B429729D631797BBD07
:10DF4000951F953F953F849E7C7C641A63B66BB7A2
:10DF50006B356336739773D8537653355AD3424F24
:10DF600039ED312E41B34A964A79631D7C1F84BF37
:10DF70009D3FA5BFA63F8D3F747F5BDD435A329521
:10DF800029954B1A433B3A5942D932173A992A59A3
:10DF90003A7C42DD745D95BC53FA42D83A763A76C3
:10DFA0003AB73AD94319531A5C3D43794B7A4AF848
:10DFB0003AF932B93A7B637D637D539E535E5B1EB3
:10DFC000BE5FBF1FB6BFAE9F855E9D7F9DDF8D9FED
:10DFD0006C7F9CDEC6FFBF1F74DE8D1F847F643C98
:10DFE0006BDE847FB5FFB69FAE5F9D7F851FC6BF8A
:10DFF000B6FFD6BFDF5FC6DFA61D7CB6BDFEA67C22
:10E000005B4C5ACB5AAA5AAA52AA526952A952A98F
:10E010004A8852684A694A885288524852284A486F
:10E0200042284A4742474A074A074207420641E612
:10E0300041E741E639E639C639C539A639A6318501
:10E04000398539856B0B630B6B4B6B2C6B2B6B2BF7
:10E050006B2B6B2B6B2B6B4C634B73AB8C8C950CC2
:10E06000954C956B95CAAECBCFABE7CBEFCDEFED33
:10E07000F7CCF7CCFFCBFFCAFFE9FFC8FFC9FFE928
:10E08000FFC9FFC9FFC9FFE8FFE9FFEAEFCED7D616
:10E09000BF5DAEBFA69FAEBEC6BDCEBBC679A5BB9B
:10E0A0008D5C84BE747C747C7CBE84BD745A6BF8B9
:10E0B0006379639A63FD743E7CBF8D1F951F951F26
:10E0C000957F9D9F951F7C5F5BBC5B9A4B3742F5AC
:10E0D00042954AD652F9633B5B5B635D4B3C4B3ADE
:10E0E0004B19533973BA8C9C8CFC7C9A849863D4FA
:10E0F0006B9473748BF76B9373736B9363925B0F77
:10E100004A6D4A4E5A926B325AF14A8E3A0B31ECB2
:10E110004A3352363A56429753583AF429F1195233
:10E1200039B7633D6C1F6C1E643C63F95BD76BF6BB
:10E1300073D463745B1363345B344AB352F33A9021
:10E14000322D298B294B294E39B542BA4A9A6BBDDB
:10E150007C3F84BF9D5F957F8D1F7CBE537C541E8A
:10E16000437A427A42FB4B7C433B31F742BA3B3B1A
:10E1700032193A9B4A9C94DFBF1F9E7E545B42D863
:10E1800052F9323642BB4B7C531C5B7C5B7C5BDCC4
:10E190004B193A5742F93A3832384ADB4B1C52FC99
:10E1A0006B1EC6BFC71FC73FAE9F84DE953F853F2E
:10E1B0007CDF741EBE7FCF3FB6FF7C9E6BDE7C9EF5
:10E1C0006BBC745E849EBE5FA5FF853F959FB57F47
:10E1D000C6FFA65EC6BFBEDFB65F95BDB5BFC6DFD4
:10E1E0007D575AEA628A5AA95A8A5A895289528AAA
:10E1F000528A526852495A485268524852484A48CC
:10E200004A484A4842284A274A0742074A0741E6FD
:10E2100041E641E739E639C639C631A639A639A6FD
:10E22000318639856B0C630C6B2B6B0C634B632B4A
:10E230006B2C6B0C6B2B6B6C73EB8CAB9D6CADEC2C
:10E24000AE4CB6ABBF4BCFABDFEBE7CBEFEBF7CCD6
:10E25000FFCCFFCCFFCCFFCAFFC9FFE8FFC8FFC956
:10E26000FFC9FFC9FFE9FFC9FFE9F7C9F7CAEFED29
:10E27000C793AEDC961F85BF7D5F74FF6C9E6C7F7D
:10E28000749F6C9F6CBF74BF6C7E6C5E745C743AE0
:10E290005BD753755B766B7963BC6BDE73FE6C1F6B
:10E2A0007C9F84BF6C3F73FE5BBD42FA3A9642D5B9
:10E2B0004AF7531552F7531642F54AD752B73A95D3
:10E2C0003A9532553A12425363187C3C94DE74BD41
:10E2D00074BA53B45AF25B135B3252B05AB15AF16A
:10E2E000633253323A6E3A2D41CE52937374739423
:10E2F0004AB1318D31913A755B3A5BFA5BD84B3458
:10E300002A0D192E31544A795B3B5B375B756BF5EF
:10E310006B74635363545B546BB453935330428FA9
:10E320004B10316A292A318D325329B24216429A52
:10E330004ABB635D73DE849F84BF8CDFAE3FA67EE5
:10E340006CFC4BBB5B7D643D4BBD3B3B3236323896
:10E35000327A22172A3842BC94DFB67FB71F7DBEBF
:10E36000431932DA32983A1A429B5B5C42D9531C09
:10E3700053BB539B4B7A3A783AB84297429842B78C
:10E380003A5A83DEBEDFBEBFC6FFAEBF74BE955F26
:10E3900074DE6BDD9D1FC6DFC71FA65E749E7C9F6B
:10E3A000645E5B7C639D9D1FAE3F8D1F8CBF7C5F59
:10E3B000BE3FAE9FB61FBEBFBEBFAE3FB5FFC6DFFE
:10E3C000B6DE647162EA5ACA5AA95AAA52AA528A95
:10E3D0005A6A528952695269526952484A495248A6
:10E3E0004A684A484A484A474A274A284A07420749
:10E3F000420741E73A0641E641C639C639C639A661
:10E4000031A631A56AEC630B630B632C6B4C6B2C50
:10E410006B2B632C6B6C7C4B8D2CA5ECAE8BBECC2C
:10E42000BF6CCFCBD7CADFCCE7CCEFCBEFE9EFC9DE
:10E43000F7CAFFEAFFCBFFCAFFE9FFC8FFC8FFC862
:10E44000FFC8FFE8FFC9FFC9FFE9F7E9F7EAEFE90D
:10E45000F7EBDF90A6BA9E1F95DF7D5F5C5F53FFF1
:10E46000647F84FF8CFF84FF8D1F851F8D3E8CFE93
:10E4700084FD74BB6C3763D55B766399639B5B9C4F
:10E480005BBE639E539D5B9C535A535A43174AF697
:10E490004B15431442B642B45B1653364AD54292EA
:10E4A0005314531442F24A8F52D25B166BDB849E94
:10E4B000955F853E851C7CBA7CBA7C776BF55B7278
:10E4C00052F06B535B927BD45B714AD03A4F4A3225
:10E4D00052F75B974B3443133A334A965AF85B38FA
:10E4E00053334AD1428F322E319042114AB252F206
:10E4F0005B12635163735B935BB353314B114A906F
:10E500004AD2424F3A0C298B210E3A1442753A56A0
:10E5100041F64A5C42BC5B1D52FE533E737DB5FF23
:10E52000AEBFAEDF859D53DC5BDD535E4B5B21F4FC
:10E53000217632172A58329A5B7E8CBFADFFAEDF50
:10E54000965F545C42993AB94ABC3AB942DA3B3ACE
:10E550004ABA4B3B5BBD7CFD4B783A972A755B789A
:10E56000427639B994BFBEBFB6BFB67FAE9F7C5E60
:10E57000851F4B3B6B5DBE5FD73FB6FF95BE94FEDC
:10E58000957F6C9B7C9D741EA59F6BDD7CDF7C5F03
:10E5900094BEB67FA5BFAE3FAE1FB65FB61FD6DF37
:10E5A000C71F9E5C5BAD62CA5AAA5AAA5AAA5AA948
:10E5B0005A8952A95269528952694A695269526903
:10E5C0004A684A2842484A484A474A084A064A0787
:10E5D00042074206420741E639E739E539C639C6FE
:10E5E00039A631A66B0B730B632B6B0C630B732C6F
:10E5F0006B2B6B4C6BEB950BAE4CC6CBC74CCFACBF
:10E60000D7CCDFEBE7CAE7CBEFEBF7CBF7E9F7C9FE
:10E61000FFCAFFEAFFCAFFEAFFC8FFC8FFE8FFE83A
:10E62000FFE8FFC9FFC9FFC9FFE9F7C9F7EAEFE94A
:10E63000F7C9F7C9DF6FAEB89E1E8D9F74FF547F78
:10E64000749F7C9F74BF749F74BF8D1F955F9D5F87
:10E65000853F7CFF7CBE7C9E747C6C3853764B1867
:10E660005319431842F94AF94ABA52F952F75B185A
:10E670006BF884BA7CDB7D1B855A6C9953B864199E
:10E680005BD75B775C19641753B54B3552F653393A
:10E6900073FC8CBE8CFE8CFF8D1E749C743A743897
:10E6A000741763945B737B9583F6841763955B940F
:10E6B00052F341F35297637963594AF542933A32E0
:10E6C000425252B34A535AF252D052B05B1052CE19
:10E6D0004ACF530F52F163125333531153114AAFC0
:10E6E0003A2D39CB318C42303A923232314F295265
:10E6F000525742162A17425842593A791997419C63
:10E700008C9FBEDFBF1FAEFF85BD4B1B5B5B4BBB52
:10E710002AD7191229B629F73A3A5B3E7C3FA5DF82
:10E72000B69FAE9F6CDD3A99329731D83ABB431B06
:10E730003218431D52FC741D84FE5C1A2AB732162F
:10E740003A335B3639FBAD5FAE7FAE5FAE5F7D1EA9
:10E75000429D6CBE3A9894DEBE7FB69FAEDF6BBC26
:10E76000B63F9E5F749C743D8CDE641C94DE851EF7
:10E77000745EADDF957EA5BFA5BFADDFA5DFCEDFA3
:10E78000C6DFBEFF8599632A62AB62C95ACA62CAF4
:10E790005AAA5A895A895289526952694A694A68F9
:10E7A0004A6852484A484A484A4742274A274A073D
:10E7B00042074207420742073A0639E641C639C6D0
:10E7C00039A639A66B0B6B0C6B2B6B2B6B0B6B4C45
:10E7D0006B4B73EB84CB9DEBB6CBC76ADFCAE7EC20
:10E7E000DFCBE7CAEFC9E7CAE7C9F7C9F7C9FFC96D
:10E7F000FFE9FFEAFFE9FFE9FFC7FFC7FFC8FFE83E
:10E80000FFC9FFCAFFCAFFCAFFCAF7CAF7CAEFCAE1
:10E81000EFC9EFC8EF8ADECFAE368DBB855E651DD2
:10E82000647F6C1F741F6C1F645F745F84BF84DF20
:10E830007CDF84DF7CDF74BF645E73FC5BDA4B7764
:10E840004AD53AD5429442753A3331F33A53427439
:10E850005B37847DA57FBE5FC67FBE9FAE5FA63F50
:10E86000A61F95FE9E3FAE5FAEBFA69E9E1D751D68
:10E87000647C6C1C63FB743C7C7D6BFB7C7B74193F
:10E880007C396BF95B975B3463135AB25AF352D4F9
:10E890006B164AD442734A5241F34A5552B64A92D1
:10E8A0004A924A514250426F4A4E4A6E4A6E4A6FED
:10E8B0004AAF53904ACE4A8D4A6E4A6F4A6E422DF5
:10E8C0003A0C318A2969294B292C319042933234F0
:10E8D000323229713A5542763A353214431932D9D7
:10E8E0001918627DADBFCF1FC75FAF1F857C5B7CF2
:10E8F00053BD2A7621B242D92A5731BA4B5F73DF12
:10E900009D5FAE3FA67F759F435B2AB831D8325AD0
:10E9100042FA21753ABA4B1B52FB741D751D1A330E
:10E9200052B795BC53D9521BA59FA5FFAE3F95DFAB
:10E9300053BB425B747D6BBDA59FBEBFC6FF8DBF41
:10E9400094FEBEFF859E73FD8CFE749E531A741F49
:10E9500063BD94DF8D3F8CFF7CBFADBF9DDFC61FC5
:10E96000BEDFBEDFA67E74725AEA62CA62CA5AAAC3
:10E9700062AA5AA952A952A85A69526952694A8987
:10E98000524852684A484A284A485228422842284F
:10E990004A07420741E741E7420741E741C641C60E
:10E9A00039A639A66B2B6B0C6B2C6B2B6B2C6B6B02
:10E9B0006BEB84EAA5CBB6CABF4ACFC9DFC9E7EB88
:10E9C000EFCAEFE9EFC9EFCAEFC9EFC8EFC8F7C860
:10E9D000FFE9FFE9FFC9FFE8FFC8FFC8FFC7FFE87D
:10E9E000FFC9FFCBFFEAFFEBF7CBF7CCEFCDE7CECC
:10E9F000EFCEEFCBDF6CE6ADB5EE855185588D7B64
:10EA0000751C4C1C3B5C535D6BFF6C3F643F643F6B
:10EA10006C3F6C1F5BFF6C1F5BFE6B9C63D95BD70D
:10EA20004AF53AB44273427232103A2E3A504A933F
:10EA30004B14639A63BE741F849F9D3FADBFBE3F5E
:10EA4000BE7FCEFFCF3FD79FDFBFE7BFDFBFBF3F58
:10EA5000AEDFA67F95DE7D3E7CBD63FA6C3A6C3AF4
:10EA600063B95B78531752F55B3553145B755315D7
:10EA70003A104A5352B552D64AD44AB2427031ED96
:10EA8000318C314C398D39AC422D528F3A0C3A2DA4
:10EA90004AAD4ACE4ACC42AA3A2A4A2D4A2B420CC7
:10EAA0004A4C3A2C31EC294A20E818E8294F210F2A
:10EAB000215032744AD53A7329D13232299442D93D
:10EAC000641D433930D983BEC67FCF1FC71FAEFE3A
:10EAD000643C5B7B42FA21943AB9223729B84A9CBC
:10EAE0005B5E953FAE5FA65F85DF4B7C3AF83A5898
:10EAF0003A573AD932583A163258429A7C1D757DA7
:10EB000053D88C7DAF1F7D9E6BDEA5DF9D9F95BF8B
:10EB10006C9E3AD84A7A743E951FA5BFADFFAE7F72
:10EB20006C1EBE3FB6DF855E7C7D849D53DA5B3C08
:10EB300063FD741E7C9E847F747F8CBFA5DFB63F0F
:10EB4000CEBFC6DFB71F8D5A63AE5AEA5AEA5ACA19
:10EB50005AAA62A962895AA95A8952895268526985
:10EB600052685269526852684A684A284A284228BC
:10EB70004A2742074A0742073A0741E741C739C6D1
:10EB800039C639A66B0B6B2B634B6B2B6B8C742BC1
:10EB90007D0B9DEAB6CACF8AD7CAD7CADFCAE7EBD0
:10EBA000EFEBF7EAF7EAF7CAF7C9F7C8F7C8FFC803
:10EBB000FFC8FFC8FFE8FFC8FFC8FFC9FFE8FFE9BB
:10EBC000FFEAFFEAFFCBFFCCFFCBF7EEEFF2DFD49B
:10EBD000D7B5D772D712D652B5B2955284D585190A
:10EBE0007D1A74FA645943B843596BBE6BDF63DF17
:10EBF0005B9F535F4B5E4B5E4B3C42F95B79739876
:10EC00004AD54AB44A924AB05B3263B363F87C5B3C
:10EC1000849B741B63DC53DD5BBD6BBE6BBE741FDA
:10EC2000847F8CBF9D3FADBFB61FC67FCEDFCF1F99
:10EC3000DF3FD75FCF3FBEBF9DFF74FE643B53787D
:10EC400053185B3863986BF85B345B1553153A7255
:10EC500032503A3029AF315039D24A334A9452B106
:10EC60005271420D424C3A2B39EB4A0E53145B73EE
:10EC700052EE4A4C422B4A4B4A4B4A4C422B420CD6
:10EC8000422D4A70429232703A922A1029EE29B0EF
:10EC9000212E210D18AB21303253323121712172D6
:10ECA00029164ABB74BD541949BA947EBE9FBEFF53
:10ECB000B6FF7D7C42FA3AF831D53AFB2A5619550F
:10ECC000425B633F8CBFA63FB6FFA6DF4BBB3ADA81
:10ECD00042FA3A3729D242B83A77323742384A3A7A
:10ECE0008D9F645D9D1FB6FF9E5F8D5F959F955FB5
:10ECF000853F5C3D32355B1D955F6BDE951FA5BF83
:10ED00008D9F8CDEBEBFAE7F7CBD637A84FD42B634
:10ED1000743C6C3B6C5C8CDE6C1E6BFE9D5FA5DFF7
:10ED2000CE9FBEBFC6FFAE7E7474630A62CA5AEA43
:10ED30005ACA62CA628A62A95AA95A895A895A6900
:10ED40005289528952684A484A4852494A484A4870
:10ED50004A2842284A0742074207420641E739E665
:10ED600039E639A66B0B6B4B6B2C6BAB7C8B8D6ACE
:10ED7000AE6AB70AC7AADFEAE7CAE7CAEFEAEFCA8C
:10ED8000EFEAF7CAF7CAF7C9F7C8F7C8FFC9FFE93A
:10ED9000FFC8FFC8FFC8FFC7FFC8FFC9FFC9FFE919
:10EDA000FFE9FFCAFFCCF7EDFFCEF7D1EFF4DFB7F5
:10EDB000CF39BF18BEB9AE389D748CB26C146417CD
:10EDC000749A6C9A64795BD74B7753366B995B5A1C
:10EDD0004AFA52DB42BA3AF932B732564A764AD543
:10EDE00052F44A92529152F05AB26B577BFC7C5EBD
:10EDF0006BDD5B9C73BD6BDE63DE4B1B3A373A3ACF
:10EE0000529C6B7E7C3F847F7CDF84DF8D1F9D3F27
:10EE1000A55FADBFB61FAE1FAE1F957F7CDE5BDA70
:10EE20004B3742B43A934A9553155B555B54325075
:10EE30003A713A0E3A5042924A703A0E31CD424FF0
:10EE40003A3141CF426E42AF52D35B3352D37377E4
:10EE50007C3A5B935B116BB352AD4A4B422B41CC76
:10EE60004A3052D54AB54B153A543A763A52425442
:10EE70003AB63A943251214B18AA212E190F214E3D
:10EE8000112E18D03115747C857D53FA5A7BA57FDD
:10EE9000B67FB6DF95DE53BC437B223721F532992E
:10EEA00021F731DB633EADBFCF3FBF3F9E7F3B3A93
:10EEB00029D7431A3AB831D432353A763215321757
:10EEC0004A3C851E84FFAD9FB6BFA69F95FF84FE7A
:10EED00084BE5BDB4B5A429A639E6C3E6BDD745E74
:10EEE00084DF8D1FAD9F9DBF955E53797C3E6CB7CF
:10EEF0006BDA8C9B643B847E645E535D845FADDF24
:10EF0000BDFFBEBFC6BFBEFF9D9C6BEE62EB62CA7B
:10EF100062EA5AEA5ACA5AAA5AA95A8A528952899C
:10EF200052895288526952694A48524952684A473E
:10EF30004A284A274A274A084A0749E749E7420731
:10EF4000420639C6632B6B4B73AC7C8B956AB68AD1
:10EF5000C769D7CADFC9E7C9E7EAEFCAF7EAF7CB5B
:10EF6000F7CAF7CAF7C9F7C9F7C9F7C8F7C8F7E882
:10EF7000FFE8FFC7FFC8FFE7FFC8FFE9FFE9FFE9B8
:10EF8000FFEAFFCBFFECFFCDFFEFF7D0E7D3D7963B
:10EF9000C6DAAE7D9E5D95FD8D9A7CD563D3539484
:10EFA0006C39749B749A53D743554B355B34635615
:10EFB000531542D442D452B742954AB54AF45AF353
:10EFC0004AD242914A70424F420E3A0E4212529831
:10EFD0006B5C6B9C5B194AB84A5952FA52F93A5623
:10EFE00022142174191731784A3B52BC637D7C9FEF
:10EFF000857F855F8DBF8DBF95FF95DF855E7D1D0C
:10F000008DBC853B7CDA64364B743AB13A714AD395
:10F010004B1432703A2F320E31CD41EE73F68D190A
:10F02000745953145B755B765B366B965B766B76C7
:10F030006B14845A7CBA7C5A955C7CB75BB34AF0FB
:10F040003A0C398E4A334AD5425542B93A5542971D
:10F050004B373A743A1542953A3229D0218D214DD9
:10F06000112C112A18EB187039767CBD755D5BBCCC
:10F070007BFDADFF9DBF6CDF53DE4B5C3AF829F69C
:10F08000429B227A319962FE9D1FCF5FAE7F7D3F0A
:10F090003B1B3A783A9742B54256325632142A14FC
:10F0A0002176211752BD8CDFA5BFAEFFA6BF85DF3D
:10F0B0005BFB6C5C6C3C5B9B533C4A9A5B7C6C1DC1
:10F0C0006BFE7C1D84BE94FFA59F74DB741DA53C64
:10F0D000AE5E63F76C396B7A84BE535C6BFFA51F21
:10F0E0009D3EC6DFB69FBEFFAE1F94F76B2B62EA54
:10F0F00062CA5ACA5ACA5AA962C95A895A895A89C5
:10F100005A6952895A695A895248528952684A68DA
:10F1100052484A274A274A2842274227420741E7BE
:10F1200039E641E6632B6BCB7C8B8D6AAE8AC78A4E
:10F13000D7CADFEAE7E9E7CAE7C9EFC9F7C9F7CAFB
:10F14000FFEBFFEBF7CAF7EAFFE9FFC9F7E9FFE8D2
:10F15000FFC8F7C8FFC8FFC8FFC8FFC9FFEAFFCA5A
:10F16000FFCAFFCBEFCCEFCFEFD1F7D0EFB1DF3459
:10F17000BE79A5FC8DBE857E8D3E853D6C58539233
:10F180005B967C5B6C5A63F95BB73AF24AF352B216
:10F190005AF352D54B154AB44AD34AD44AD26314CF
:10F1A0005B334B124AAF428F424E4A6E52AF4250CF
:10F1B00039CF39B14A345AB852D73A1439D642986D
:10F1C00042973A9732962A5632373276745CBE7F2F
:10F1D000BEDFCF1FD75FCF5FC71FB6FFB69FAE7F23
:10F1E000AE5FA61FA5FF957E7CFD745A74BA749716
:10F1F00053B44B334AF24A91426F3A4F42329CDC4D
:10F20000C6FFB6DE9E3D851C639A63995BB8535674
:10F2100073968C797BD9843D8CBEA5BFBEDFA67E5C
:10F220007D7C53F84AB14A514AF8425642773A999E
:10F2300042373AD74AD74236325529D229AE31EC35
:10F24000212B1969190818E910AC18F44A9B8D3F55
:10F250007CDE533E745E749F5BBE3AFC53BD32D875
:10F2600021B52A5A3AFB31F8529C845F8CDF857FA6
:10F2700064DF3B1B3A7842973A963A953214323221
:10F28000299018F028F85B9F6BDEADFFAEDF9E7F04
:10F290006D7D5AF76398745D5BDA4B3B29D64B3D25
:10F2A000537B5B59739B73DD953F9E1F6C1B953E93
:10F2B000BE7F8DFC84BB5B56639C53DD4B1D637E20
:10F2C0008CFFC65FB6BFBE9FA61FB5FD63EF5B0A8E
:10F2D00062CA5ACA5ACA5ACA62CA5AA952A95A8989
:10F2E0005A89528952895269526952684A694A4810
:10F2F0004A684A284A0742284A274227420741E7E4
:10F30000420741E66BAC7C6B956BAE8ACF89DFE937
:10F31000E7C9E7CAE7EAEFCAEFEAF7C9F7E9F7CAC8
:10F32000FFCBF7CBF7CBF7CAFFCAFFEAFFEAFFC96B
:10F33000FFEAFFEAFFCAFFCAFFEAFFEBFFCBFFECE1
:10F34000FFECFFCCF7CCE7CFBFB0C750BED1BE5368
:10F35000A5758D387D1B751E853F955F953F7CBAE1
:10F360004BB25B976C1A6C1A53B753363AB04AD10A
:10F370004B1253124B3553134AB24A9142B1429049
:10F3800053126B9363526B945B135B1152923A511D
:10F39000420F41EF39EE318E312F290F212F297283
:10F3A000319339F531F53A1739F842573A587BDD40
:10F3B000A53EB5DFB61FBE7FC6BFC6FFCF1FD73F76
:10F3C000CF5FBF3FBEFFAE5F959F7CFF957EBF1FA7
:10F3D000A69E961D6C7832B13A2F296E29D02994B9
:10F3E00062DAADBFCF1FC75FA6BE7CFC745D745CE4
:10F3F00073F9633873975B176B1C951FA57FBE3F2E
:10F40000BEFFAEBF8DDE5C194B1339F44A9932163C
:10F4100042373236317432153A3439F3B63AD77E40
:10F42000A67B6CD64B7129EB29CD21D010F028D5C5
:10F43000845C6C9F533F63BE6C5E4B7D21F93A9BAD
:10F44000437D329829763A38329A39FB63BF749FEC
:10F45000641F539E32793A5842B842D83A763A13EA
:10F460003A3129D110CF21174B5E5ADEB63FAEBFDD
:10F47000967F6CDC42D55B397CBB5B7B4B375B1B7F
:10F480005BDD539862F7737C9D7FA5BF7D5E951F02
:10F49000A59FBF5F8DBE641852F96C1E537D4B9EB5
:10F4A0007C9EA53EBEBFB67FA61FB5DF8D365B2A0C
:10F4B00062EB5ACA5ACA5AEA5AC95AAA5AA95AA946
:10F4C00052A952A9528952895269526952684A68AE
:10F4D0004A684A484A28424842274A27420842077F
:10F4E000420739E7740B8CECA62ABF4ADFC9E7C88C
:10F4F000E7E9E7E9EFCAF7C9F7C9F7C8F7C9FFCAEB
:10F50000FFCBFFEBFFEBFFEAFFC9FFCAFFE9FFE913
:10F51000FFCAFFCBFFCCFFEBFFCAFFCCFFECF7CD60
:10F52000FFCEFFCEF7CEEFEFE7B0BEEFA6109D51B6
:10F5300084D274946C7874BC851F8D5F957F9D7F99
:10F540007CDC54575BF75BB86BD85BD65B9453920B
:10F550004B5153324B114AB14A9052B05B31533147
:10F5600063736B945B536375531552F452D64AF52B
:10F570004A513A1039CF31AC292A190819292109E1
:10F58000292A196E112E110E191018CF10AF10B0B4
:10F59000187631395ABC841EA53FB5FFB63FBE7FF1
:10F5A000BE5FB65FBE7FBE3FAE5FAE7FD75FCF3F71
:10F5B000B6BFAE3F7CFB5B584AB6427319AF3252BE
:10F5C00029F331797B3DBDFFCF3FBF3FBF1F95BEC4
:10F5D0006C7E63DB5BB9537B3A3539797BBE9D3FEB
:10F5E000A59FB65FBEDFA69F859E53D932144257B2
:10F5F00042D73A963214316F212E313073756A97A3
:10F600008C7DB6DFBF5FB77E85FC4BF621D32A1514
:10F61000195321163A7D327C5B9C5BDC32BC3ADBB1
:10F62000329C433C331A2A7729D83A5A325B4AFE35
:10F63000533F439F3A7C2A5742B642B63AB9539950
:10F64000327329D21A5410EF1894429D62DEAE1F15
:10F65000AEBF9E9F5CD94A74747C53395BDB4237E2
:10F660004B3A5B3D6BFC63398C5E9DDF95BF7C7EC6
:10F67000B65FBE5FAF1F7D3D42B8637C6C1F6C3EC2
:10F680008D5F8CFEBE9FB67FA61FADFFB63C63AC00
:10F690006AEA6ACA62EA62CA5ACA62C95AA95AC9F5
:10F6A0005AC952A95A8952A95269528952894A881B
:10F6B00052684A484A4842474A284A27420742076E
:10F6C000420742077D2CAE2CBF4ACFC9D7C9DFCA3B
:10F6D000E7EAE7CAE7C9EFE9F7E9F7C9F7C9FFE9D8
:10F6E000FFC9FFE9FFCBFFEAFFE9FFCAFFCAFFC975
:10F6F000FFCAFFEBFFCCFFCCFFCCFFCCF7CCF7CDA4
:10F70000F7CDFFCFF7CFEFCEDFB0BEB295D274F218
:10F710005C725C53541453F76C3C7CDE8D5F8D5FE0
:10F72000951F7C9E747B6C395BD55BF66C166416FA
:10F7300063F45B715B715B3153106310633173B4BD
:10F7400073F76BD46B955B954B33429242734A745B
:10F7500052743A5532312A0E196B214A212811066A
:10F7600021091909112D212F192E192D10CB0889C6
:10F77000006A082C0871105610B9297C4A5E7B5F1C
:10F78000845E8CDE955E955F7CDE7C9EA57FC67F69
:10F79000C69EB65F8D1D63BA5B574AD542D34AF306
:10F7A00052F742B629B5393983BDB61FC6DFCF3F00
:10F7B000AEDF9DDF7CDD53BA42773A77291741DC13
:10F7C0007C1EA59F9D9FAE1FAE7F95FF6CDD3316FF
:10F7D00031D52A143A34216E218D212B292D294E21
:10F7E00039B562DC94BFB61FBEBFB71F9E9E647A58
:10F7F0002A3521F4197329B92A3A29F9433C4B7D5A
:10F80000329B53BD4B3B2A793259221731D82A3AC1
:10F81000321C329E32182A763A15533742B74AD9EB
:10F8200053DA433721B129F5112F1833325D733E76
:10F83000AE7FA69F8EBF4BB8531953BA5BBD42969D
:10F84000531A4ABB637D5B9B5ADC8CDE8D5F8D3F18
:10F85000A55FADFEC71F961F647B42B963DE847E41
:10F86000BE7F9DFFADFFB67F9DFFB5BFCEBF7CD2F3
:10F87000630B62CA62EA62CA62CB5ACA62C95AC9D7
:10F880005AA95AAA5AA9528952A852894A89528910
:10F8900052684A684A484A484A484A274A284227FA
:10F8A000420741E7ADEBBECBDFA9E7E9E7CAEFCA04
:10F8B000EFCAEFC9EFC9F7C8F7C9FFE9FFC9FFE908
:10F8C000FFE9FFE9FFC9FFC9FFEBFFEBFFC9FFCA73
:10F8D000FFCBFFCBFFCBFFCBFFECFFCCFFCCF7CCBC
:10F8E000F7CDEFCEEFCFEFCFD790A6558D5C7D3C17
:10F8F0006D1D5CBC6C7D5C7B6CDC74FE74FF84FFF6
:10F900008CFF7CBE747B745B7C5B6C776435747736
:10F91000741573B463D06B725B505B0F532F4B3213
:10F9200042F24AF252F35AF663575B585B573AF386
:10F93000323131F1321239F0218E194C212921480E
:10F9400019071948212D192F190D190C190B114BD5
:10F95000194A212B194C110B10CD10B010923155B2
:10F9600083FBA59EB65FBEDFC73FBF1FAEBFA67FAE
:10F970009DFF8D3E7CDE7CFE647C5BD842F54B3582
:10F9800042B62A54321542963216311883DCBDFF36
:10F99000CF3FC6FF9DDF7C5C5BDA4B393259323793
:10F9A0003159521C7C3E953F9D7FA5BF9DDF7D5FF9
:10F9B00053FB323439F23212198C196A214B28EA7E
:10F9C000212E29944ABD637F8C7FA59FAE7FB6FF11
:10F9D000A69F7D7C439A32D721763A7939D89D9D6E
:10F9E0004B9A325A3A7C3ADB2A1822183237197667
:10F9F00029F929F821F721D231D342753A553A979E
:10FA00004298431A433819F3219219D229964B3E52
:10FA1000741E9E3F9E5F7DFE32765B9D5BBD535A9A
:10FA200052FA42B939FA531D3ABB5ADE84BF7CDF21
:10FA3000845EAE7FC65FB71F95DF4BDB7C1D9CDE0F
:10FA4000B61FAE1FA5DFB69FAE3F951FB5FF9577DA
:10FA5000634A630A5AEA630A62CB62CA62CA5AC933
:10FA60005AA95AA95AA9528952885A89526952895F
:10FA700052885268524852484A28524752274227D1
:10FA8000422742079DC9A6C9BF89D7E8E7C9EFC980
:10FA9000EFC9F7E9F7E9F7C8F7C9F7C8FFC9FFE900
:10FAA000FFC9FFC9FFE8FFE9FFEAFFCBFFEAFFEA72
:10FAB000FFCBFFCBFFEBFFCBF7CCFFCCFFECF7CCC2
:10FAC000EFCCEFCDE7EDE7CEDF6FAE747D5C74DF9A
:10FAD0007CDF84FF8D1F74FF6CFF851F8D1F7CFFF3
:10FAE00074BE749D749C6C7A747A749B6C99745611
:10FAF00074166BD46BF473B483F58436849A7CFCEF
:10FB00008CFC7CFB6CBA645A63F9435742B74A9643
:10FB10004AB742753210298D316F296E21AB19AA6F
:10FB200019491949192C212F214F212F192E192D2F
:10FB3000216E214D29B01A1021D019D021CF21F0EA
:10FB4000299231F952DE73BF94BFADBFB65FBEBF1D
:10FB5000C6FFC71FB6FFAE5F957F74BD641A5357CB
:10FB600042B43A7442B44A9542B44AF73AB6399824
:10FB7000737CCE5EBE9F8D7D6C1C7D1E7D1C4318EC
:10FB800042B829B6213849FB73BE8CDF84FF8D1F34
:10FB90007CDF53DB327532133A12198D194B298DE4
:10FBA000194D31912995399952DE639F7C3FA59F6C
:10FBB000B65FB6FF9E7F6CDE433B32D83A593A9A25
:10FBC00042FC21D829D9429C32DB2A582A1819D65E
:10FBD0002216195219B411D1116E21F132523A1173
:10FBE0003A552A76321732B92255111221F8215787
:10FBF000427D6BBE8D9F8DDF54BD31D74B1D53BDF4
:10FC00004256645C425739FA4B7E321A635E643F57
:10FC1000749F94BEADFFBF1F95DF647E42F952DD35
:10FC2000AD9FB69FA5FFB61FAE3F84FECE7FAE1B35
:10FC3000638C5B0B5B0A5B0A62EA5B0A5AEA62CA84
:10FC40005AAA5ACA62A952AA5AA95A8952885289EA
:10FC50005268526852684A484A484A484A484A479D
:10FC600042274207AEAABF6ABFC8C7C9D7C9E7E8DB
:10FC7000E7C8EFC8F7C8F7C9F7C9F7C8FFC9FFC990
:10FC8000FFC8FFC9FFC9FFE9FFE9FFC9FFCBFFCBF1
:10FC9000FFCAFFC9F7CAF7EBF7CBF7CBEFCBEFCB38
:10FCA000E7ECDFCCDFCCCF8CB6CDA63285B76D1BB1
:10FCB0006C9F6C5F747F7CDF955F9D7F8D3F8D3F78
:10FCC0008D3F853F751E74DC7CBC747A5C397C3753
:10FCD0006C176C156BD473F674977CDA6C5C643CAF
:10FCE000743C8C7E94DE951F94FF84BE743D5C1B37
:10FCF0004B983AD53A733A5231B0216C218D218B11
:10FD000029AA294A214A192B18EA210C210E192C5B
:10FD1000294E312F19702994299421B321D139F119
:10FD20003212217429DA3A3C52FE5B7F73FF849FC2
:10FD30008CFF9D5FADBFB61FAE3FA59F84DD6419EC
:10FD40005BD94AF629D031D14AB452D753574B1414
:10FD5000421251F4635B9DBFAE7FAE9F95BF7CFEA8
:10FD6000645C3AD6321529F631B739995AFC63BE2C
:10FD70005BBE5B9D431A4336423332943273216C2F
:10FD800021F02992323542582A18429C5AFE7BBFF4
:10FD90008C9F9D9FA65FA67F963F6C7D4B3C32BAA1
:10FDA00031B9325932DA427832592A172A192A16C9
:10FDB00021B32191323321D019EF19AB2A3129CF48
:10FDC00029702A3432991A141932329619D42A39E0
:10FDD00021B93A9D6BDF7D3F6D1F2AB63A3A3ADC76
:10FDE0004ABBA5DF7D3B3ABA4B1C435B427C5B7E42
:10FDF00063BF5B1DA5BFB61E9E9F7CDF6C3D539D00
:10FE00009CDEBE9FB67FA5FFAE1F8D7FBDDFAE3DE2
:10FE10006C0F630A630A630B62EA5AEA5AEA62EAFF
:10FE200062AA5ACA5AC952C95AA95AA952A95AA960
:10FE30005A895A685A684A684A484A474A274A4883
:10FE40004A274A27CFAAD7EADFE9E7C9E7C9E7E99E
:10FE5000E7C8E7C8EFC8F7C8F7C9F7E9FFC8FFC8A0
:10FE6000FFE8FFC9FFE9FFC9FFE9FFE9FFEAF7CBB8
:10FE7000F7CBF7CAEFCAE7CAE7C9DFCADFEAE7E9A3
:10FE8000DFEBD7CBC7CCB74C9E6C856E7D537539F5
:10FE9000747B541A5C1C645F7CBF84DF8D1F9D7F64
:10FEA0008D5F959F959F8D5F7CDE6CBC641963B6FA
:10FEB00063F874598459847B8CDE955F9D9FA59F60
:10FEC000959F9DBF853F7CBE745E749E7CDE851FC2
:10FED00084DF643D4B9A32D5221121F029AE21AC4A
:10FEE000216A212A292B292D190A18C918CA18CCC8
:10FEF000190C210B18EB18CF10CE111011B1217273
:10FF000029B329B329943217321731B841F952BBBA
:10FF10005AFC635D739E73FE7C5E741E6BDC5B58E3
:10FF20004AF75A94424F4A71421042723A724AB4A6
:10FF30005B754AF53A57639E8D3FB6BFB6BFAE5F5D
:10FF40008D5F74DD429742D831F5215429B63A7855
:10FF500031F731D93A5A7CFD855C53B742D84378A2
:10FF600021F0193029D5217532184AFC539D529E33
:10FF70005B3E6BDF7C7F9D7F9E3F95BF7D3E3AFA67
:10FF800029F832592A193A7942B842F7327519B527
:10FF900019B219B229B1223121EF19CB198C220ED5
:10FFA00021CE19B029B3227619D319522A362297B5
:10FFB00021B85BFD3A5D63FF647F441D3A593A59AD
:10FFC0003A7C6B3DAEBF64BE3B394A7B429B539C3F
:10FFD0005BBE5BBC83DCA63FB6DF8D7F531D7C5DC3
:10FFE00083FEADFFB67FAE5FA5FF9D9F951EA5BEAC
:10FFF00085585B6B632B6AEA630A62EA5AEA5AEA3B
:020000040801F1
:1000000062CA5AEA5AE95ACA5AC95AA9528952A81E
:10001000528952895A6952884A6852474A484A273F
:100020004A484228CFA9D7C9E7E9E7C9EFC9EFC9CC
:10003000EFC8EFC9F7C9F7C8F7C9F7C9FFC9FFC9C2
:10004000FFC9FFCAFFC9FFCAFFC9FFE9FFEAF7CA34
:10005000F7CAF7CAEFE9E7EADFE9D7EAD7EADFCA82
:10006000D7CBD7CBBFCCA72D862C6D2B6CAF5C9399
:100070006BF653B763F863FD6C5F747F749F747F96
:10008000749F84FF955F84DF745E7C3E6C1A749964
:100090007CBB7CDC74BE74DE6C5D6C5E7C7F7C5FE4
:1000A000849F8CDF8CFF9D5FA55F959F959F8D3F03
:1000B00084DF7C7F5C1E539C42D72A7321F019CDCC
:1000C000218A216B214A212B63B18D154B703AEFA8
:1000D0003B1343543B3532D62276221521F521B30A
:1000E00021B2194F198F21312112297331B339D718
:1000F0003A373A373A79425842D942963A3542131A
:100100003A114A50426E322D31AC318B298D398DE6
:1001100039CF3A134A983A9852BB845FA57FAE1FF5
:10012000AE7F959F6C5D537A6C7A74DA5BD742D759
:1001300042F7291331955AD9AE1FAEBF8D5D63FCCE
:1001400053FB3AD429F429F419952113295539FA86
:10015000327D325E52DE6BDF7C9F953F7CFF5BDE43
:1001600053DD437921B73A1942D9639C649E439980
:10017000197219B2323321D129F019EF198C194CA7
:10018000298D116E211029D3117221942215195431
:1001900029F942595C1C4ABE5BDF3B3D2A773A99FC
:1001A00039B7537D94BE9E7F6CDE2A57533B63DB89
:1001B000531A53BB4ADA955E9DDF95DF433B639D3F
:1001C00042DC8C7EB67FAE5F9DBF953FA5DF9DDF95
:1001D000CE7E8554632B6B0B632A62EB62EA630B62
:1001E00062EA62EA5AE95AC952C95AC952C95A89D5
:1001F00052895288528852895288526852484A48D5
:100200004A484248C7A9CFC8D7E8DFC9EFCAEFE9D3
:10021000F7C8F7EAF7CAF7C9F7C8F7E9FFC9FFC98E
:10022000FFE9FFCAFFE9FFE9FFEAFFEBFFCAFFCAE8
:10023000F7CAF7C9E7E9E7C9D7C8C7C9C7C8CFC967
:10024000C7EABFCAA78D96CE7E506D6D64AE64912D
:100250005C5243F24B934B58537C639E639E53BE58
:1002600063DE6C5F747F6C5F5B9D537A841A9CFEC7
:10027000AD9FBE1FAE1FB61FAE5FC6FFB69E6CDE43
:10028000641F63DF6BDF743F745F7C7F7C7F849FC0
:10029000849F747F539E4B3B429832542A532A10BA
:1002A00029EE196B1909216AAD38A4FC7BDA845E4A
:1002B0008D1F8CFF741F4B3E535E535C42FA3256C7
:1002C00022131991199011AF196E196E116E112D1B
:1002D00018CC212E216F298F21B0298F2A0F39CEDA
:1002E0003A2E424E4A6F426F42914AAF4B745B7452
:1002F0004B9642D64AB54AD74AB83A3A5ABC637E78
:1003000094FFA5BF959F749E84DEB6BFBF1FAEBF8E
:100310009E1F74FA21F02994413694BDBEBFA69F5A
:100320008DDF74DE439A21D329F73A9729D519D462
:1003300018B229573A1B321E52BE637E6C3F5B9F38
:100340003A7C6C7D74BC19B7299532394B3D433BDF
:100350004BDB2A3522132A342A53198F19D0198DD1
:1003600018AA218E212F2130117319F52A382AD984
:1003700021F62918645E3A9C433D331B3AB63AD6BF
:1003800032D8321A5AFEADDF961F647C423A5B7B4C
:100390005BDC4B5C4ADC637E851F95BF6C7E31D98C
:1003A000749E73FEADFFAE9FA61F84DF957F955EA2
:1003B000C65FBE7D6C4F6B0B632A630B630B630AD6
:1003C00062EA62CA62CA5B0A5ACA5AC95AC962A9AF
:1003D00052A95A895A88528952694A4852485267E2
:1003E0004A474248CF89CFC8D7C9D7E9E7C9E7C943
:1003F000EFC9F7CAF7CAF7CAF7C9F7C9F7C9FFE9DA
:10040000FFE9FFC9FFCAFFCAFFCAFFEBFFCBFFC965
:10041000F7E9EFE9EFC9E7C8E7E7D7E6C7C6BFA640
:10042000B787AF499ECB866D76105D6F54CE546F03
:100430004C104B914B3032F23A933A7542964AF84F
:10044000637B5BDD5BBE5B9E535D4B9B5B384B38D8
:100450005B5B6B9D7C5EA53FADFFC69FD6FFCEBFAD
:10046000955F6C5F4B3E42FE52FF4AFE4ADE533FB1
:10047000533E4AFE4ABD427B3A7631F329B021AE63
:1004800021AE218E198C296B316C20AD082D1051B5
:100490001895397920F7297839B831B729962994F0
:1004A00031D32A1332543A143A9542F73AD72A7480
:1004B00042D442F64AF64AF642D53A723A913A0E98
:1004C000426E52EF4A4E426D4AD14B334AF44234A7
:1004D000427542744A7752D852B74A784B1B29F971
:1004E0004A9D6B7F9D9F9DDE641D529D7C5EBE5F1D
:1004F000C71FBEFFA6DE7D39645721326AFBAE1FDF
:10050000AE9FA63F8D7F64BD3AF721F421332A18B0
:100510003A9832782A3721573999321C429D3ADD70
:10052000227C29B8525A3ADA3A982A3729973B1B43
:100530003AFB543C43184336323432332A122233C6
:10054000221018EC194C193019B311921956329B1C
:1005500029F62197321A4BFD32FC3B5A2A113253AD
:100560002273195252DB635EA61F753E31F75B5D45
:10057000539D42BB429B3A9D743F8D5F74DF3ABAF4
:100580005B7D637E94BFB67FA5FF7CBE9D7F8D3F64
:10059000AE1FB63F9E1A5BAC632A632A630B630AE5
:1005A0005AEA630A62EA5AE95AE95AC95AC95AA97F
:1005B00052C95289528952895268526852485268C7
:1005C0004A684A28C74ACFA8D7C8DFE8E7C9E7C9B9
:1005D000EFC9EFC8EFE8F7E9F7C9F7EAF7CAF7C9D3
:1005E000F7C9FFC9FFEAFFCAFFEAFFCBFFCAFFC98D
:1005F000F7C9E7E9EFC9E7E8E7C7D7C6CFC5BF65E1
:10060000BF07A6EA96AC762C5D6C54EB4CCE448EBC
:100610004C0F4B8F3B0E2A9032722A522A314314D0
:10062000539A5C1E63FF5BDE5BBE4B9A4B794B3883
:1006300053164AD743185B7D741E8C9EAD9FB5BF81
:100640009D1F7C7F4B3D327919F81977197831B9A4
:1006500031F829B82956197331F231F3321029CF04
:1006600021AC218B1149212C298D196910C51069E4
:10067000214F18CE10EE191119531974219529B470
:1006800032123A7142324A533A5339F629B5297235
:10069000295329B43A1339B431B329B1320F422E58
:1006A000426F4A4E4A2D422D424E42925AF66338CC
:1006B0005B364AB542964A954AD742563A35323465
:1006C00029B541D98C7EAE1F959E74DE4B9C637C10
:1006D000841DADDFC6FFBEDFB6FF7D5D42F530F79E
:1006E0007C1D9DDFA61F8D9F7D3F543E3B5B3A598D
:1006F00032BA2A38219822182A383A3929F729D7C4
:1007000019B8199731F77D1E8DDF64DD2ABA21D81B
:1007100029F93A3963FD7D5E7CDC53FA3AB43A94A8
:1007200021F321912273112F1930115319332156BE
:100730002A7B197521164BDD327932F832D429AE75
:1007400021CF192C18B55C1E7BBE9DFF541B3A7738
:100750004B7A42DA4B1A2A5C52BE7CBF747F535BE1
:10076000421A63DF7C1EADBF9D9F743D953FA53F40
:100770009D7FADDFCEBF85966B4B630B632A6B0A03
:100780005B0A5B0A62EA5B0A62EA5B095AE95AC9D8
:100790005AA952A952A95A89528852885288524954
:1007A00052484248BEE9C768D7C7DFE8E7E8E7E94B
:1007B000E7E8EFC8E7C8EFC8F7C9EFEAF7CCF7EC0E
:1007C000FFCCFFCAFFEAFFCAFFE9FFC9FFCAF7CAA9
:1007D000F7CAEFC9EFE9E7E8E7C6DFC5CFC6CF48FC
:1007E000B72996EB96AB7E0D5D8C5D6E4CCD440BC0
:1007F0003B4A3B4B332C2A8D2A2F32103A5163B996
:100800008C9E851F84DF749F749F6C5E5C1D5B9B58
:100810005B5A43174AF752D84AB83A7A42DA5B1B16
:1008200052BB4B1D4AFD52BB3A9A32772A562A34A4
:100830002A141991196F29D13A332A1232113A33F5
:1008400031F13A50429129EC196A214931692988DC
:10085000316B396D194E1910197321B4297529920C
:10086000319031CD292D108B088C088E08AF18F0EF
:1008700019322952299229B221B229D23A513A2E5B
:100880003A0D3A2D3A0C41CC39CC39CD39CF4231E1
:100890005AB2427442B3427231F04A3342D542B640
:1008A0004296321621587BDC9DBF8D3F749E8D3E53
:1008B0008D5F639E73BD955E9D9F8D5F8D5E5C5C5D
:1008C0002A783979843D95BF8D7F74FF647E437AA1
:1008D00021F621D629D722182A1831D729F621F452
:1008E00019B4119319534A5B8D1F9E1F6CBF431B94
:1008F0002A5819744279749E955FA61F8DDE53B8ED
:10090000435521CD1932327521B1195311321914C1
:1009100019B91A3618D14299435B32D83AF72A34BA
:1009200019EC1909088F317A5C1E849E7D3F4BDCDF
:10093000533C4B5D53BC21F7429A531D6C1E5BDC4C
:100940003A784AFB5B7C741E8CFF6C5C951F847D3F
:100950008CDF9D9FC65FAE9C63CC630A632A632ACB
:10096000630A5B2A630A62EB5AEA5B0A5AE95AE9AC
:100970005ACA5AA95AA95AA952AA52A852895268BF
:100980004A684A48BF08BF89D7E8DFE8DFC8E7C838
:10099000E7C8E7C9E7C8EFC9EFE9F7C9EFEBF7CC5C
:1009A000F7CDF7CCFFCCFFEBFFCAFFE9F7C9F7C9DA
:1009B000EFCAEFCAEFC9EFC7E7C5DFC5DFC5D7A6E6
:1009C000B769A72C96AC762C6DAD658F64CE542C90
:1009D0003B4A3B0A42ED3A6D2A6D324E2A2D4AF7C8
:1009E00073DE849F84BF951F9D3F84FF7CDF749FCF
:1009F0006C3E6BDB63D94B164A943A953A533A34C2
:100A00004A344255323732583A183A574279427886
:100A10003A56323442534AD5327531F43A5442335D
:100A20004273425342923A313A4F422C31E931EA11
:100A3000422B3A0D39F029AF31F1318F294C20EB9F
:100A400010CD08EC110E116F119119F221B121F2A4
:100A500019B221923A3842FA42D93A77323331F018
:100A600031CD31EB422D41EC31CA318B39AA420EE6
:100A700039F0299139F54AF84B3753353A7239F242
:100A8000296F213329B639DB5ADE8D1F7CDF63FFE6
:100A9000539E6BFE7CFF641D5B5D5B7E637D6C9E85
:100AA000431B433B327841DA7C3D84FF641F431C87
:100AB00032992A782A382237221629B521D519D415
:100AC00021D319B119B22155395A73FF8D5F74FFC3
:100AD00053FD2A9921944B1C745F84BF9DDFA67F30
:100AE00085DD4BF7192B291139F51933097308B234
:100AF00010F42259098F2112433B29F6323729F588
:100B000029B221EF00A9106F427B6C3E8D7F751FCB
:100B10004AFC63FD535B2A534AFA4B5B4ADA5BDAC1
:100B200042B529935B59531A6BDC63997C5D847DD4
:100B300084FF8D3FB61FCEFF7514634A6B4B6B2B42
:100B4000630A5B0A632B630B630A5B0A5AE95AEA7E
:100B50005AE962A952C85AA952A952A85AA8528859
:100B600052884A68AF29C7A8D7E7DFC7DFE8DFC8E0
:100B7000E7C8EFCAEFC9F7C9F7C9F7C9F7E9F7CA74
:100B8000F7EBF7CDF7CDF7CCF7EBF7EAF7C9F7C9F5
:100B9000EFCAEFEBEFEAEFE8E7C6DFE7D7C7D7A684
:100BA000BF89AF2A8EAC762C6DCD552E5CCE644EAF
:100BB0005BED434B3ACA2AAA328C2A2B2A2D32B338
:100BC0004B1B5B5E63BF741F7C1F849F94FF94FF6D
:100BD0008CFF747E5BFA53173293321339F241F271
:100BE0004231425342753A763A5632342A1429F445
:100BF00031D539F33A55427742773A954AD452F58E
:100C000053154AB44A933A713A4F528E5B5273F479
:100C10006375635563143A5031F0318E21F032968A
:100C20004B5953FA647C541B5C1C5C1C53FA4358AC
:100C30003AD62A1521B631DA3A9B4AFB329632115E
:100C400029ED31EC320C31AC3A2B426A4A4B62F25C
:100C5000639A4B5A3A9642354255427642974AF841
:100C600042F62A732A54219419363118741E7D1FB6
:100C7000751F643E321B635C747E5C3F3B1D321A01
:100C800053BD535D3A9931D6323931FA5BBE4B3E92
:100C90003ADA2A772A1519B321521932219321B34E
:100CA000219119D0114D29D42A9920D852DE84DF00
:100CB00095BF64BE3AFA217631385ADD84DF9D7FD4
:100CC000A61F859E541932D418ED321421F600F374
:100CD00000F210F22A7510ED32782A9621D4217490
:100CE00021942A1321F008881031637D84FF853F09
:100CF000647D849E5C3C4B7642B8435A4B1A5B360B
:100D00004B13325152F553B65B77637573FA8C9D72
:100D10007CBF9D3FADBFBE7F8D9A636B6B2B6B2BF2
:100D2000630A6B2B632B6B0B62EA630A5AEA62EA73
:100D300062EA62CA52C95AA95AA95AA852A8528844
:100D400052894A68AF49CFA7CFC7DFC7D7C8DFC826
:100D5000E7C9E7CAEFCAEFCBF7EAF7CAF7CAF7CA9B
:100D6000F7CAF7EBF7CCFFCCF7EBF7CAF7CAFFCA25
:100D7000F7EBEFC9E7C7DFC7D7E6D7C7D7C7C7C7FE
:100D8000AF6A9EEB864B75CB658D550C54CB4BEB08
:100D900043EC434B42EB3AED42EF3A8F42B04AD339
:100DA00042F742B9427A4ADD52DD4B3E637F63DF50
:100DB0007C3F741F63DD531942953A533A533A11FD
:100DC000425042B04AB242523A54323539F63A575A
:100DD00042154AB54B194B1942B653164AD54B1614
:100DE0004AF6427342924291426F422D3A0F4A11A3
:100DF0004A744A554A5442133A1341D229B53A3AF1
:100E0000637D743E8CBF84DF84DF84BF7CDF643FFE
:100E1000539C3A99117308D6193621B729D62172F5
:100E2000214F110C18EA3149522C528C41EC4210DE
:100E300042796BBE643D537A3215217239F542B85E
:100E4000429729D429F5323621F3111231785B1DEE
:100E50007CDF8D1F7D1E4B9B195831B93A7B3A9C24
:100E600021F929BA42FC2AD92A373A7921D7299877
:100E70003A5B3ABA2A792AB8323632161A1419D29B
:100E800021B121D0218E218E1933329B29F9527D37
:100E90008CFF855F647F331B195220945ABC8D1FD1
:100EA000959F957F961F753F43FA19903A371A56CA
:100EB00000B008CE21D4118D29922A753A57227597
:100EC000108F31B32A55325411D020756BBE745F28
:100ED000853F641E7D3F5C3A3A355BFB3AB942D3AD
:100EE000424F31AB4A315B7563B56B536B976BDC2B
:100EF00084BF849F849EADDF8D7B638C634C632BAA
:100F00006B2A6B2B6329632A630A630A6B0A5AEA0A
:100F10005ACB5AEA52E95AC95AA95AA95AA952A807
:100F200052895268A6C8B767C7C6D7C6D7C7E7E809
:100F3000E7E8E7E9E7CAEFCBEFEAF7CAF7C9F7C98D
:100F4000F7C9EFEAEFC9F7E9F7CAF7CAF7CAF7CA6C
:100F5000F7CAEFC9E7C8E7C8E7C6D7C7DFE8BFC821
:100F6000A74886897E096DEB558B4D2A4CCB4C4AA0
:100F7000440B3B6B436C432D43503AF13AB03A92E9
:100F8000429332123A153A163A373A393A7B42BD11
:100F90004ABD4A9B42793A56321229F13211324FF8
:100FA00032B1326F32923AF43AF53A54116F116E0F
:100FB000218F29B2425852FA5318537A53384B3979
:100FC0004B584B164AF542923230320C424E426E2A
:100FD00031ED318E294B294A290A210B18CB208F5C
:100FE00020F32159299B427D4ABD4ABE42BD323B76
:100FF0003A5A21D6115110F208F31935197621D435
:10100000218F21F0320E39AC31AD31B1218F1991E0
:10101000425A63BE63BF7C9F953F74FC43171974AB
:1010200029B63A372A1621B332543A34195118F5F1
:10103000219A52BC63BF6C3F4B9C32982213111211
:101040001113193418F42997325932372A7631F6A8
:1010500052FC42FB3ABB3299327831F729F521D460
:1010600019F321B0194D21B0197110D13A7B42FD0D
:101070004A5D747F749F647F2B1B1152183241F9B3
:101080007C5E955F8D5F853F7CFF543C3295225797
:101090000931088B18ED2A5118AA323439D32A574E
:1010A0002A3439904AF729F8329932B729376BBE7A
:1010B0006C3F6C5F7CDF85FE2A33539C4AFA3232E8
:1010C00031ED3187316B4AF152F05AF16B5363D8ED
:1010D0007C5E7C5E6C3E9D7F95DE63CF634B634A96
:1010E0006B4A6B0B634A632B632B630B6309630AC5
:1010F0005AEA62E95ACA5ACA52C95AA95AA952891D
:1011000052A952898E079EC7A766B7C7BFE7CFC946
:10111000D7C9D7E9E7CAE7CBE7CBEFEBF7CAEFE9E7
:10112000EFE9EFE9EFC8EFE7F7C8F7E8F7E9F7C944
:10113000F7E9EFC8EFC8E7C8DFE7E7C8CFC9B7A846
:10114000A74986A97E6A6E0B5589654B44AA4C6BEC
:10115000442D43AD4BCE4B8E53D24B944B32433246
:1011600042D1224F2A1229F229B229B321B429B639
:10117000319629B429B429B3219021B03A7173F77B
:1011800084BC84FC74FC6C9C6C7D6C3D53DB5BF913
:1011900064596C9B751D7CFE851E855F851E7D1EBA
:1011A0007CFE6C9D5BDB533632D242D04AB1428F1B
:1011B00041EE29CD316B294921271926110618A6A0
:1011C000188A21111974195719371957197619B72F
:1011D00021D71974194F10ED10CC08CF10D120EF82
:1011E000110C18ED3A977CDD855D7CFE647D4B7BB0
:1011F000431B2A392979423A637E7CBF7CFF645CB9
:101200002A14197208EF213229B031D0299121B561
:10121000327A3A7A3A5D4B3E42FC32B821D53235C9
:1012200031B32191194E192D18EE18F121952A7814
:101230002134317629F7213631F93AFA32B82A17B2
:1012400021D41990194E190C18CD11B118D031B8FC
:10125000539E4ADE63BF747F5C5F32FB0991102DA1
:1012600020345ADC84DF7D1F7CFF7D1F649F3B7828
:1012700011F3092B0868218D1949298D3A3232352D
:101280003214197110ED18B021972A1822582979B3
:1012900042BE5B9F743F9E3F5D3B4B1A53593232B7
:1012A000320E3A4B29483A2C428E4A6E63116BB685
:1012B00063DA743D7C5E957F9E1F74D6636B6B4BC7
:1012C000634B6B2B6B2A6B2A632B5B0A632A630AC3
:1012D0005AEA5AEA5AC962E95ACA52C95AC952AABA
:1012E00052A8528985E88EA79F47AFA8B7C7BFE825
:1012F000CFC8CFC9D7CADFCAE7CBEFCBEFCAEFCA97
:10130000EFC9EFC9EFC9EFE9EFC9F7E9F7C9F7C9C5
:10131000EFC8F7C8F7C9E7C9DFC9D7C8BFC6AF87E5
:10132000A7078EA87E6A6DEB5D8B550A3CCA548C6C
:101330004C4D43EE4BCE54316C765BD64B3442D29F
:101340004A913A9032322A1021AE214E194F19504B
:101350002910192F194E112F192D190B298C529460
:1013600083FE847F94FF9D3F9D5F9D3F851F9D7FF2
:10137000A5BFADDFADFFADDFA5DFADFFA5DFA5BF2D
:101380009D9F8D5F63FD531842D652F54A743A52C1
:1013900039CF298F296A294A21482167214621040A
:1013A00018C620CB18EE089108B210F310D310B273
:1013B00010F21130114E194D196D196E194E092B7D
:1013C000110A10C918F1421A8C7EA59FADFF95BF76
:1013D000749E4B1B2A373298429C539D63DE63FEFA
:1013E000433A2A7521B1219121D13A753A7631F7E4
:1013F000329B32382998321A3ADA2A372A7632164C
:1014000029B31930190D212B110A112908AB10F03D
:1014100029B521B521B719F919F8195819982A19B8
:1014200032BA32B62A533272222D110A10CD2A76E0
:1014300021962118429E531F5BBF53FF3AF9112E8C
:10144000108C102F2918637D74BF7CDF6C9F4BDCE0
:10145000337619AC0885186832AC29AC39EF4232C2
:10146000427421CF1990110E10D0217521D52194ED
:1014700021983A9C6BFF955F96BF543A635A537715
:1014800029CD39EE29683A0A422C422C528E631338
:1014900063D8743D6C5D8D1FA5FF853A638B6B6BC4
:1014A000632B6B4B6B4A634B730B634A630B5B0A97
:1014B000630A62EA5AEA5AE952EA5AC95AC952A96F
:1014C0005AC852A97E888F29AFC8C7C8BFC8CFC91C
:1014D000D7C9D7EADFC9DFCAE7EAE7C9EFCAF7CB5E
:1014E000EFCAF7CAF7CBF7CAF7EAF7EAFFCAF7CAB3
:1014F000F7E9F7CAEFCBE7CCE7CCDFCCCFECC7CB33
:10150000AFC997898F2A86AD6DE9654B54EB5CAE08
:1015100054704C0F4C115C346C9853D84B3532D00E
:1015200042D24292322F29CF216E192F192E190E35
:1015300020EC090B10EB08EB10CA10C810C710CA3A
:1015400041B362FA739E5B9F5BBF63BF6BFF741F07
:1015500073FF7C1F7C5F6C1F743F6C1F6BFF743FBD
:101560006C1F63DF4B3D3A98429852F742B6429562
:1015700031F33191298C216A216921882967292633
:10158000210521062968190C195219B421B519F43D
:1015900019D6199411711151219521D529F519D117
:1015A00021EE2A0E2A111995219B425E73BF847F7A
:1015B0006BFE42DA32783AB83A7A323A425B429B70
:1015C00042FA3AB829F3298F29B129F429B429B567
:1015D00021D529B31913211429B5213121F52A1751
:1015E0002195299222303252220E114A1129114D91
:1015F000212F299221F721F92A9A2AB9225819D69E
:10160000197518F1191029B242733A9321F121701A
:10161000199221F62977427C3AFF4B3F3ABA19F4E6
:10162000116E110C084B2032399A63DE643F431C63
:101630003AB72A1021EA18452A6C31EA3A2D39D0F6
:10164000427229CE1930193219731971212F2212C1
:1016500019522A1A5B5E7C5F9E3F7DDD52976C5B60
:1016600029CC39AC312739A839E941EA420B52AFCC
:101670005BB66C5E7CBE851FADFF853D6B8D6B4B95
:10168000634A6B6A6B4A632B6B2B632B632A632A57
:10169000632A6B2A62EA5AEA5AEA5AC95ACA52C9F2
:1016A0005AA852A98F679FC9B7E9CFC9CFCAD7CA6D
:1016B000DFCADFCAE7C9EFCAF7EAEFE9F7C9F7C936
:1016C000EFE9EFC9EFC9E7C9E7CAE7EBE7CBEFCD31
:1016D000EFCCEFCCEFEDE7CCE7CBDFCCD7CCCFED49
:1016E000BFCCB7CDBFF2C7B596ED862E657164F35A
:1016F0006CB44C9354745CB96CBA4C5853D74B3699
:1017000042F32A9129ED21AD192C10CD10EC08ECF3
:1017100018CC08CB10CC10AB08AA108810A508A5CF
:1017200008C7212D39943A3A42DD42FE4B1E4ABE8B
:1017300052DE5B3E635E4B1E52FD4A9D4A7C4A7CF4
:101740003A5A3A5A31F82196293420D210CF18AE9D
:1017500018CE192D194C218A218929AA21882165A1
:10176000212531A929AF19B41977115609151993F3
:1017700032773B1C331C435B3AFC327921F719F377
:10178000323152F7539A32D9119919BA29DC321CE5
:1017900031DA29B7195331F7323A3ABA3A9A3ADA82
:1017A00042B93A783A774B372A2E31F232B42A13BB
:1017B00029D429D33214213110F010CD10ED21326B
:1017C0002A1429F319B119132A13221119CF196EEA
:1017D00018ED18CC18F111B4217621D821F729B7CA
:1017E00021F732973274190E29B12A1019AF21AF9F
:1017F000216D216F295339FA323B321B3A7B32D6A5
:1018000021D021B02A731A32114F287442593B3B20
:101810002A35214E322C220829AA31EA3A6D316D3F
:101820003A30214C10CD10F110F21151114D192FF9
:101830002A5521B53A7E63BF8D5F9E9F53F8747D14
:101840003AD1318839C8422A39A7316939CB4AD0CF
:101850005AB3845E6BFD8D1EAE3F9DDF6C306B4BCB
:101860006B4B6B2B6B4B634A6B4B6B2B6B4A634A1B
:10187000630A630A5B0A62E95ACB52EA5AEA5AC916
:101880005AA95A89BFCBCFEBD7EBDFCBE7CBEFCB56
:10189000EFCBEFCAF7CAF7C9F7C9F7CAF7CAF7C952
:1018A000F7C9F7CAF7CAEFC9E7C9E7C9E7CBEFED50
:1018B000EFCEEFCFEFCEE7CCE7CCDFEBD7CBBFCB94
:1018C000AFCCAFADA78F975096B07DB3653A54BCFF
:1018D00054BD4C9D6CBE7D1E851F74FE74BD645C42
:1018E00053F943362A9321CE194B110A10A910E857
:1018F00008AA0889008810880868108510A408A420
:1019000010A610E9110C112F297439DA3A3C321A59
:101910002A1929D821B719B519B629B529D63219E6
:1019200039D7295418F2116F2A7132D4433543172D
:1019300032D52A5329EF29AB29CB320A320A3A2B66
:1019400021EE2A15327A2A9C32DB433C439C4AFA28
:10195000641E7CDF8D3F8D5F8D1F6C3E42FA3AB670
:101960003A53421A7C3F8D3F643D327B21FA425903
:1019700043392A35214F10B021B63A7942DA42FA7A
:1019800042794B193A384AB9851C6C7A3B182A17A8
:101990002A3721B331D3295121F22A1219B01990D3
:1019A000323232552AB831F73215297321F43255C3
:1019B00029F0192B19B02235329832BA22992A37D8
:1019C0002A1721F52A1319F02190198F214F29AFD9
:1019D000298B21CB19AC212E3193293529B62A76B2
:1019E0003AB23273223421B221D121F221F0216F97
:1019F0002190216C21293A4A29C8320B320A296ADE
:101A0000298D214B192D10EC18CD090E114B114BBE
:101A1000193019D42958535F74DF9E5F863D6BDA05
:101A20005C383988526A634F39C82948396F8D1B31
:101A300052D5843E641A849DB63FA61F64736B6BB7
:101A40006B6A634B634A6B4B6B4B6B2B6B2A632B41
:101A5000630A630B63095AEA62EA5ACA5AC95AA965
:101A60005AC95AA9D7CCD7CCDFCBE7EBEFCAEFCA1C
:101A7000EFC9EFE9EFC9F7E9F7CAF7CAF7CAF7C93B
:101A8000F7C9EFCAF7CAF7CAEFC9EFE8EFC8EFC85E
:101A9000EFCBEFCEE7CEE7CCDFEBD7E9CFC8B7A7E8
:101AA000A7289ECA866C7E2C756D5CD15438641C48
:101AB000543D543F643F7CBF851F8CFF8CFF8CFFDF
:101AC0007CBF643E4B9A3A7219AD112B110909097A
:101AD00008CA10CA10C810A708A810A710A708861F
:101AE000088810C908EB10EC10EC10EE109218F4F6
:101AF000215529962195217418F320D11131111106
:101B0000194F223254197D3D9DBF853F851F74BFFB
:101B10005BDD43163253320E29EC29CC298C32314D
:101B20003AF95BFE643F74BF7C9F749F537E3A5AC0
:101B3000299B3A7E5AFF5B3F52FE427D31982194A9
:101B400019701914195B3A5E52BE3A1B19B84279E2
:101B5000849E7D5E64592A9532B84AFC745F7CDFAE
:101B6000539A3A574B1A3A7829B573DD7D5F5C1D5D
:101B7000325A3AB831F621B321D521F53215321453
:101B800063DB8D7E857E74DD643D53BD3AD93A5763
:101B900029B431F519AE18CD18F229D82A392A37C7
:101BA00029D92A362A5622973255223321F129EF94
:101BB00029AD29EB29EC29AA292A18CA188C2190C9
:101BC0003A9029EF21903215327519B021CF3A7031
:101BD00029CD21AA21CA2928322A3A2A3A2B294872
:101BE000316C29CC212C18CC108818CA196B11AE75
:101BF000192B195021753A3C63FF8D7FB73F6C3824
:101C000084FC426C6B4F6331426A2948312F9D1D21
:101C10005C177BDC5C1873DDADFF9E3F6C776B8DD2
:101C2000636A6B4B6B4B6B2B634B6B2B632B632B85
:101C30006B2A630A630A5B0A5B095AEA5AEA5AC9C1
:101C40005AC952A9D7EBD7EBD7EADFCAE7C9E7C928
:101C5000EFE8EFC8EFE8F7C9F7CAF7CAF7CAF7CA5B
:101C6000F7CAF7CBF7CAF7C9F7C9F7E9F7E8F7C733
:101C7000EFE7EFEBEFCCEFCBDFCAD7E8C7C8BF6722
:101C80009EE68E27758865085C6A3C2E43B243B693
:101C90004BD84B9C4B9D5BBF6BDF63DE63DF63DF29
:101CA000535D5B7E4AFD427621D0218E196C112C4A
:101CB00008ED08CC00AA08AA08AA088908AB08AC55
:101CC00008EC190D192E112C110A10CB108A008A5C
:101CD000086A086B088D108C088C190E218F42B58C
:101CE0005B5A743E8CDF9D5F955F8CFF7C5F5B7EF3
:101CF00042DD2A3821B419F319F321B1190F3150FB
:101D00003199423D425E427E3A1E297D111B08F602
:101D1000087208530855083508530830084D08ED77
:101D200008CB110C111121182939217819141935F2
:101D300031FB635F8CDF8D9F6C7F5BDF745F7CBFEB
:101D4000851F6C9C3A354ADA2A1632176C1E7C3E87
:101D500063DE32DB2A193ABA3B1B32B932596C7D49
:101D60005B9D73DD84DF955F9D9F8DBF7D1F647FCD
:101D7000433C32B72A3429D0210E1932321631F7BA
:101D800031F821D721D629B421B321B2219229CF0C
:101D9000298D3A2D3A733AF53AF543964BB4194CDE
:101DA000210E2A12222F10CB18AE190E19AF212C9A
:101DB000214B296921062967292831CA39EA29676F
:101DC0002948294B21AC18C918C910C918C8194E7F
:101DD00019D119AD29B421974AFE6C5F9D9F8DDA08
:101DE0006BFA4AD2528D74153A4C39EA290C739A1F
:101DF000957B5B3974994B3AA59FA5FF6CBB7434F6
:101E000063AD6B4B6B4B6B2B6B4B6B4B6B6B6B2AE9
:101E1000632B6B0A63095B0A5B0A5AEA5AEA5ACADD
:101E200062C95AA9DFCCDFCBE7CAE7C9EFE8EFE820
:101E3000EFC8EFE7F7C8F7C9F7C9FFCAF7CAF7CA8B
:101E4000F7C9F7EAF7C9F7C9F7E9F7C9F7C9F7C951
:101E5000F7CAF7CBEFEBE7CBE7CADFCAD7CAC78829
:101E6000A6C78E077D6A648A4BCB4C0F3BCF3BB134
:101E700043B5437842F932BA3A9A3ABA329B323988
:101E80003A58425A3A1831F42A1329D231D1298FBB
:101E9000194E090D010A08AA00AA00AB008C00CD5A
:101EA00008ED21302151194F114B090B108810A951
:101EB00010A808C8110908EA112D09901950299491
:101EC00031F83A1B3A3C42BD3A9D3A5D31BC21FCA7
:101ED00021DB21B921B71936111518F208CF108C62
:101EE00010700853087608780878089708D6089183
:101EF00000AF008C006A004808290869008A10A910
:101F000010E81188114A18CC108E108D106B2132F8
:101F100021B8217A4A5D63BE745F42FE6C1F7C9FCC
:101F2000749F7CFF6CBE42D73A7842978D1E9DFF0E
:101F300095FF6CBF541F431C4B5C539D433D3ABB04
:101F40003A5B325B533D6B7E73FE8CFF8D5F8D9FE2
:101F50007D5F6C7E3B3B321329B021EF20F229B527
:101F60002A3729B629D629D4199311911151218DD7
:101F7000218D298D212F295231B5295229D332D7CC
:101F8000437B2AF519931A52112C186A088B086A98
:101F900018A82127298731E829A7212729272925BA
:101FA00021052107190818C7110910E918E8190CAB
:101FB0002214223419F0297621FA52FE745F95DE3C
:101FC0006C1A53966B3184F8428F5B144B3263BBAF
:101FD0009DBE5BBA747C43379D3FAE3F8D7E953C82
:101FE0006C316B6C634B6B2B6B4B634B6B6A6B2B6A
:101FF000630B634A632A632A630A62EA5AEA5ACA8B
:1020000062EA62C9E7CBE7EAE7C9EFC9F7C9F7C9EE
:10201000F7E8F7C8F7C9F7CAF7E9F7C9F7C9F7C981
:10202000F7E9EFC9F7E9F7C9F7C9F7C9F7C9F7C978
:10203000F7CAF7CAF7CAEFEBEFCAEFEADFC9D7A8CA
:10204000B6E795E6750A542D43EE43D34BD45416A8
:102050004C183B773AD642D632D62A5619F519D5BE
:1020600019B31992115121AF3A133A1529F231904F
:1020700031F221F12A3019F009B311730154099595
:1020800019F73A763A342211198E090C10AA08C7AA
:1020900008C7190A216E21F3325632B832963256E9
:1020A000223421F62156111610D5109510B610B510
:1020B00008920070084E084E082D008D08AE08AF3B
:1020C00000D0013319D4217508D4009300B2084F11
:1020D000004D008908C71087086910AA18EC110C78
:1020E000196D198A110A1928112819071905110ED5
:1020F000215721DA217B217B299C219B297A6BDEC8
:102100007CFF747F84FF6C7F3B3921F341D9849F2E
:10211000AE1FAE7F963F7D1F645E537C4B9D3AFCA5
:1021200021F910F718F8425C5B7D52BE637F741F83
:1021300074BF7CDF6C5F3B3A22152213110D18CE61
:1021400021D521F4215118F118F1090F10EF194D83
:1021500022122A3221D321F51992110E10EC18AD5A
:1021600029123A99333B2A141A13194E0048086968
:102170001066186418A420C5296729A620A4210583
:10218000210520E618E810A810CF110C110610EB5D
:1021900029D62A7731D621F319B829FB4B7F5BDD8D
:1021A0007C9B6C587394A61E53D552B763B8641EBB
:1021B000A57F851E8D1E5BF8A63F8D1F9D9F957E7A
:1021C0006BF2638C6B4B6B4A6B4B6B4B6B4B636A69
:1021D000632B634A632A632A632A630A5B0A5AE908
:1021E0005AEA5ACADFCBE7CAE7CAEFC9EFC8F7C84D
:1021F000F7E8F7E9FFC9FFCAFFEAF7E9F7C9F7E926
:10220000F7EAF7CAF7C9F7C9F7C9F7C9F7C9F7CAAB
:10221000EFCAEFEAF7CBEFCAEFC9E7CBE7C9D78838
:10222000BEC78DC76D6C4CAE3C903C113BB44B9718
:102230004B9A4BBA53794B564AF6425422332233C7
:10224000223419F119F111EF19EF21D129F229D115
:1022500031B131D231F142734B1842D92A792A5B1C
:102260002A7D4ADC52DB3AB8323521B2112D08EA18
:1022700008C8210B29923A1A425C529D429D425A4B
:102280003238199310EF008E006D004D006F007012
:10229000004F08CD00AA0087084800AA093119D6C6
:1022A000327B329D3A9E29DB09160090008C002972
:1022B00000280066006408431042086520EC190EEF
:1022C000190C20E8296A298729472167214410A78A
:1022D00018CE193518F8193A219921D619B521992E
:1022E00052FE741F6C5F7C9F645D329721F7299BBF
:1022F000529E8C5F9DDFB6BF9E7F7D5F5BBE42DBE3
:102300002A7819D6095308B20852101218B6399A09
:10231000427D4B1E42DE2A9A32993A7922162214C5
:10232000197321F721B429D4299221F2225522755B
:102330002214193021F63AFA3ADB331A21D2116A03
:1023400010E9106D20F43A595C9B331221D25C18CD
:102350005C971A2C18C518A418632925290520E4B0
:10236000190518A410A6088708AE10AE18C618C91B
:1023700019542A192A171155221621FA2ABC42F893
:102380005B5563B67C39B67F9E9E3B154AF56BDD87
:10239000951F9D5F9D5F8D5DC71F751C745E53DC2F
:1023A0005B556B8B6B2B6B4B634B634A6B2B634A9D
:1023B000634A6B2A632B632B632A5B0A5AEA5AEA45
:1023C00062CB5AE9E7CAEFEAEFCAEFC9EFE8EFE8F4
:1023D000F7C8F7C8F7C9FFC9F7C9FFC8FFC9F7EAC7
:1023E000F7CAF7CAF7C9EFC9F7C9F7C9F7CAF7CBF0
:1023F000F7EBF7CCF7CBEFCBDFC9D7C9CFA7AEE66A
:102400009646756874ED64EF5D115CB24C3443D54B
:102410003B774B9A4B3B43183AB83A3532353A97AB
:10242000429A3A983AB83AB83B1743163AD54274AA
:102430002A3121CF221032515B597C5E53BC3ADBEA
:1024400042BB3ABB3A9C3A7B21F629F41971110C34
:1024500010C908E9088B109110D518D818B708D6FC
:1024600008950891006C084B008C006B084C008D9F
:10247000004E106D084B0888112D117321FA29BBED
:10248000195C113C10FB08B800B4008F00AB08A821
:10249000108508841062088110A119242928212898
:1024A0002927212520E4210318C220E321442124E7
:1024B00039C729AC21301115215821B51A321A52C9
:1024C00021B831FE429E531E957F855E32B921FAB6
:1024D000213B423E6B7F847F9DBFAE5F8DDF5C9E64
:1024E00032DA2A792A5721D322531A1119D11971B4
:1024F000191318F51956219518F421763259329985
:10250000329A325921F75338855D7D3D74FD649EC2
:10251000431D433C3ABA3ABA3A5B32BC2A5A2A15AE
:10252000221111AE1069184D39B44B9832D339F6D7
:102530007CBE8E3E6D1A43952A0D2105290410C3D9
:1025400018E410A410830846084D106B108710ED96
:10255000117531F942D919D4221911D33298323474
:10256000531439AF6AFBAE3EBF1F6CD94A9262F773
:10257000743D953F955FB61FC71F85BE641E5BFA0D
:1025800073D3636B6B6C634B636B6B4B6B2C632B09
:10259000630C632A632A632A630A630A5B0A630A79
:1025A0005AEA5AEAE7C8EFC9EFE8EFC8F7C9F7E90E
:1025B000F7C9F7E9F7C9F7C9FFC9F7C9F7C9F7C9F3
:1025C000F7C9F7E9F7C9EFE9F7C9F7C9EFC9EFCAE2
:1025D000F7CAF7CBEFEAEFCAEFCBDFCAD7C8BF47DE
:1025E000A6866D4654683BEA336A332A334F3B3143
:1025F0003B344B38431843163AB5221419F62A18BF
:10260000427B3AFB4B7C5BBC5BFC53BC537B4B3A41
:1026100032B63A7522313A3032B46BDE641D4B9AD1
:102620005B174B3A4B5C32FA329A32361991112FC2
:1026300018EC08ED08CC08AB006C0070009000515D
:10264000006F004E006A086B006B006A0049006A68
:102650000069004808480868199432BB327B191792
:1026600000950073003200100050086C00680843A9
:102670001082190419A919472165298631A72965EE
:10268000212429E6298529E639E7294431A639C7D5
:1026900042094A4B320B214E18F4199322922AF028
:1026A00032B129D721FA21797C3EA5FF857F3ABB3B
:1026B0002219221A321D425D6B7F7C3F959F8D7FD0
:1026C000645D3B3C3B1D32D83B1A32762195221586
:1026D0002A3731D621D529D532372A9829F621969D
:1026E00029F82A1919D62996635D7C7F8D5FA65F2C
:1026F0009E1F8D5F9DDF9E1F85DF85BF74DD64BDDE
:102700004BBB435C53FA435419AD206B3A72219092
:10271000211142187C3D8DBF755D53D7331010A435
:1027200018C4210419040844002D08EB1085102C4E
:1027300019F92134329921F419F622D82172221282
:1027400042B4314C42169D7EB6DFAEFE3A6E52D395
:1027500073F8847E849EA57EC6DF961F74DE63DDDB
:102760006B916B8D6B8E634B6B4B6B4B6B4B6B2B16
:10277000634A634A632A6B2B632B632A62EA62EA29
:1027800062EA5ACAE7C9EFC9E7E8EFC7EFC8F7E856
:10279000F7C8F7C9FFEAF7C9F7CAF7E9F7C9F7E9D0
:1027A000F7E9F7CAF7C9F7E9F7EAF7EAF7CAF7CBA3
:1027B000F7CAF7EAE7CAE7CAEFEAE7CADFC8D7A865
:1027C000AEC785E664C853EA3BEB238A234A1B2B3A
:1027D0002AEF2AD232D442D53A73221221D63A3A7B
:1027E00042DE4B9E641F641F6C5F6BFF53BD4B3C0E
:1027F0004AF932B42A72321021EF42D8847F7C9D8C
:102800006BF96BFB641E5BFE537C4AFA3AB821F409
:1028100019B21192091008EE106D086B008B006B55
:10282000008B012D01310151015100EF00CB00CA95
:1028300000C800C508AA090D2A1752DD217A00B583
:102840000030004A004800470026002300410840AD
:102850000861210529AA296919462986422A3A09C7
:102860004AAA5AEE636F6BF14A4C5B4E5B2E5B6E6D
:10287000428A31A731A829A920EE1133119119CE2E
:102880002A0C21B021F8219639FA84FF957F74FF34
:10289000327A42FC533D4BBF42DD429C849E8D5FA9
:1028A000855F753F541F431D4B5E4B1C435C2A796B
:1028B00042DA4B5C3B3B32F93257219521B63A78EC
:1028C0003B1B2A7721D52195295742BE52FF6B7EAB
:1028D00084BF851F849F951F9DBFAE5FA63F9E5FEF
:1028E0009E3F95BF855F85BE5CDD4BD7433342F18C
:1028F00021CD20EE187129B9637D7CBE7D7E4BB75A
:1029000019AA1947216618C4082A2A0E220A10E9B2
:1029100018F51A1922183B1B64DF43DD22112274BB
:102920003A53314E4AF67BFCA61FB6FF6C955271A6
:1029300074777C186B7C9D1FBE5FA63F647E855EAE
:1029400043D374777D1A63AB6B6A6B4B6B4B6B4BEA
:10295000636B636B634B634A632A632B630A6B0A83
:102960005B0A5B09E7C9EFC9EFC8EFC7EFC7EFE73D
:10297000F7C8F7C9F7C9F7C8F7C9F7E9F7EAF7CA17
:10298000F7CAF7CAF7C9F7E9F7CAF7CAF7CAF7CA21
:10299000F7CAEFCAE7EBEFCAEFEAE7C8D7C8CF88B4
:1029A000A66685866D6865284CC93C2B2BAB338D9C
:1029B000332F32EF32D132B242B132723A352A3746
:1029C0003A7B42FE6B9F641F7C3F6BFF63DE539C30
:1029D000533B4B175314325021CE19EF52FA847FD8
:1029E0007C9D63F9745D7C7F6C1E5B7D535C3A99C2
:1029F0003279221719D6195110CF08AC10EB29AD36
:102A000052F96C3D6BFD6C5D849D2AB91192110DDC
:102A100010E9092B08F0011008B1007100720031B3
:102A2000006E006B0069006408430861108110A209
:102A300010E318E4210629283A093A0842093147E7
:102A4000422A3169314931683989526D41EC7BF450
:102A5000634F532D4A8A298620E72110115108EE31
:102A600008C808A818CF219411154ABD747F747F37
:102A7000433D223A1A7B3ADD4B1D4B1D3A7E4A7E7E
:102A8000743F8D3F857F751F5C1E42FC4AFB4B3CAB
:102A90005B9D53BE4BBE4BBD537C4B9D437D431B47
:102AA000431A3258325619B41132197529BB429E55
:102AB0004B7F4B3E533E5BBF6C3F639E73BF84DED8
:102AC0008CDE955F8D5F74FF6C7F643D74DC6C57AA
:102AD0006CD7194B08A910B031F86BFD7CBF74DFBF
:102AE0006D3C3A513A8C42EE21CC4A933250196FE8
:102AF000113119562A9D42DD851F6D7F33BA22356B
:102B00003A7521AF39F662DBBEDFAE7F85794A2F99
:102B1000849A8CDB7C397BFDBE7F9DDF853FBEBF09
:102B2000859DC6DFD79F6CF16B8A6B6C6B4C6B4BD2
:102B30006B6B634A6B49634A632B632A6329630A9D
:102B4000630B5B09E7C8E7C8E7C8EFC8EFC8EFC881
:102B5000F7C8F7C9F7C9EFC8F7C9F7C9F7CAF7C97E
:102B6000F7C9F7CAF7CAF7E9F7C9F7CAF7EAF7CA20
:102B7000EFCAEFCAE7CAEFEAEFC9E7C8CFC8BF6834
:102B80009E469E49A6AB9EE986A9662A558B34AD22
:102B9000238E1AEF2A7032513A70322F4A314A94FA
:102BA0003A782A5A21FB325C4ABD52FE5B1E4B1D0D
:102BB00052FB42B842D44A72222E19CB11CE52BBDC
:102BC000841F63FC6C1B8CDF951F645F5B9E531D31
:102BD0004AFC327929F82194116E090E08CB08ECD1
:102BE00021563A1C4A7E52BE3A1B21DC191508CEEA
:102BF00010ED08F208F508F508D2006C004C002A28
:102C0000004C002900241041088210C219442145BB
:102C1000296641E9216518E42906318630C42082FD
:102C200028622821280230212822286520A5396A17
:102C3000420A6B713A0A4A6A296528E718EC110BB7
:102C40001108110510A710EB110F1937425C5B9F9B
:102C500032DE117A227A21D93B7F2A5C21DB21984E
:102C600031BC3A1D5B3F63DF63DF5BFE7CFE7D1E94
:102C70008D9F8DBF95DF8DDF9E1F965F8DFF85BF7A
:102C80007D5F645E4B5C225711B3114F08F01074E6
:102C900029593A5C433E6C3F645F539F647F3ADB43
:102CA00021383179425B5AFC643E541C645A42B26A
:102CB00029AE1949110708E8104A28F352DA63DDF2
:102CC0005BFD3A554B3574FD6D3B29F3325421922F
:102CD00019741995299A3ABF6BFE7D9F547E1A1478
:102CE000327732B43A784198AD9FA5BF857B529137
:102CF0007C7D84DE745A6B798CBE8D1F9DBFBE9F18
:102D00006D1EDEDFEFDFB71A6BAC6B6B6B6C634B6A
:102D10006B6B634B634A634A634A632B634A630A80
:102D20005B0A6309E7E7E7C7E7C7EFC8EFE8EFC863
:102D3000F7C8F7C8F7C8F7C9F7C9F7CAF7C9F7E975
:102D4000F7E9F7C9FFCAFFCBF7CAF7CAF7CAEFCA54
:102D5000EFC9EFCBE7CAE7C9EFC8E7C8DFC7CFA520
:102D6000AF059EC68EA78EC68EA786CA8EAC6DCDC9
:102D700054AD3BAD2B0E1A8D19EE218B21AB21CE1C
:102D800042554A5729F611D4119411B6217721D80A
:102D900029D729F421B139F14A74222F19AB116DC9
:102DA0004A5B637C539A5BDE8CBF9D7F7CBF53BEC6
:102DB0003ADC429C29F729D36B9653B5228F19AD83
:102DC000196F09320094089600B50096005000ACC7
:102DD00010F008B408D600D600B3006D00680045B6
:102DE000008400430861108210A218E4298721871B
:102DF000212529451925294521042062282038004C
:102E0000580068006800582050614820402038234E
:102E1000286428A731AA424C31E7314510C4210566
:102E200018C418E5190518E518C918EF19B8215B79
:102E300021BC119708F321F921DB2A1D19FA193554
:102E400019F921B929DC3A3D329D42FE4AFD535E13
:102E500073DF747E84DF8CFF953F957F9DBFA5FF58
:102E6000A63F8D3F7CDF4B7E32F9227311ED092B9B
:102E7000108C104D107331B83A3A32194ADB5BDDD1
:102E80003BFC435A3B5B535C851E6C5C5B593B7659
:102E900019F311AF118F19AF224F198F29F432771F
:102EA00029D63A943A346B5CB69F8D9D43172A37E6
:102EB0001174111619D821BB4B3F6C9F5C9F1AB837
:102EC0001994329A32BA2A7B6BDD7C3E853D5AD802
:102ED0008D3F953E7CBD53565B5B6C3F9D9FB67F9F
:102EE0006CFEC67FEF9FE79E74AF6B4C634B636BCA
:102EF000636B6B4B636A636A6B4A632B632B630A76
:102F00005B0A5B0AE7C7E7C7E7C8EFE8EFC7EFE888
:102F1000F7C9F7C9F7C9F7C9F7C9F7E9F7C8F7E972
:102F2000F7E8F7C8FFEBFFCBF7CAF7CBF7EAEFEA12
:102F3000EFCAEFEBEFCBEFCAE7C8E7C7E7C6DFC5DD
:102F4000CFC6C769AF299EC68647660765A95D2AB1
:102F50004C8B4C2E4B8F2ACF2A4D21EB31CA21AB03
:102F6000216E219131F552564A953A7419D3117355
:102F700011331131112E196C41D1421529CE094856
:102F8000092C3A154AB83A985B5E7C7F9D3F8CFFCE
:102F90005BFD3A7A32771A1142D68C9E8D1D4378AA
:102FA000223119B3197208CE10B010B200AF00ACC4
:102FB00008AF0872089200510070008C00C80887A2
:102FC00008A4086310E3190419042986426A29A792
:102FD000422831E83207296518A32041684098400B
:102FE000A040A0409060928AC597AD358C0F624892
:102FF00048813821204420E6424A39872965210446
:10300000294620C4192518C610A7106831F42218C3
:1030100019F719B4013119342A5B21B919BA21B849
:1030200019B7117409541936219729F821F829DBA9
:10303000425E4ADF535F5B3F5B5F533F637F8CFFC2
:103040009DFF9DFF95BF8D9F855F64BD43B8225155
:10305000112A08E9190D114B108C088C184F21D634
:1030600019F7199318EF20905B375B3631B332B6FE
:103070002A141991113010EF108C08AD086B18CF7D
:10308000215029CF323429DA6B5DAE1F95FE4B3AC1
:1030900019D91A1A097811F92A3C431F431E2259DB
:1030A0001194319832DB29D73A994AFA53BC425BE2
:1030B0008CDF9DBF853E53555B57639E84DF953FF4
:1030C00084FEA59FB63FC6DE85546B6C6B4B6B4B85
:1030D0006B6B6B4B6B6B634B632B6B4A6B2B630A9A
:1030E000630B630AE7C7E7C7E7C8EFC8EFC8F7E9AC
:1030F000F7CAF7CAF7C9F7C9F7C9F7C9F7C9F7E8AF
:10310000F7C8F7C9F7CBF7CBF7CAEFCAEFCAE7CAD8
:10311000DFC9E7CBDFCAE7C9DFE7E7C7E7C6DFE616
:10312000CFC6BF87B7279E867DA855084C694C2B14
:103130004C2E4BEF3B912B3222D01A2D19E911A9BD
:103140001969194B194E295039D35296527442724B
:1031500021F0116E114D190B112A214F319431B00C
:1031600021CA220C3A343A744299533D6BFF845F72
:103170007C5F539C3AF83A9622335B3E84BF953F7E
:103180005BFD2AB821B529D3110D110D194E094D3A
:1031900008EE00AC008A008A091119F61192110A92
:1031A00008C510A418C429462166322842293A07C6
:1031B000422831A762ED294630629880C880D0202D
:1031C000C08098A078809BD2BDBCAD7BA5399CB651
:1031D000949372EB38A2284220E54ACD3A4B29035A
:1031E0003166298618E3214E435C32D6315153BEF5
:1031F0004BBD2219117500B2323B223A221B1979BC
:10320000111519751A362214092D20EE219118B3C3
:1032100020D528F821DB219C31FD2A5E29DD52DEF4
:1032200084BE955F853F851F8D5F8D7F859F7D7EE9
:1032300064DA53D73333222D226C1187094608886C
:10324000082A18AA10E9296C5393296C42AF3A4F07
:103250002A10199111100890088D110C0990006620
:10326000102510A718CD21B919FC51DCA59F7DBEF2
:103270002A7C21FB1A3A09B71999221C19FA1995C7
:103280001933197219B519312A132A163A5831FB14
:1032900073FF9D7F7D5F5B985B5542B9641F7CBF68
:1032A0007CDD53FC9D5FCEDF9DDB6BEE6B4B6B6A71
:1032B0006B6A6B6A6B6A6B4B6B2B634A632B632B7A
:1032C000630B632AE7C7E7C7E7C7E7E7EFE8EFC99C
:1032D000F7CAF7E9F7C9F7C9F7C8F7C8F7C8F7E8B1
:1032E000EFC7F7E8F7C9F7CAEFC9EFE9EFE8EFE88A
:1032F000EFC9E7CAE7CADFE8D7E7D7C6D7A6C7A6A8
:10330000C7A7BF89B72BA66A8D495C49640C53EFE8
:103310004BD253D553F753D853B753544AF22A8D4F
:103320001A0911A80968192B190C112E29B141F19C
:103330004A32421029CC212C19280929110C421497
:1033400052B46B77741A53FA3B3942DA4AFD433F61
:10335000539F5B7E6B5E3A99327732385B7F743F66
:103360008CFF6C7F3AFA4B19329342934AD64B1733
:103370003296117000C910EE18F7111908D408CB55
:103380001085108310C229863A4A634F52CB5ACC1B
:103390005B0D52EC420A30A4A8C1E0C0D0C0C0808E
:1033A0009880584028A28457955C8D3B8CBA84B98C
:1033B0008CB794967BD04944304220E7294742AAF3
:1033C000294531C731C720EC535D647F29F74ABDD9
:1033D000747F53DE19D90913105219FB225A113484
:1033E000091208B1088E08EE118E223221F21973EB
:1033F00021B519B619B9197921DA21FA19371094BA
:1034000018F6399A531C5B5E63BF6C3F749F6C5F08
:10341000641E641C4376322F21EB29C92A08190641
:103420000866106821AD43534C1753754AF22A526F
:1034300021D421D6119400D110D132B41A13110E17
:1034400010E729AA328D10F2219B21BD6BDF7D1F71
:1034500032DE19FA11F909961155099409D5090DA9
:10346000192D192D190D112E192F112F299229D926
:103470005B9E84BF7CFF5BBA5BD75B5B4BBE747F9C
:103480007CBE4B567C5CBE5F95BD74B36B8B636B2F
:103490006B4B6B4B6B6B634B6B2B634B5B2B634BC4
:1034A0006B2A630AE7E8E7C8E7E8E7C7E7C8EFE998
:1034B000F7CBEFCAEFC9F7C8F7C8F7E8F7C7F7C700
:1034C000EFC7EFE8F7C9F7E9EFC8EFC8EFC7EFC7F5
:1034D000E7E8E7C8DFCAD7C7C7A6B766AF26AEE832
:1034E0009EA98E2D7DD17D3474566BF764175BD702
:1034F0005BDA63DA6BFC63FD63FD63FC5BBA5BD88C
:1035000074589D797C963B0E19C911480909194BCD
:10351000296C29EE320D29AA198819290928194B75
:1035200041F54AB873DE953F7CDE5BFD435C533E5C
:103530003ABD4AFD429A42BB223622343A3B4B3FC7
:1035400063DF84BF7CBF5BFE539C531A5BBC63DCB0
:1035500073FD42D9096C219029F6117400EF08A976
:10356000088508832946424A4A8C632F5B0E4A8CA1
:10357000420B62CF314890A1E920E960C900888000
:103580004840184119047CD8953B7CFA7CD974B921
:1035900074787C587C767BD04924280131883A2B7A
:1035A000292439C84ACC21693A175B9E323A29BB93
:1035B000533F645F329C1135086F09131157119501
:1035C00001320953193121F1221008EF21B32A17D2
:1035D00021D719F61114113411D4119419B519B554
:1035E0001197111610F40854105418D62916325A8F
:1035F000325A3217325332312A4F3A0F3B3232B5F8
:103600003B583B986C7A857D7D7F5C1C4357433AE1
:10361000433E3B3D223C117708B508D400B200CFB1
:10362000112E218A21AC217010B221BB221D329EA5
:1036300032DC21DA11B71172092F116E092C110A2F
:103640001949196C29CB110910EC094D29F2297679
:10365000533F7CBF7CBF6BFC53B96C1D6C1E9DBF80
:10366000751E53DA63BA7CDDA5FFAE5C6BCC6B6A6A
:103670006B6B6B4B6B2B636B6B4B634A632A632BDC
:10368000630B630BDFC8E7E8EFE7E7C7EFC8EFCAF4
:10369000F7CAF7CAEFC9F7C8F7C7EFE7F7C7F7C721
:1036A000F7C6F7C7F7C8F7C8EFC8EFC8F7C7F7E717
:1036B000EFC6E7C8DFC9CFA8BF27A6C79E6685C7E4
:1036C00065285C883C2A2B4B22AE22B02AB33A757F
:1036D0003A553A56425852DA633C637E63BE63DC25
:1036E00084BCBDBFA4DE63B7533342902A0C098962
:1036F000194939CC3A4B428E3AAE324F29EE198BEA
:10370000116C3A34531C6BFF9D1FA55F74BF539E11
:103710003A9C3AB942B932573A3632143256325C90
:1037200042FE63DF9DBF84DF6C5F5BBE5BBE63FEFA
:103730007C1F745E4B58327542DC42DC195208A87B
:1037400018A310C229C7528B4A8B4A6B524B5AECB2
:103750005AEE42095883D8A0F0C0D0C0804048201B
:10376000182110614AEE8D7B8D5C855C8D3B7CF968
:1037700074786C17643774156AAD5060302339E97A
:1037800042484A6A422A52ED294C39D621D619B705
:1037900029BC427E3ABE097408AC19B22A570912F4
:1037A00008D121D3433753DC6C7E545D439B3A9759
:1037B0002A3832B92A591A1811F82216223419D582
:1037C00021D6199609B409B51152090E08CC08ABD7
:1037D000082C102B10491049188A20CB292D215173
:1037E0003171192E188F20CF295231B431D31934A9
:1037F000317A4B3E5BDF3B5E19FC097700B300AFCB
:10380000082A10A820C810EC117210F4193A221CD2
:1038100019D719370974114E090B116D092A114E68
:10382000214A322F4B7621AF10ED19741A18215608
:10383000427D745F7CBF8D1E5B1A951F6C5EB6BFA8
:103840009E3F5C1D3AF53B1B7C9FB61F74706B6BF3
:103850006B8B6B6A6B4B6B6B6B6A634B6B4A632A4C
:10386000630A5B2ADFC8E7E8E7C7E7C8EFCAEFC922
:10387000EFC9EFC9EFC8EFC8EFC7EFE7F7C6F7C664
:10388000EFC6F7C6F7C6F7C6F7E7F7C7EFC6EFC646
:10389000EFC6EFC6CF84CF65BF04A6638DE47D0578
:1038A00054264BE63B672AC7228612671A682248CD
:1038B0001A0909EA09CB01AB116E19B029B5221515
:1038C0004AF6637A5B3843154AB43A713A2E4A2E67
:1038D0003A2D2A0C42CE7B997C3963D95B7842F52C
:1038E000325119AE42565B3C7C1D8CBF953F851F03
:1038F0006C7E4B5B3AD83A5842B722103A54325851
:10390000327A7CBE7CDE749E8D5F7C9F63FF5B9F02
:103910006BDF6C7F63DE5B3B3ABB3A3B193310EAEB
:10392000214529C73A89636E422A31C752AB634E9B
:1039300041C93126A881EA07D8C0A840400020200C
:10394000084208E384B6855C7CDB7C9B7C9A749996
:1039500052F33A715BF7639521085081582028E6AD
:103960005B0F528C294531A83168214A31F129D2A7
:1039700029B8219A1939093300EC10F1325D32FB74
:10398000097210D031D75BBE84BF8D7F8D9F753F8C
:103990003ADA2A3922192A9B22BC29D921F719D7C8
:1039A00011B819B80995119609930970120F11CC25
:1039B00011EB116A090B116C19AC222F21EE192D94
:1039C000190A08E810861064082510061809113134
:1039D000097708F8315A42FD4B1F2ADE09B800B0BA
:1039E00000CA008610A5086510AA1152113310F7FD
:1039F000097600D00911116D092B0913019111727B
:103A0000193232385C1E3B1B11721997329E19799C
:103A100019793A7D6C3E9DDE63DD8D1F951FC6FFD3
:103A2000AE7F957F22F111D4433C84BE74316B6B21
:103A3000636B6B8A6B4B6B6B6B6B634C6B2B6B2A87
:103A4000632B6329DFC8E7C7E7C8E7C9EFE9EFC918
:103A5000EFEAEFE8EFE8EFC7EFC7EFC7EFE6EFC633
:103A6000EFE6EFC6EFC7F7E6F7C7EFC8EFC7EFE639
:103A7000EFC6E7C5D7C4CF84B704A66495A584E490
:103A80005C2543842B4422C522851A661A661A8750
:103A9000326B2A8F42924A734274427232913A7167
:103AA000323022312A2F222E29ED2A0E19EC29EB51
:103AB000420F527352AF42F37BFC9D3F951E745CE4
:103AC0006BFB4AF421EF29D44A786BBE84FF94FF44
:103AD0008D1F84FF5BFC431932953A3421CF425647
:103AE0003AD7AD7E8CDDA5FF959F7CDF743F5BDF11
:103AF0005BBF63DF537F5B3D52FB3217216F194879
:103B000021464A8B638F6BCF42484AAA5B2E6B706B
:103B1000528A48A3D8C0E944C880684020200841A0
:103B200010E329C87C987CDA6C1952F474593A3144
:103B3000002719094AF431F008862861588040208E
:103B400020C629463A4921253A0929663172541E70
:103B500021B51995091108CD00A9088F193A2A9F96
:103B60002A9B111010B21918423D639F749F74FF75
:103B700053BF3AD92A1521B71977193709151156A4
:103B80001176225B19971196195219F311D01A4F19
:103B90001A70224D29ED196C19491929190910E6D5
:103BA00010C31063108418C4110510E41045190ED9
:103BB0002156121B225D1A3B197B21BD1A5D01158E
:103BC00000AE00CC192B21D0216E08CB18AD197294
:103BD00000B100AD082808EB00CF091609F911144F
:103BE000217A29DC641F53DE2A1A2A7A2A5E09DA2E
:103BF0001114217973DE8DBF84DF855F8D1EB65F62
:103C00009DDF955F4BF83B37541E433A6BB3736CA3
:103C10006B6B6B6B6B6B6B4B6B4B6B4B6B4A632BBD
:103C2000632B632AE7C7E7C7E7C8E7C9EFC9EFEA2D
:103C3000EFCAEFE9EFC7EFC7EFC7EFC7EFC6EFE691
:103C4000EFC6EFC7EFC8F7E9EFC8E7C8EFC8EFC79F
:103C5000EFE6EFC5DFC5D784C704B686A6078D2774
:103C600064C7544A3C092B68334A2B49434B534D94
:103C7000430C2AAB2A8C29ED29CE39EF32104210A1
:103C800041F029F02A0F21AD31AB424E63766B969D
:103C90003B722A8E4A904AD452F86B9E7C5F8C7F8E
:103CA000845E845B73F92A6F21AF3A576BDE8CDF39
:103CB0008D1F84FF84BF6C1E433A3A753A54321507
:103CC0003A7739F63A38741C9DBF7CFE7C7F5B9F47
:103CD000537F4B1F535F4ABE3A9B323621B129AA0C
:103CE00031E66BB07C937C3173D05AEC5B2C5ACDAF
:103CF0004A4A8061E860D0A090402821102208A3A1
:103D000021263A2B6C376416216D29CC4AB2002645
:103D100000020024192A08E6006310613860504050
:103D2000312552CC422931A739C9318628CD5B7E55
:103D30003AFC091000EC08C900E6004710D619FE4D
:103D400021FE19D819312234107320B8423C531E79
:103D50005C1F4B5A4BB942D832B819550934195621
:103D60001A1711B71115113319B22A752A75223194
:103D70002A3031ED29AC21AA19681986210610C50F
:103D80001926118B097219AF328D2A09216619285B
:103D9000188D08721096115A099A1118111911B834
:103DA000004C00ED10EA10EE195211B409B40910DC
:103DB00000EE010C0084002800B208D81A1E08F595
:103DC000119A21BD63FF747F323D535E32DE1A5C6F
:103DD000111529986BBF7D7F7C9F8D3F9D9F8D3FE7
:103DE0006C7F7C7F7CFF8D5F7D1E2AD652F36B6BD0
:103DF0006B6B734B736B6B2B6B4B634B6B6A634AD5
:103E0000632B632ADFC7DFC7E7C8E7C9E7C9EFCA83
:103E1000EFCAEFC8EFC8EFC7EFC7EFC7EFC6EFC6EF
:103E2000F7E6F7C7F7C9EFE9EFEAF7C9F7E9F7E807
:103E3000F7E9F7C6E7C6DF45C6E8A66A8D8B74EBDF
:103E40006C8B542B43EC3BCD336D3B6D436D534D2D
:103E5000532B530C5B6F52CF428C3A6D3AAE3A6F94
:103E60003A2E3A1031F021AC296A29EB3A71737A73
:103E70008C7F849D63D73AD33AB552DB631D5B5D7B
:103E80006B7C5B9B73FD6C5C3B332A9142BB6BBFCD
:103E90007CBF955F84BF5BDF537D3A9A32542A35ED
:103EA00021B329B5199429F59D9E84FE5B9E327F2E
:103EB0005AFF4AFF427E3A3C2A594AB652F43A4DDA
:103EC0004A8C5B0E7C527C11630D52CC52CC52CD8D
:103ED00039A8A021E881C0E0604018210862194596
:103EE00018E54AEF5B744B12004510C8108700229A
:103EF00000010021006321650882084118415060DB
:103F0000484121075B4F4A6B310529A6290831B684
:103F10002A1C10F1090B10C410A40886082C10D715
:103F200019DC119A111632381A37221B2A7A2A19EB
:103F300019783A1B2A3929B4323832B9333A2A5817
:103F400018B222182277223621B629D62A181974D7
:103F50001133092F10EA21D033152AB22A0E21ACD1
:103F6000190E1134223C2A7B32743A0F324E29EC5E
:103F700021B010F10917093808F50071005300B499
:103F800001310048008A1950329A229C11DA121825
:103F90000150090D00CA006D08B208D919DD117A67
:103FA000195C21BC531F539F3ADF5BDF4B9F2A7C78
:103FB000217642B86BFE7D5F74BF84DF7C9D63BD5C
:103FC000537E539E531D6BFF63FC1A2F4A4F6B4C5D
:103FD0006B4B6B4B6B6B734B6B6B5B6B6B4A5B6ACB
:103FE000634B632AE7C7E7E7E7C8E7E8E7C9E7C93C
:103FF000EFC8EFC8EFC7EFC7EFC7EFE7EFC6EFC6F1
:10400000EFC6EFC6EFC6EFC6EFC6E7E7E7C6EFC7F6
:10401000F7C9EFC8C72996677DE965475CA84C4793
:1040200043EA43CC43CC3BCD4BCF3B6D430B32C932
:1040300032A942AA532E4AAF42AE3A4F31EF39B0BD
:10404000296F292D210C190921683A0E3A50327135
:104050003A75631A83DD843D537842F84AFA4B1A65
:104060006B5A533B435B7C5F84BE4BB832B64A7C91
:10407000533E741F84BF749F4B5D431C3A772234B8
:1040800029F419941954113373B96B9C31FA221C19
:1040900029DC3A5E325D2A3A21B729F431F4220D47
:1040A000422B3A6A84327BF15A6952EC420A3188D7
:1040B0002905A800E0A1B8A13840086108A329A6F5
:1040C0000862214A3A2F18E9002200030002000189
:1040D000000100000002192510C40042108148A10F
:1040E00068602884290828E428E339C73187296BC8
:1040F0002150088E008808C510A721B31111108E19
:1041000010D508D40932191332BA435E437D537D6A
:104110003B3D221822192A17111119D421F632BA5F
:1041200021F41932195319F529D82A5A2A7A223733
:104130003AB72AD91A1310EC106E2A154BDB4BB97B
:104140002AF8199610D5111621961974093029D418
:10415000431D53BF53FE2AFC227A09F400EE002CC3
:1041600000CE08EC004A08B219BB331F3B5E1A5C54
:1041700012391151125619342A76221A115B11394B
:10418000111A195A3A9F4B1F3A5E5B9F4B7E221BB6
:10419000321753BD5B9F7CFF6C3F959F43173A7965
:1041A00022182A37116F1933195011AE4A906B4CEF
:1041B0006B4B6B6B6B6B636B636A5B4A736B636BB1
:1041C000632A634AE7C7DFC7E7C8E7E8E7C8EFC87D
:1041D000EFE8EFC8EFC7EFC7EFC7EFC8EFC8EFC70B
:1041E000EFC8EFC8EFC8EFC7EFC7EFC7EFE7E7C605
:1041F000E7C6E7C5C785B747A6C686466D87650883
:104200005CCB5C8B53EA43AC4B6D32EC2A892A8938
:104210001AAA224A2A6B3A2C21EC198A0949090662
:10422000090510E408E419052127216A31EF4A73D2
:1042300042954AF44B56637973BB73DB63DB535986
:1042400053394319533B4B5D847F953F6C7E3B3B19
:104250003ADA4B3E537F743F745F5BBE4B3D32B9DD
:1042600021F31992195208EF0931211421DB3ABCCC
:104270002A7C21BB21FC21B8197419B419B221EF91
:104280003A0A428B73B0634D4A695B2D5ACC3A2986
:104290002904B020D881A0612841008108C4298662
:1042A00000210044106700240021000100200001CB
:1042B0000001000000010863212500A2106228818E
:1042C0006820386120E4310328E221252986292746
:1042D000216810C600AC00CF00D11118119910D080
:1042E00019951154110F11911976323D537E53BF18
:1042F00063FF5C3F331B19971A58095121136CFE59
:10430000649E649D541D2AB9221619D629F9331CBE
:104310002A9A325B32DB331A32D411501872297464
:10432000325A435B4BDC227711F508F209540977C6
:1043300029BB535F647F649F5CBF441E2AB72AD6A3
:10434000117111950930088E08F8217E42FF4C1F2B
:104350002B3E19FB3B1D331B53BD549F1A1911B93A
:104360001917111929DD323E6BBE84FF4B5F2A9D60
:104370003ADD647F4B7E63BF4B1E959F53B94AF76E
:104380002A962150218E21F2199029AF5AAF636AE3
:104390006B6C6B6B6B4B636B6B6A636A6B6B6B4ABF
:1043A000634B6B4AE7C7EFC8EFC9E7C8E7C8EFC878
:1043B000EFC8EFE7EFE7EFC7EFE7F7E7F7C7EFC6BD
:1043C000EFC8E7C9E7C8EFC7EFC7EFC7EFC7E7C751
:1043D000EFC8EFC8E7C8E7C7E7C7BF67A6A9860960
:1043E0007D2A5CC944283BEA33AC42EC3AAB32CB81
:1043F000224A1A2A120911E912071A081227322B27
:104400003A0C322C3A4C2A4C2A4B3A6D3A4D2A0C33
:104410002A2F533573FB743D641B5C1A741D6C3E6C
:104420005BFC4B594338535C4B3D743F84BF6BDEA0
:10443000431C4ADD42DE42BF5B3E6BDF433E3AFC3B
:104440002A562152112E192F321008EC19363A3CF7
:104450006BDF63BC19D9219721721110196F21707C
:10446000214C39CA4A6A632C5B0B5B0D630F422AED
:104470003104B060D060886020610061110429A619
:104480000021000100020002000100010001000102
:104490000000000100010021212410A2086218413F
:1044A0006860486129454A6A39C7294531A731887A
:1044B0002987214510AE095910B510F8115808B2D6
:1044C00010D421D721F31991113308F81959191A69
:1044D000425E537F4B9F335D11B809B508CF42163A
:1044E0005BDE7CBF74DF547F2ADC1975217629D806
:1044F00032DE437F643F647E545D441C3AF82A7682
:1045000029D643BB2A5822192AFE129B0976093361
:104510000853219A431E535F53BF53BF32FD2A5B9A
:10452000437E4C1E333B0996099708F8191A325EF0
:104530002ADF11BC21DE3B1F323C5C3F3BBC1A3AF8
:1045400021F71973113619FA293B39FE3ADF2A7D12
:10455000329D645F439C3A7C3A9B851F647C4AF998
:104560003296190E10EC1993323321EA526A736AAB
:104570006B6B6B4B6B4A638A6B6B634B6B6A6B4AFF
:10458000636A634AE7C7EFE9EFC9EFC9EFC8EFE92C
:10459000EFE8EFC9EFE8EFC7EFE7EFC7EFE6EFC7E8
:1045A000E7C9EFCAEFC9EFE8EFC9EFC9EFE9EFE8F4
:1045B000EFE9E7CAE7CADFC9D7C9B788A72996A92B
:1045C0008E2875C7550844882C081BA81B070B07A5
:1045D0000B28132823083B0B532E5B715392437116
:1045E0004B305333639763BA5BB95B5542D23A7031
:1045F0003AD24AD34B587BDE94DF94FE7CDF5C1EBC
:10460000641E63BD5BBB5B5A531B4B3D537E6BBF4C
:10461000539F42DB32784A9D327B2A5C427E3A9D30
:1046200032392193115018EF31F029D008AD1937E4
:10463000321C73DF4B1B21D52A1519B121B0192D5E
:10464000212B214831866B6F73AE630D4A2A31A747
:104650003104A840D080988028601042190431C7E6
:104660000001000000010001002000210000000105
:1046700000010001000000012125088208411860A6
:1046800060A0606021054A0B39A7316539E939E935
:1046900031E831E7296C111510B510F50914006FD8
:1046A0001052195632DC197321960937113610F45D
:1046B000197A195C3A9E539F331E11F608F074164E
:1046C00095BF955F84FF6CFF5C5F3AD91A1419B2ED
:1046D00011162ABC2A9E323C3ABB3B3B4AFA4B5E3F
:1046E0005C5F647F5C5F545E439D22BD11DB01B65D
:1046F00000CD082C10333A1A431E331F1A3A1117F3
:104700002A3E4B5F53DF32FD11D80937093710D6E7
:10471000095900B4099C221E227D537D5C1E22197A
:104720002AB81152113522DD099810FA213B21BB1C
:104730002A1E53BF331921B33A99641E74BE42B87E
:104740003AD74B55116D110F216D31C96AEA6B4B88
:104750006B6B6B4B6B8A634B636B6B6B6B6A634B03
:10476000634A634BE7C5E7C6E7C7EFC9EFE8EFE881
:10477000EFC7F7C8F7C7F7C6EFE7EFC7EFC6EFC653
:10478000E7C7EFC8EFC7EFE8EFE9EFC9EFC9EFC937
:10479000EFEAE7CBDFCBDFC8C7C8C7C8C7C8BFA829
:1047A000A72896A87627660855A835483CA8242847
:1047B0002C0A33A9336A436D4B907C36849B6C9BE7
:1047C000745B7C7B6C5B643B6C1C73DB63D9535800
:1047D0004B5553563B1532964B1B73FE8CBF8CDFEB
:1047E000745E5BFE637C63BB4B1942BA4B3B63FC5C
:1047F000641D5BBD4B3A3AD942FB3ADC19F821D82B
:104800002A1A21B6116F08ED08CE191020F008CE33
:10481000211939DC5B5F433C2A17325829D331D246
:10482000194C21272145528C6B4F4AAA528A31A735
:104830003186A040D8A0A8C14080084218E429E7EA
:104840000041000000000001000000000001000124
:1048500000000000000100002105088200411060F6
:1048600070A078802883414531662925318831E858
:1048700039C731E8316919501138013508AF00AC3A
:10488000002A1116199A09D71956095608F3011268
:104890002178227C19FB21BC2A1C1195090E31704C
:1048A0005AD86B9D6BDF63FE539E535E435D331D91
:1048B000229B19B908B5111521B8115610D4213A07
:1048C0002A1D3A9D3A7E431F437F32DE11DA0111E1
:1048D00000AA00A600270809100E089110D2086E41
:1048E00021153AFE42DF223D11DA11B500D1086FE1
:1048F00000D0006D0852097B1A1D427732B8195456
:104900001930115121BB43DF1ABB091308D3199584
:104910002A1C4BFF2B1929B4435E42DB5BBC4ABA0D
:104920005B9C649E2AB421B22A344A936B2C734A4E
:104930006B6B6B6A6B6B6B4B6B6B6B6A6B6B6B2A2A
:10494000632B634BE7C3EFC5EFC6EFE7EFC7EFC6D7
:10495000F7C6EFC7EFC7F7E7EFC7EFC7EFC6EFE65A
:10496000EFE8EFC8F7C7EFC7EFE7EFC8EFC8EFC84A
:10497000EFEAEFCAEFEAEFC9E7E8DFC8CFC7C7C67B
:10498000AF869F46970786E96E4A3DAB3CCC340C18
:104990002B6B2AEA3B6E63F56C5A6C9B7CDD74BE14
:1049A00084DE84BF84FF84FF7CBF745E73FB6BDB9B
:1049B0006B9B6B995B594AF742B642D84ADB635D01
:1049C0005B5D5B5D639D5B5C4B3A52F97C5BAD5E0E
:1049D000953E7CDF6C1F4B5C3B1B531E531D19F631
:1049E0002154299519B3195200CB00CC189018D234
:1049F00010D32159321E639F539C2A36219529B426
:104A000029D1192819453A07736F52EC52AB4A4A1B
:104A10003A098060D0A0C8C16080104110A329A7C6
:104A20002144000000000001000000000000000020
:104A30000000000000000020212508820021104015
:104A40006080788041A852CD422B3187294531A61C
:104A5000294531A73208196C08B5013708B408F4A4
:104A600008AD10D5115809381115111408AE00CE33
:104A700008B108B7325B2A7B097408F0088A082756
:104A8000084B189110752159329B2A392A7A327BAA
:104A9000329C2A7919D3008A0809082D084F0893F7
:104AA00000B508D21874197A21FD2A9E22FE1A3AFE
:104AB00009D6097300EE0087004408040805004584
:104AC00008691073195A119A21F52A12090F008AE0
:104AD000002900CD00690050011510AD116F114E75
:104AE00018C918EF21DB32FE22DD0132113032F914
:104AF0001ADC2ABD1A1821B94B5F29F33A785BDE1C
:104B00006C7F647F2AB421D642BA4B13636C736AFC
:104B10006B6B6B6B6B6B734A6B6B634A6B6B6B4B47
:104B2000634B634ADFC3DFC4E7C5E7C4EFC4EFC527
:104B3000EFC6EFE6F7E8F7C8F7E7EFC6EFC6EFC650
:104B4000EFC7F7C7EFE7F7C8EFC8EFC7F7C7F7C872
:104B5000EFEAEFEAEFE9EFC8E7C7DFC7D7C7C7C695
:104B6000B7C6A78697087E2A554C3C6E2BCD232CC2
:104B70002AAB32CC539163D97C3E94FFA57FADBF65
:104B8000ADFFA5BF9D7F8D5F7CFF7C9F641E4B9911
:104B90004B575B183AB73AD7427742583A363A778A
:104BA0003A783277429752DB5B1B427832766B99C8
:104BB000BDFFB5DF953F7CBF53DE437E4ABC4AFD57
:104BC0001A15092E113129B80930008910AE10CFFD
:104BD00019321157197B3A7D6BDF3AFA21B62173EE
:104BE00029B3299021263A477411741239E84A6B87
:104BF0005AED5904B860C8A090C030200843212560
:104C000031E700400020000000000000000000002C
:104C100000000001000108A21925106100201040C9
:104C200060408840304330E728E728E52945298659
:104C300031E8214B320B29AC00B30050009500B590
:104C4000009108B311181117087208B000CA08893A
:104C5000108A08B108D508D308CF10EC090A08EB70
:104C600008CC004C1091093410CF1950115210F596
:104C70001937199821F91215094E08C70867090F45
:104C8000111319B610CE115519592A3E32DF331FB0
:104C90002A9F227D1238119111B11191092D010A1B
:104CA00000C60806002D006E002A086800240003D4
:104CB0000003002708AC08AC088B0846088610479C
:104CC00018A520EC29B82ADE1B1E09151176331D04
:104CD00022BA11961135197B3AFE29703A9B537E00
:104CE000531E539F537B327A42FC5B566B6B6B8B2C
:104CF0006B6B636B6B6B6B4B636B6B6B634B6B4A7D
:104D0000634B634AE7C4EFC7EFC6EFC6EFC6EFC613
:104D1000EFC6EFE7EFC7F7C7F7C7EFC6EFE6EFC796
:104D2000EFE7EFE7EFC6EFC8EFC8EFE7EFC6F7C66C
:104D3000EFC9EFCAEFC9E7C8E7C7DFC8D7C7C7677A
:104D4000A6C696277D8A5CAC43ED336E2AAD226AF7
:104D50002A4B3A8B42CF4AD5535A6BDD847F8CDF86
:104D60009D3F9D3F9D5FA57F8CFF84DF7C7F743DD1
:104D700063D953163AF34A96323221D1219331D472
:104D80003A36321432122A133A1642373256323435
:104D90006BDAA53F84FF849F84BF643F4B7E42BC97
:104DA0005B3E2A34010C29D619B508EA088A10EEB0
:104DB000297419B6115721BB21F931F92197199599
:104DC00019532971296C424974117C123A0639C66B
:104DD0005ACE49A89060B8A0A8605000104110A316
:104DE000296621640020000000000000000100018D
:104DF000000000010001112310A300610821102010
:104E0000602080203041210428E320E329043A086F
:104E100052ED2129108810AB0092004C006D008FDC
:104E2000002D002E109208D200CD006900C6088621
:104E30000846104A004C08EF08CC18EC197311977B
:104E4000091300B2004F002C088D19532A3B2AFE8B
:104E5000229C11D9097811751951092A092A08EEDD
:104E600021931176115319751A1D2A7F433F3B3F39
:104E7000329F1A3D19B71110117609780955010FA3
:104E8000008700220006008B00CC00EA0085004469
:104E9000008500450004082710E809060861104253
:104EA00018C421291134017A0A3A09150957227DBB
:104EB00011B711D711F6197A3279216D29B42A1454
:104EC00019B629BB3ABC42FA3AD85B556B6C6B6B8E
:104ED0006B6A636A6B4B6B6B6B8A634B634B6B4A9E
:104EE000634B634BE7C4E7C6E7C6E7C6EFC7EFC748
:104EF000EFC7EFC8EFC8EFE7EFE7F7E7F7C8EFC98D
:104F0000EFE9EFE8EFC8EFC8EFC7EFE7EFC6EFC68E
:104F1000EFC8EFCAEFCAE7C8DFC6BFA5A705A64618
:104F200095C685676CA953AA430B2AAC1A0C1A299B
:104F30001A092209224B2A6E2A723AD642D84ADB33
:104F4000535C5B5D5BDE6BFE63DD6BFD73FC6BFBDB
:104F5000739A5B3763354AB542532A1119CF21CF73
:104F6000116E114E31B029D029AF219029D53215BB
:104F700032759CFD6B5C533E63BF745F747F539EC0
:104F80004B3D537E537911AF32551A10010810ED85
:104F900021112195219819782199217419351933F6
:104FA00018F2214C214D3A2B6BB0638F5AEB39E646
:104FB00041E94A6B70C2B060C8608820302010613F
:104FC00018A229A521850040000100010000000170
:104FD0000000002010A318E30862084108202820E0
:104FE0007840700030823A0931E7316629854A8B72
:104FF00039C929E708640885084A082A112E092AB0
:105000000825088908CC088D108908850866008B5A
:1050100010CF00CE00CC090B095008F010D4113885
:105020000137093508B100F00089002C1076113CD9
:10503000219D19BC11FB197810D1092C11311A1BB3
:105040002A3B11D80956089310F719BD223E19BD05
:10505000119C093700AE086C1A181A7C1A5A0913E9
:1050600000CC0021082110641089086800A50844BC
:10507000110A194D08E80083108310C310A21062B2
:1050800018A318A5008C00F1012F088F091411979F
:1050900010F6125C121610B129F3216B192C19505D
:1050A00009332A7A433D42F732765AF16B4C6B6BE7
:1050B0006B4B634A6B4B634B636A634A6B4B634B4B
:1050C000634B634BE7C5EFE8E7C8EFC7EFE8E7E7F7
:1050D000EFC8EFC8EFE8EFC7EFC6EFC6F7C9EFC9F3
:1050E000EFC9EFC9EFC8EFC8EFC7EFC7EFC6EFC60C
:1050F000EFC6EFE6E7E6D7C5D7C4C743B6C4AE46AA
:1051000095A685076427436A3ACB2A6D228C228CA8
:10511000226B2ACB42CD3AEF42F23AD342D43A95AF
:105120003A9442D63AD842D843174AF853374B56A6
:105130004AF642D34AB23A7142323A132A324274A0
:10514000323229F03A302A0E3A3129B021AF298F74
:1051500031B23A3621F719B731FC531F5B9F637E9A
:10516000535F4AFE535E5BFD5C1CBEBE7CB70949C3
:1051700008EB10F11976199419131914193210D07B
:1051800018EF18ED196B19895AEE7C72845152A9E7
:1051900041E7424A5A6B9860C080C06080603060CE
:1051A000106210C4318731A611440882004008A261
:1051B00008E1110310E4088208410840102048204B
:1051C000784068002924298620E428E44A8B3A297B
:1051D0003A08426918E521061925084421AC08E877
:1051E0000063082408AC08EA004508850848008FD9
:1051F0000872008F00AE08EF1153095708F508D662
:10520000095700F200B208F40910010E01110997C4
:10521000091608D608F808D708F1090E082E00B4B8
:1052200010F909590938017700F2089211761158DE
:105230000137008E0047080610B019971A39097116
:1052400008C80841188018E218E310A2108108214C
:105250001042186410A4088310621061084118827B
:1052600018A310461A0D00880068088C19D208CCC3
:1052700008D5121D09F3104921F51107192910ADA0
:10528000117442BB42D932D14A93630D6B4B6B4BC5
:105290006B4B6B6A6B6A6B6C5B6A636A6B6A634BC2
:1052A0006B6A6B4AE7C5EFE6E7C7E7C6EFC6E7E616
:1052B000EFC7EFE8EFE8EFC7EFE6EFC6F7C8EFC8D4
:1052C000EFC9EFE8EFC8EFC7EFC7EFC6EFC5EFC410
:1052D000EFC4EFE4E7C4DFC4D7A3D763BEE4AE45B1
:1052E0009586748753E83369432D3AAE330C3B2ED1
:1052F00043705BB263925B72537453555B144AD430
:1053000042D33A73327332322A323A534AB542B4F4
:10531000531363554B3342B242713A502A713A5299
:105320004A342A122A1139F23A10219031B22990C6
:10533000298F212D197121741975197839DC2A3CAE
:1053400042BD4A7D3A7C535F74DFB5DFB5FF853BD4
:1053500032D108EC113221761973090F0932110F7D
:1053600018ED10EC09291127212773908473634DE0
:1053700042283A0A73B45A099840B860B84070A0FD
:1053800030600881108320C5296531662165296751
:10539000192410A2088208600840084028206020D4
:1053A0007800482018C439A729663A2963F23A6878
:1053B0003A0942492985106421054AAC328D088496
:1053C0000044006400470847006500270049006E5C
:1053D0000070008F00AE006E082F0094091708D6E9
:1053E0000051084F002D002E21B021F200F408F6E4
:1053F00000D608B30891095411F811961175097671
:1054000010D608B300F408F300B100AC114A108BB9
:10541000004B00460002080108441049086C008B4C
:1054200010CA192718E128E22902190218C218C166
:10543000188020C22124108310C210C1188118C204
:1054400010E210682A6F0085084509512AFA112CCC
:1054500010B401B80950108810AC08A5212A20EF1B
:10546000323842B83A724ACE5ACB634B634B6B4ADE
:105470006B6A6B6A6B4A6B2B636A634A6B6A634A3B
:105480006B6B634BE7C5EFE5EFC5EFC6EFE5EFC626
:10549000EFC7EFC7EFC8EFC6EFC6E7C6EFC6EFE747
:1054A000EFC8EFC9EFE8EFC7EFC6E7C6EFC5EFC437
:1054B000EFC4EFE4EFC4E7C5DFC5CF65B6A595C47B
:1054C00074E55C4853A83B68438B438E538F4B91E4
:1054D00053B363B55B935B7253545B364B145314F5
:1054E00053144B14535643353AB23AB23AB34AB511
:1054F000631573F98C9E84BC64195B973AD332317F
:10550000321042743A7231CE29B029AF296E214F40
:10551000214C298D296E2150217421741955199718
:1055200021B931D929FA42DF323D3ADD6C3E8D1F77
:105530007CBE32B6092E19342174116F1950092E10
:10554000112D114B090718E510C431A884547C3281
:105550004AEA52CE63537C3461E8A040C020A840A0
:10556000706038602040186210A310A3108310648C
:105570001062084108411020102028406040784007
:1055800060203125210420E539A9426C424B4ACBE9
:105590003A0831E73165296618E639EB3A4B08637A
:1055A000084300660025082500260027004A006DF4
:1055B000004F002D002A0007082B19920892005175
:1055C000008E000900050009088B190F195419B83D
:1055D00011B9097508EF08F4091A117A0937093663
:1055E00001150090008F00F000EE0027002300035B
:1055F000000200011040108018801861186318A381
:1056000018E410C5108128C239A629A520C2292373
:10561000292331A6426A39E72965214429232964CF
:1056200018C3088719AA08E5088A1A7912FB090B1A
:1056300000AE009000CF08A50885110900870888F2
:1056400008CC08EA218F4A6D5B09634B634B6B6B97
:105650006B6A636A6B4A6B4B636B6B6B6B4B634A36
:105660006B6A6B2AE7C6E7C5EFC6EFC6EFC7EFC6A2
:10567000EFC7E7C7EFC7EFC6EFC5EFC6F7E6F7C757
:10568000F7C8EFC8E7C7EFC7EFC7E7C6EFC6EFC574
:10569000EFC4EFC4EFE4E7C5CF84BEC39DE47D054E
:1056A00054254BC94BC83BE93BEA33EC3BCE3BAFFF
:1056B0003B904332433243123B1232D242F25353B5
:1056C0005B755BB75BB963BA6B79537853373AB59F
:1056D00032724B176B7D7C3F9D1F9D5F7CBD5BDBFA
:1056E000433742D64AD5427142704A5131CE216C7D
:1056F000218D29CF21B031911950110F1912295341
:10570000193419551977213821DA223C3A9A63DD88
:105710005B9E4ADC535853364B3A433B2A962A54F5
:1057200029F0218D110618C310A210C441A9843498
:105730008CB44A8A420C6B73633059C79000A8003E
:10574000A80088406840508040E1388118611861A5
:1057500018401820184020203840586078407020A9
:10576000406131E9298720E32967424B4A4A4AAB25
:1057700042083A082144214618E418A42126194475
:1057800008A5088300220023084500680028004976
:10579000002A002A00280046004A39F031AE11AF35
:1057A000013200AE00A800880069002A104E086F80
:1057B00010B108CF008B084E0073009500B508F3B8
:1057C00000F308F208EF008A00660064004200411E
:1057D00008410820108210A410E418A221033124EB
:1057E000314439A639C631A552AC5B6E42494A896B
:1057F0004AAA52EB636F5AEC316510C42924316513
:10580000294610C7322A214518AB09D609B40888A1
:105810000067004A088D08A310C408C30064088903
:10582000090B116C31D05AAD634A6B6B6B6B736BA8
:10583000734B6B6B6B2B6B6B636C6B4B6B6B6B4A58
:105840006B4A6B4AE7C5E7C5E7C6EFE6EFC7E7C7B0
:10585000EFC7E7C7EFC6E7C6E7C5EFC5F7C6EFE78F
:10586000F7C7EFC8EFC7EFE7EFC6E7C5E7E5EFC556
:10587000EFE4E7E4E7C4DFC4BEE4A62375645C6438
:1058800043C55C0A5C494C69446A4C2E4C10443157
:105890004BB24372437153944B76437553556394A3
:1058A00074577C9B747D643A53DA63FD5B9A6BBAE0
:1058B000535742B53A9642BB637E7C5F8CDF8D1FA7
:1058C0006C7D539B3B1742F532942A1139F341D337
:1058D0002970216D216E214F21312170194E08CD83
:1058E00018AF10D008B119142137195721B821B9B0
:1058F000199721FB2218423B5B7E6C9F5BFF53BED6
:105900004B1D2A7919D0112810C310A220E45B0D79
:105910008454634E39A7424E63518475528B704054
:10592000A000A800B020B0C0A0C0892071005840DD
:10593000506048604060506068407000600039030B
:1059400031C731873A0A424B428B3188424931C7CD
:1059500039E74229296518C218A320C4316739E9FB
:105960001945106210830863004300460046002674
:10597000004900C8000600250048100A4AAC29AAC0
:10598000008F00F000AB006800CA010B00EE00AC15
:1059900000A9004908480029086B08AF08B0110F9A
:1059A00008F10931099211D509F401AF00E800832B
:1059B00010E833143339335A19CE210431E639C58E
:1059C00031445AEC6B8F6B9073D273F263B073D126
:1059D0008473849373D05B0C42CA29654A6B4AAACC
:1059E00031A8210518A320E4108700AB090B108310
:1059F0000042000918C621A6190410A2086508680B
:105A000018EF29B53A765ACD634A6B4B6B4B6B6BEB
:105A10006B4B6B6A634B634B6B6A6B4B636B6B4B90
:105A2000634B630BE7E5E7E4E7C5EFC7E7C7E7C705
:105A3000E7C7E7C7EFC6E7C5EFC5EFC6EFC7F7C7CC
:105A4000EFC6EFC7EFC6EFC6E7C5E7C5E7C4EFC3CC
:105A5000E7C3DFC3DFC3C742A6828DA364C45C452E
:105A60005C08644A64AB5CEB548D442D5451641360
:105A700054155BF6645864395C1963F964197C1930
:105A80007C5A7C3D747E9D1F953F84BD6C1B63FBDF
:105A90006BDB5B9942F72AB53A7652DC63BE743F02
:105AA0007CBF8CBF6C3D5BFB5B9A4AF92A3321902B
:105AB0002171192F218F319229B021B11990196FBD
:105AC000196D192E190E112E08CE10B0113521574F
:105AD0002177113611131154117A427E73DF7C9FA6
:105AE0006C5F435E21971171094B08E910C45ACDD0
:105AF00084325B4D4A4831C8528F633274356BD162
:105B0000520870209000A840A880A040B0209820A3
:105B100090407860782070406000502031056C34EF
:105B2000426C29A6298931EA4AEE3A2931A731A5E2
:105B30003A082945190220A218C218C318E42125E1
:105B400010E418E318A318821082006300420822B0
:105B5000082508E600250044004500250003000252
:105B600000050009006C006900870048008C00CD2A
:105B700000AC006908260069082810EA218F29F086
:105B800011D511B709970995093300CD006518E4BF
:105B900029D132983194212F316739C5424952ECCD
:105BA00052EC5AEE630F5AAD4A4B522C5A6C5A6C57
:105BB000526C52AC5A6C7390636F5B0C6B4F52EB30
:105BC00020E418C2292429440881104318C420C3A2
:105BD000216518C53A8A3A6A292518A2088508C895
:105BE00000E9110C31CE4A6B630A6B4B6B6B6B6C2B
:105BF0006B6B6B6A634B6B4B6B6A6B4B6B4A632BC8
:105C00006B4A634ADFC3E7E3E7C5EFC8E7E9E7C8E4
:105C1000E7C7E7C7E7C6E7C5EFC5E7C5EFC6F7C7FC
:105C2000EFC6EFC7E7C5E7E5E7C4E7C4E7E3DFC3CF
:105C3000D7C3C782BF42A6A28E016D82652564C705
:105C40005C88648A5CA954A9548C4C0E5432641349
:105C50006C577C5B7CBE8CFE7CFE74BE749E7C5D4F
:105C6000743B741D643E849F8CFF849F8CBF849E14
:105C70006C3D6C1C5BBC5B5B4AD82A153A374ABA50
:105C8000741D84BF8CFF7C9E63DB43394AD74A97DF
:105C900021D321912193210F190E297029B1199037
:105CA0002990217311541972192F196E10ED10D00B
:105CB00018F3113310F008CD10D3213A321D639F31
:105CC0007C5F5BDF3A9C2A1811D2094F09292168B1
:105CD00083F373F0424839E6392431485B115B1194
:105CE0006BD463F04A6850A1702078008000800077
:105CF000780070006820486149A649E928E55AF112
:105D00003189422A4A8C528C4ACE31A7214639C762
:105D100031A62944212320C2292418E310C21924C2
:105D200010E31083108418A329051965088308411E
:105D30000842084200440045006600240022004258
:105D4000004400250007004900480066002600497D
:105D5000006A00270866194A2A4C2A0D08CD004A15
:105D6000002A002C002D004900270045004210ECBD
:105D70002192210B420A31A639A64208530C52EE59
:105D80006B9152EC39A739A7314530E430E5314504
:105D900039453125398741EA632F7C126BB042AA1D
:105DA00031E639E63A2829E618C3298629243165DF
:105DB00039E84A8B4AAD4A8C294518E308A408A55E
:105DC000212929A9424952C9632A6B4B636B636B32
:105DD0006B6B6B6B6B6B6B4A734A634B6B4B634ABE
:105DE000632B6B6AE7C3DFC3DFC5E7E8E7CAE7E811
:105DF000E7C6E7C7E7C6EFC5EFC5EFE5E7C7EFC7FB
:105E0000EFC8EFC7E7C6E7C6E7C6E7C4DFC3D7C337
:105E1000BF83AF029EC28E6285E27DA37D4575077A
:105E20005CC86CEA6CE95488444B3C4E5C915C3233
:105E30005BB55BBA63FD7C3F849F84BF94DF8CFFBE
:105E40007C1E73DD6BDD7C3F8C9F7C5F6C1F63DE93
:105E50006BDE5BBB531A4AF942D83A762A132A14EE
:105E60004278533D7C5F951F951F84BE539A42B97B
:105E700042573A3621D21151111008CC10AB10EA1A
:105E800018AB18D1191619771974197219721151A2
:105E900008EE08AD188B088A08AB09141958195A6E
:105EA0004B1F641F5BFF4B9E42FD2A5919B219AE6E
:105EB00039AC83D07C114ACA420842092928294AB0
:105EC0005AF174157C9674125AEE420839643944BA
:105ED00038E3398642294A6C4AAE41EC290452AE75
:105EE000420B4A8C422A39882925214429653147A9
:105EF00042292926312428E22925212410C2296794
:105F0000212510E3106310A218A329871904086241
:105F10000841084108220843004300020001002311
:105F20000063000300230005002600450022000155
:105F30000001000108021026298A192A0049004997
:105F40000028000600050024096F092B10C62190C7
:105F5000298B3165528942284A085ACC5B0E4A4A3D
:105F600049E949A73985310228E130A028C128E252
:105F700028E231243145420952CD62CD6B4F73D0B6
:105F8000636E6B6F84F574106C104A4B7C93634C9A
:105F900039E831672947298729032924110410A4E6
:105FA00029474A684A885ACA632A6B6B6B4B634B12
:105FB0006B6A6B6A636A6B4B6B4B634A5B4A634900
:105FC0006B2A632BE7C4DFC4DFC5E7C8EFC9E7C9A5
:105FD000E7C7DFC6E7C6E7C5EFC4EFC5EFC7EFC841
:105FE000E7C8EFC7E7C7EFC7E7C6DFC5CFC4C783BA
:105FF000B742AF01A6C2968296238DE485857505CA
:106000006CE76D0B6D0B4CE9554A5D2C64B053B2D7
:106010003B354AFA42DB42BB42BD42DC5B5D5B7C06
:10602000533B6B9C637A5B7A6B9D73DE73BF5B5CE7
:106030004B1A4AF942D742D73AB73A5532754276A7
:106040003AB642DA4AFC4B5E73FF849F7C9F6C5FDA
:106050004B7B32783A7721F321B41951192D110C69
:1060600008E908CC10F1191611151114113310F1AB
:10607000110F10ED10CA08A608A610AB08F321599D
:10608000195C325E6BDF641F5BDF3ADE225C1995C0
:10609000117131ED8413743152CB4A6A296521059F
:1060A00039AB41EC5B326BB463128C9673D263F202
:1060B00052EE52EF39E921064A6E39CA29254209C2
:1060C00029474A8B29662945290428E420E428E445
:1060D000210520E4290431A631A72986212518E5C8
:1060E000108418E3190410A210621064108308636E
:1060F0000821082208410841084008210021000227
:106100000021002100420044002300010001002181
:106110000001000008000822002308430027004A6D
:10612000002900050822190B114E210619442906E1
:106130004A69632C634D4A2849E85249528B52AB55
:106140004A4839C6318328E130A030803080306041
:106150002860286028823083414549E85AAC6B0E9C
:10616000736F6B508CB573B15AEE73B1A61A84F38A
:10617000428939C739E74A6931422104210521267C
:1061800031C7424762A96B2A634A6B6A6B4B6B6AE1
:10619000634A636A6B4B6B4A6B2A634B632B6B2AB4
:1061A000634A634BE7C3DFC4DFC4E7C6E7C8EFC891
:1061B000DFE6E7E6DFE6DFC6E7E6E7C6EFC7EFC8FC
:1061C000EFC8EFC7E7C7DFC6DFE5DFC4D7E3CFC35C
:1061D000BF62BF42BF23B703AEC49E858DE67D6616
:1061E000652765087D8B7DAB754D6CCF541043538F
:1061F00043164AB93A782A552A14221531F642969E
:1062000052F75B39635A4B384B1852F94ABA4A78FD
:1062100032963A753A774A97425532332A123232D9
:10622000323342784A9A3ABA329A4ADC537E63BF92
:10623000535E5B3E42FC3A772A5519931951190F68
:1062400010EE08CC18ED1972197419B419B521B4EF
:1062500021B43A152A1311AF092A090800CB08B254
:1062600010D7199C19DD52FF63FF539F32BE21B92D
:1062700019770950216D6B318CB47C7232482965D5
:1062800020E321054A6E314A28E84A2F318A6311FA
:1062900039AA3988294631033988316639C95B2ED4
:1062A000422A31A72145210520E328C221042124C7
:1062B00020E331C6316731C83187318718E510A432
:1062C000088218821882190419041062086208638F
:1062D000086110410840004108411062006100015E
:1062E000000100210021000200220023006500645B
:1062F0000022000000220025002608840089008A70
:106300000046004608A5108620C431A63A2831A8C8
:106310006BEF6B6E5A4A4A28634D5ACC62EE73D0CB
:106320007C3062A8396128A0306040403860384035
:1063300038403040382039444A495B2C4ACA4A2701
:106340005228526C630E6B2F84B58CD68C957BD201
:106350006BF16B4E638E5AEC4A6729642986298754
:106360004A2952C952896AEA632B636B6B6B6B8A49
:10637000634A636A634B6B4B634B636A636B6B2B60
:106380006B6A6B4BD7C2D7C3D7C3D7C4D7C5DFC5DA
:10639000E7C7E7C8E7C8E7C7EFC6EFC6EFC6EFE64F
:1063A000E7E6E7C6E7C5E7C5E7E5E7E6E7C5DFC532
:1063B000DFC4D7C4D7A4CF64C746AEE79E678E2597
:1063C00085E88E0A85EA756C64CE540F4B7142B431
:1063D00032743A75425532124232323131F12A105A
:1063E000321032314AB352B64AB74AB74A974A973F
:1063F0004AB542B42A7321F229D1299129F129F110
:106400003A523234299329D63A574A9952FC427B60
:10641000325A2A78327A323821F621D51972195037
:10642000110F114E192E199021743A17323821F894
:1064300031F83218325829F621B3116F18EB10CC0D
:1064400010D510D7115B199E3A3E4B3F4B3F3ABCDB
:10645000325821D31193096E298D7BF374325B4E30
:10646000536D52CA39E831032124290529033147E4
:10647000312531A629A64A8A42894ACA4A6C5B302C
:10648000422B2104212539E831A729664A093A0916
:1064900039A6424A39E931873127312418C310C45B
:1064A00010A31881106220E518A310A20862084208
:1064B000086100410840084108410862006100404D
:1064C00008210041002000410043008700680004CB
:1064D0000022004300250049008B08EA010D0069F5
:1064E000090A094C08E618C220E339A9638E52EB69
:1064F0005AED5ACB4A09736E6B8E630D632D630D93
:106500006AAB6A6549E038A03040382040404020FE
:1065100038203800380050C37B4E8C9495559D75BB
:1065200094F47C3173CF5AED6BB174527C316B4F64
:106530006B917BB26BF05AED52EA31C631A64247FD
:1065400042675AEA632A6B0B734B6B6B6B6A6B4A3D
:106550006B6B6B4A6B4A636A636A636A6B6A634A12
:106560006B4A632ACFA2C782DFC5E7C6DFE6E7C56D
:10657000E7C6E7C8E7C7E7C5DFA3D7A3E7C4E7C512
:10658000E7C4E7E5E7E4E7E4E7C5E7C5EFE6E7C525
:10659000DFE4D7E4D7C4C764B726B766C7A8BF6827
:1065A000AF49B6EC966B85AC5C8F43913AF13A916A
:1065B0002A312A1131D329F2321231F329D231F1A1
:1065C0003211323042312A1029F132133A3431D3A8
:1065D00039F33A553A7542743A523232321019AFA1
:1065E00019CD31F121D219D021D019D1199339B453
:1065F00029F632783A39323729D421D32150116F14
:10660000325353965BB853B94B993ADA223819F79B
:1066100032382A3831F8319621B42190190D08CA40
:10662000086A10501116115921BD3A9F533F6BFF54
:1066300063FE539E3B1C32BA1A1611B131CD5A8CEF
:106640005ACD4A09420839C631E742484AAB39E8CF
:10665000422A4A8B52CD5B0F5B4E52ED3A2A422AB8
:10666000426A4AEC31A731A731672925296731C928
:1066700029473A0A3967212420E6290310A319255E
:106680001903188218C210A2088108810841086005
:1066900000400040004000210841084108411040EE
:1066A0001041086108420044006800A70025082442
:1066B00000470049000808ED010F08CD08CC10EA9A
:1066C00042ED10A518C320E320C5528D8CB55B6E3A
:1066D0005B0E73CF632D632D7C117BF26B2D62AB50
:1066E0005AA95AE94A2430A03000380038403840CE
:1066F00040403820380050A0834C94B49CD494B5CA
:106700008C5484137390632E84149D979D346B4D29
:10671000738F62EE42AB426A5AEC424741E85A68D4
:1067200052A84AA85AEA632A6B4A6B4B6B6A6B4AB7
:10673000634B6B6A6B4A634A6B4A634A634A634AB8
:10674000636A632ABF22B701C764CFA4D7E5DFC459
:10675000DFC4D7A4CFA3C762C762D783E7C5E7E585
:10676000EFE6EFC6E7C5EFC5EFC5EFC5EFC5EFC56F
:10677000DFC5D7C5DFC6DFC7DFE8D7E8D7C8CFC7D3
:10678000C7C8C74CAE8B958C6CAE6410538F4B0E44
:106790003AB13A713A324A944AB42A332A122A3226
:1067A00019EF21D021AE2A1039F229D231D231D2BB
:1067B000299229D1321132323A544275325332542D
:1067C00032313A313A3332723A132A1221D219CF86
:1067D00029F329D329D321B321B431F529B421B028
:1067E00052D76BFE951FA59FA5BFA5BF8D9F851E88
:1067F000647D53DD32BA321829B419B0214F110B20
:1068000008A70847006D10D310F8113A29DD3A5F48
:10681000531F6BDF73FF63FF433E225A1174112B2A
:1068200008C518C3212541E94A2B29A839CA4A8C31
:1068300039AB2128292739893147294731A941A96D
:10684000314739AA292629452966216731E9298A4C
:1068500029483147290628E518C52104210818E6EA
:10686000294610C520E418C3088200210861086188
:106870000861004008610061084100420841084188
:1068800008430864084600480026002400460868BB
:1068900008AF00D000AC00AB00CE00EF19CD196DF1
:1068A00018E7186218A2210521464A2C7BF463CF11
:1068B00052CB4A495AEB73AF6B8E6B2E6B2E7BEE2D
:1068C0007C2E6B6C5AAA4122380040003840384078
:1068D00038403840486060E08B4CA53494727BD1DE
:1068E00084737BF26B2D6B2D73917B918C717B4C40
:1068F000734D6B4B52EB5B2D634E4AA942274226E8
:10690000426752C9632B634C6B4A634B636A6B4BA0
:106910006B4B636A634A6B4A6B4B636A6B6A6B4A85
:10692000636A634AA6E1B722C785DFA5DFE5DFC357
:10693000D7C3CFA3D7A3D7A2D7C4E7C4EFC5EFC7A8
:10694000EFC6E7C6EFE6EFC4E7C5EFC5EFE4EFC477
:10695000EFC4EFC6E7C7E7E9E7E9DFCADFE9E7E940
:10696000E7C9D78CB6CDA5CE95108CB2847273F2E0
:10697000535552F552F442F43294323342764A96E9
:106980003AB542B3326F2A0E2A0F321331F139CEA3
:1069900039F0321232104AB14AB43A7332733A754E
:1069A000321319B021D11990216F297229B131D137
:1069B00021922A1439D421B22190115019512974ED
:1069C00031B439F6429C635F6BDF7C3F849F84DF88
:1069D0008CFF8CFF8D1F63FD32F82A12218F194C1A
:1069E00010EA00CA00A80068082E087308B518D875
:1069F000195C31DE4ABF5B5F639F3A7E11770930D5
:106A0000114B19291909296F2971214D2128212A92
:106A1000212B20EB1908210520E320C318C418C638
:106A200021CC112610E520E518A62A10192A088580
:106A3000108418C420C310A318C310E4210710E564
:106A400020C6106B10A418A60863006100610842FC
:106A500008420841106108821082086108411064F0
:106A6000008700860068086A00A50064008A08AEF6
:106A700008F3093308AD006C09741A15192D00A725
:106A80000882108120A120E5294539464A0B4A8A0F
:106A900041C662EB5ACB62CB630C730D73AF7BCFF5
:106AA000734D62ED630C5A68394140404060486064
:106AB00038404040480071409C0FAD559D158C7288
:106AC00073B06B0F630E73D18411840F8C8E8BECBB
:106AD00083EC7B6D9D1473CF6B8F5B4C4A8A5AC9D4
:106AE0006B0A6B2A634B632A6B4A632B636A636A84
:106AF000636A634A6B4B634B6B4A6B4A6B4A6B4AE4
:106B0000634A6B4ABF03BF42C763D7A5D7C4D7A3A5
:106B1000D7C3DFC4DFC4DFC4DFC4DFC4E7C5EFC849
:106B2000EFC8E7C7EFC6EFC5E7E5EFC5EFC4EFE491
:106B3000E7C4EFC6E7E8DFE9E7C9E7C8E7C8EFEA77
:106B4000EFCAE7CDD751C673B5B5AD78A53894DA9D
:106B5000845963F763B75BD85BB753384AD63A9525
:106B600042954A964AD842B42A7319AF194D316FEB
:106B700031AF29EF2A1042524A9442B34AB64AB67C
:106B800032542A723A32216F299029CE29CF21D14D
:106B900019B011902170192E29922973192E10A95C
:106BA00010CF1932211318D531D952BD633E639FDE
:106BB000741F7C9F741F6BFD641C63D95B773AB2B2
:106BC0002A4F096C010A00A700660027000A004E40
:106BD00010D4195921BD321E3A5E29DC19562A34C7
:106BE0003B183B1A32B929F71993115119B221F404
:106BF0002190192C18E720C328E4214621C8320F20
:106C00003A96110808A610890866192B10CB08A817
:106C1000108310A318851129092B094D10A5090A05
:106C2000086708451062106318C310C4088308631E
:106C3000108510A410A5106710650841084118655B
:106C4000108508841088086810A708EA116F110ED3
:106C500008F0013000AF08F01133086A084508A3B6
:106C600010C218A120A228A431A631C539C639E620
:106C70003985628B52A9526952696ACD630D6B0DD9
:106C80006B4E6B8F62ED6B2D73CC52454961492081
:106C900048C048C05962832A9C929C9394738C513B
:106CA00084737BB18C9594F594938C9094AE8C2DD9
:106CB000840D8C30B6399513738E63AE4AA9424861
:106CC0005AC95B0A632B634B6B4B6B4B634B634A39
:106CD0006B4A634A634A634B6B4A632B634A632B79
:106CE000632A634AA6E2AF01BF63D7C5DFC5DFA44D
:106CF000D7C4DFA5D7A4D7A4DFC4DFE4EFE6EFE86D
:106D0000EFC7EFC5EFE4E7C5E7E5E7C5E7C4EFC4C4
:106D1000E7E5E7C7EFE9EFC9E7C8EFE6F7C9F7CC62
:106D2000EFD0E794E738D6DBCE7CBE1DA5FE9DBE36
:106D30009D5D8D3D94FC8D5E8CFE6C7C5BD94B57CC
:106D40005B984B57435753565B57531532712A6F15
:106D50003AF15B5342F23AB342D54B363AB63A7601
:106D600042773A34321229F13A324A953A963A76D3
:106D70003A973A36427742B93A55223519B22171DB
:106D8000192C10E918EE110D08CC086D0850087484
:106D9000293739982997321742584AFB639B6C1A56
:106DA000851C537911F60950010C00CA0067006573
:106DB000004808F0195621B92A5B2A192A7952FB92
:106DC00063BF6C1F63DF63DF535E4B3E6C1E641E4C
:106DD000535C2A3521AC2946318952955B582A34B7
:106DE000108D108808F0011000AB10C908EB08687E
:106DF00008AA10C908C8090E22380911090D19B4CA
:106E0000010D0884086110A3294618E410C508C6BE
:106E1000086708A808CB08AE0889088308611863CA
:106E200018A410A4108708E9112E29D221F108CE48
:106E300009120934099600CF0868084308621082D5
:106E400018C12081290329253A4A4227396441C6BD
:106E50003A0852CB52485A29730C732D73AF7BD02A
:106E60006B6E62ED62AC72CD83F19CF39CD18CAF02
:106E7000738B94AFAD939D128430836F83CF8C114D
:106E8000841273518414A5169D348C9173AD6B0BD1
:106E9000838FBDB9D73DBE797C50736E6B8D63090E
:106EA0006B4A636A632A6B4A636A634A634A6B4B41
:106EB000634A6B4A634A6B4A6349632A632A634B9A
:106EC000634A634AAF02B6E1BF22CF44CF84CF63A7
:106ED000C783CF83CFA4D7C4E7C5E7E6E7C8E7C831
:106EE000E7E7EFC5E7C5E7E4E7C6E7C5E7C3E7C4FB
:106EF000E7C5E7E8EFC9EFC9EFC8F7E7FFC9FFCD7E
:106F0000EFB2E758DEDCCE7FC63FBE3FBE5FB63F86
:106F1000B61FADDFB5FFB5FFB5FFADFFA5DE959E92
:106F20008D7E84DE747B63FA4B5752D54AD46BB6A0
:106F300074597C7B6C9C6C5C645C645C53D832D50B
:106F40003295329642B65B7853765B9A4B7A5BDD2C
:106F500063DD4B1B3B193AD83A373A993A3919B4A1
:106F6000192F214F114D6B946BF63AF1326F226E4F
:106F7000098C09AC220E222F1A302A9264196C5BFC
:106F80007C3C4ABA19D909131934115308EF08CBBC
:106F900008A8110C29D32A78535E433E32DD29FA22
:106FA000215B19BD31DE3A3E319C219B29BC321D4B
:106FB00031FB193310EA20E9196E1953193208EF21
:106FC00008C9108718F021B621D61950006908EEBB
:106FD00021D4115108EA110D191210D011101134D9
:106FE000090F108608A318C518E9112A10EA10CB5A
:106FF000088A08CC10CE088E00AC00C60882088231
:10700000106310A518A808F02238117000CD10EDFB
:107010000935123A01F500AB008408640882086261
:1070200010A110A220E32924318731A5314249A7BC
:107030005ACC5A8A49E652495A695AAA6AEC6A8A6B
:1070400062EC6B4D62EC732E73909474A516AD36A2
:1070500094F39CD49CD383EF734D72EC834C7B0DE3
:107060006B2C736F8C3294728C717BCF5A8A6A69E5
:1070700072AB8AB1AC97CE5CADD77C0F738E62C910
:10708000630A634A634A6B6A634B634B6B4B636A85
:10709000634B636A6B4B6B4A634A6B2A632A634A8E
:1070A0005B4A632AAEE2AEC1AEC1BF03C744C74468
:1070B000CF85D7A5DFC6E7E5E7E6E7C7E7C9E7C9B4
:1070C000E7C7EFC7EFE6E7C5E7C5E7C5E7C4E7C52C
:1070D000DFC5E7C9EFC9EFE8EFE8F7C7F7C9EFCBBE
:1070E000F7AFEF14C658A57C84FE7CBE7CDF8CFF16
:1070F0009D3F9D3F8D1F9D5F9D5F957FADDFADDF08
:10710000ADDFADBF9D5F8CDE6C1B53B94B775BD79A
:1071100063DA741E84FF9D1F9D5F9D7F957F8D3E6A
:107120007CDC4BDB539A7C5E849E951F953F8D1FC4
:1071300084FF7CBF645E641E53DD4B5A3AB92A78E3
:1071400021F52191094D31AF62D56338849E957F39
:107150009D7E9DDE9DFF8D7F7D1F74DF645E6C7E56
:10716000229911B5197619321975113310D108AD5C
:1071700008A908A8110E11163A1D52FF4B1F2A5CD0
:1071800011770918093810FA08D808D510B310B3C8
:107190001111094D19B221F411F51995195200ED8B
:1071A00000A810A6192F19541956195210ED299438
:1071B0002197115510EE10EF21D6197308F0221700
:1071C00021B508EC110618C918AA114E1971111130
:1071D0001952091008AE08AE10AD08E908A41082D3
:1071E00008231085196F19B822181193008A10CC42
:1071F00011140915111108AB00A708A610A3086205
:1072000018A3110420C32965316539C531C531651D
:10721000314641A749E75185498551C55A28738DA3
:10722000736E6B4D73AF84118C5184117B6F730C33
:107230006ACB62CB6A69622859C662276A8A6AADDC
:1072400083F08C308C518BF172AB622B9432C5D8A9
:10725000C5B6AC73AD766ACE734D6B4C630C732AB6
:10726000634A634A6B6A6B4B6B4B6B4A6B4A6B4B63
:10727000634A636A634A632B634B632A634A5B4ACC
:10728000634A632AA6C2A6A1AEA1AEC3C706CF6554
:10729000D7A5CFA5D7E5DFC5DFC6E7C8E7E8EFC8C4
:1072A000E7C8E7C7E7C7E7C6E7C6E7C5E7C5DFC47E
:1072B000D7A4DFC9EFCAE7C8DFC7EFC8F7CAEFCB6B
:1072C000E78DC6B0A593849463B85B794B7A535C21
:1072D0006BBD7BDD6BBD741E7C3F6C3F847F7C9EF1
:1072E0008CFF9D3F8D1F84BF743E6C5D745D73BCCD
:1072F00063595B3A5B5C63BE73FF7C5F84BF8CDF6A
:107300008CDF849F6C1F63DD533C63BE741F7C7FE6
:1073100084BF8D1F8D3F955F8CFF6C1F535F431C97
:10732000223621D521B419711930090D19144A5C7E
:107330006B7F7C3F94FF8D5F957F959F84FF6C9F53
:107340004B5E223B117500D008D010D210D1088DB1
:1073500000A9008708C710AD10F6211B217D217DF3
:10736000199B119B091600D40913193221B52975EF
:1073700032363AFB53BE5BBE539E2A1A113300ECE1
:1073800000C91085190B191211130912190E1132A7
:1073900010F410F2191021F721B711352A3A3ABC2E
:1073A000197910B008C9110C29D321D821761A19DE
:1073B00029D8117408D108EF10CE110A08C710C5DA
:1073C00020E818EB21F221F62A9B10F2008A08E946
:1073D000006D084E108C08CD090D08C908841043B3
:1073E000110910C328E4292431033965312330E21F
:1073F00038E3390349A54205498349E45A67628A5B
:107400006B2E7BD073B084108BD084106AA9624934
:107410005A4859C651644923494451E7526A5ACDE2
:107420007B4E7B4C7A8A922B9B6E9413A475D5BAB3
:10743000EE1BF67CEEBCC679632C62EA632C732BE0
:10744000634A634A6B4A634B634B6B4A6B49634BBA
:10745000636A636A634A632B634B634B634B634AA0
:10746000634A6B4ABF23B722B703B703CF47D7A7F7
:10747000D7C7C7C7CFC6C7C5DFE7E7C8E7C8E7C7ED
:10748000EFC8E7E8E7C7E7C7E7C6DFE5D7C4CFC37C
:10749000BF45BF48C768D7C7DFC9EFCAF7E9EFE9FB
:1074A000DF8AB6AB7D4B540C430C32EE2A8E1A4E5B
:1074B000223032923AF642D73AB84358639A63DCA4
:1074C00063DC743C743E745E6BFE5BFD539C42B5A2
:1074D000329132722A523235427942BA4ABB42DC88
:1074E00052FD4ADD42DB42DA5B1A52FA42FD3A9D16
:1074F0004B1E5B7E5BBE63DF6BFF5BBE537F42DC7C
:10750000427932793256221411931130090D00EF6D
:1075100008B31958425D4B1F639F741F6C3F645F33
:107520006C1F433E21FA093300CC008B00AA10C91E
:1075300008C908E808A610A808F010B411381958AE
:10754000197A115B115721D8225A2ABB22191955D1
:1075500021731999429E531F5B5F325D19D71950F1
:1075600011092127192D117322171A1611B2115260
:1075700019B43AD93A581995193521D72A3B1959CE
:10758000097718CF112E2193323921DA2A18119652
:1075900018D51956113311321130110E090B11493A
:1075A000190D114E19B021B5219310AF084B08AC3D
:1075B000008E08CC110D111000F208EE0845198B51
:1075C000112A188229243185316428E228E229020F
:1075D0003144416541E662695A4852275A2762CAD6
:1075E000624A51E8628B72EC838D7B2D7BAE6B4DD2
:1075F00062CB5A685A695AA962CB5A8B522A51C730
:1076000061657165A28CDC73DCF5A3D1A3B1D3D223
:10761000EC75F5FBF5DAEEDEBE586B09732C6B4B9F
:107620006B4A634A6B4A6B4A634B6B4B636A6B4BA7
:10763000634A634A634A6B4A63496B4A632A6349F4
:10764000636A632ADFC3DFC3D7A4D7A4D7A6DFC882
:10765000DFC9DFE9E7E7DFE7E7C9E7C9E7C9E7C966
:10766000E7C8EFC7EFE6EFE6DFC5D7E6C7C5BFC59A
:10767000AF64C7A9DFCCEFCCEFCBE7C9DFC9CFC977
:10768000BF4A966C7D6D6CAF53EF63D05B5342D2B3
:107690004B136BB65B995AF852F753184B185318A3
:1076A0005B585B595B9B5B9B63BB539B531A535863
:1076B00053584AF7427342924AF653374B1852F8DE
:1076C0004AD83AB93A983AB9429842DA42BA42BAF2
:1076D0003A783A9A32BB3AFC5BBE6C3F641F4BBEB1
:1076E0004B5C4BDE4B5C3B3C32DA223621D21152F2
:1076F0001172117211731155219A321C325D42DEE2
:1077000042FF325E21D9199419701970114E192B4C
:10771000090C08EB10E91109198E2994217829D850
:10772000219531F64B1A6C7E747F7C9F641F535EEB
:107730001A19091418D7111A299B2A1C21D919734F
:1077400021AF42946BDE7C7F645F4B3E2A182A791E
:10775000537D42FE2977111318F2217619B721F7CC
:1077600019D721B5327631F52975117619541112D0
:1077700010B2197521B5197521D82215112F112EA6
:1077800019101930090D117010ED08EA088C10D18C
:1077900011B4114E110F091309B600CD0867116C11
:1077A0002065210439A6318639A639E731C63186EC
:1077B000394541A7414539644185494449245166C9
:1077C00049A64966498649C662286ACA732D834E0E
:1077D00062CA628A62CB6A8B5A4A5208512560E3B8
:1077E0008A07B2CBEC73FE19FE5AF5F8ED34F4B308
:1077F000F3AFFBF3FCD5FE5DF75E8C6F6AEA634B7B
:10780000634A634B6B4B6B4A6B4A6B4A6B49634AE7
:10781000634A634A5B49634A634A6B2B632A634A40
:10782000634A634AE7C5EFC4E7E5E7C7E7C7E7C8C8
:10783000DFC9DFC9E7C9E7C9E7C9EFE9EFC9E7C8A9
:10784000E7C7EFE6EFC6E7C6E7C7DFE8D7C6CFC6AC
:10785000CFC8DFCCDFCEE7CEDFCBDFEBD7CACFC8D8
:10786000B7488669758B5CEB5C2B4BAC532F42D0D1
:107870003AF042D13AB2329232923A933A9442D4A6
:1078800053164AF54B3642F64B184B5953573B1596
:107890004B1853373A743A7332543A9632B63A9791
:1078A0003ABA429932783A793A78327832773A7AF3
:1078B00042BA42B9531B5BBC745F7C7F84BF84FFB8
:1078C00084DF84FF7CBF749F6C5F4B9E3ADB221683
:1078D000115319B50953197519781977219821BBD6
:1078E000199A217921B722361992219221B3118F49
:1078F000092D196E21AF29B229F429D621B6217696
:1079000019722192215531DC425E4ADF4AFF4AFF5B
:107910002A1C117608F0191431D929FB21F91172AA
:1079200029D129B3319A31FE2A5D29B9219529F847
:1079300029DB219A1915117532BA539D63FE329BCA
:107940003ADD53DE535E31F7217721F8219719F79D
:1079500019D7111321B62A9B431E2A3908F118EEB4
:10796000219339CE214E110E19AF116B08AD19B705
:1079700019D61950113221D80913008A10C71108DD
:107980001062212628E539873987398739883125DA
:1079900028C328C2288230E130E140E240E340E2DF
:1079A000392341A64966518662286ACA6A6A72EB1F
:1079B0006ACA6228518648C4506260627186A2ED2C
:1079C000D492F4F4FD56FEBCFEBCFE9BFDD8FD97A0
:1079D000FC71FBB0FC32FD18F5BABDF6632B634AAF
:1079E000632A632A6B2B6B2A6B4A634A634A634A96
:1079F0005B6A6349632A632A634A632A6B2A632AA0
:107A000063295B49E7E4EFC5E7C7EFC8EFC9E7C8FB
:107A1000DFC9E7CAE7C9E7C9E7C8E7E8E7C8E7C7D2
:107A2000E7C6EFE7EFC6F7C5E7C5E7A5CF87BF878E
:107A3000CFABE7CEDFCFD7EEC7EBC7CBBFAAB7A898
:107A4000A72A866B7DCB6D2C64AD540F5C1063F25E
:107A50004B9253315B5453754B346BB66BD76419EF
:107A60007C7C7CDC851D7D3D74BC6CBC6C9C6C5B43
:107A700053FA5BDA4B584B165B977C9C84FD8D5D0B
:107A80008D5E853D74DD6C9E5BFC3B7A3AF83298E6
:107A90003237321532163A374A9B42DE531F537F34
:107AA00063BF73FF741F743F7C7F6BFF5B7F325B30
:107AB00019D711540931091008F30932199329D73C
:107AC00031F631F62A1822372A3422371A1619F4D9
:107AD000223131D23A783A9A3ABB2A182A1821B57B
:107AE0001971110F08CC18D218F8197B197C193BA1
:107AF000115810F31990117422592A9D32BB21D5C7
:107B0000216F212D211110B2211421752153193318
:107B10001915193521774B5D6C5F5B7E3A7D3A9D77
:107B20005BBF535E321C19362176327A437E4BDFBF
:107B30002A5C21773A7C53BF3A3C19B700AF08AEB4
:107B400019B34A4F39F32A792A16116F08AE1975FD
:107B5000113110D0197508F2006C0866198C1107E4
:107B6000108220A429263125390538C340E440C2BB
:107B700038C23880386030603860408048A1408129
:107B8000386030814841408151035944610450E3D9
:107B900050E35080602068A279449A2ABB4DDC31C2
:107BA000F4B3FD56FE5BFE7CFE7BFE7BFDB9FD98CB
:107BB000FD35FC92FBF1FC75FDBADE396BAB6B4A0F
:107BC000632A636A632B6B4A632A632A634A634AA4
:107BD000634A632A634A632A6B4B632A6B2A6B2AC4
:107BE000632A632AE7C5E7C5E7C8EFCAEFCAE7C853
:107BF000E7C9E7C9E7EAE7CAEFEAEFE9EFC8E7C78D
:107C0000DFE6DFC4D7C3C781BF82C7A4CFC7CFC851
:107C1000D7C9E7CDDFCCC7CABFC9BFC9AFA9A7497C
:107C2000970A7DE9756964EB54AD540E5C0F6C5393
:107C300064356437643863B86BD8847994BB8CDE60
:107C4000AD3FAD9FADDFB5FFB5DFADBFADDFA57F0C
:107C5000951F8CDF63FB5B375B395B1B63BE843F27
:107C600094FFA55FA5BFADDFA57F8D3F7CBF641DE1
:107C70004B5C32B82A552A123216321929FA327C54
:107C8000321D3A5D3A5D3A7E3A9E3A3D2A1D2219EE
:107C90002A1829B421D321B3199429F4321629F8CA
:107CA0002A3829F5325A329B327832792A3742778C
:107CB00032963A564AB942FA429A325A29F92196EC
:107CC0001992112E094B192E10D109140935197664
:107CD00029B53255539B6C1E749F74BF643F433C5F
:107CE0003215196C112918C918AE11331953199589
:107CF0002A1A4B5D5BDE4AFD29FC199A217742BCAA
:107D00003A5C217B197918F5325A5BFF5C1F3ADE29
:107D1000199919753A9B21FB2157193100AE113180
:107D200019344AB33AB93B3E221B115308CD18F01F
:107D300010D019B610EE08CC0067088710EA10A31F
:107D4000208130E3418548A34882510358A260C294
:107D500060E2608160C1506058406840706068A017
:107D600070C06922710270E170A0708079237984FB
:107D700081A59A49AB0CB34DC3EFDC72F4D4FC92ED
:107D8000FCD4FE19FE3BFDFAFDF9FDFAFE3CFDFABE
:107D9000FD97FD53FC70FBF0FC96EDD87B8B634A9E
:107DA000634A6B4A6349634A63496B2A634A63497E
:107DB000632A632B6B2A634A632A6349634A632AF3
:107DC000634A632AE7C6E7C6E7C7EFEAEFCAE7EA0E
:107DD000E7CAE7EBE7CBEFC9E7C9E7C9DFC7D7C613
:107DE000CFC5CFC4DFC5DFC5E7C6E7E7E7C7DFE834
:107DF000DFC8DFC8CFCACFCAD7CABF6896E78686B2
:107E000055E555275D286D2C64EF5C9175158D390E
:107E10007CDA84DC6C5D5BFB63DB5BDA63FA5BDC86
:107E20006BDE6C1E6BFE6BBE73FE741E6C1E63DE1F
:107E30004B7E535C4AF942B5323419B219B4321947
:107E4000429C533D7C1F6BFF6C1F741F741F741F7B
:107E500063DF537E42BB3A383A17299721552115E3
:107E6000111610F619561199197721782999199731
:107E700021D6299621B419943256325732783A597C
:107E80003A9A3A394AFB431B3ABA431B32993A7839
:107E90003AF93A98427A42DB42BB3ABB327A21B590
:107EA0001171112D112B1950211008EF113401936C
:107EB00021B66BBD741F741F7C5F641F5B9F327D96
:107EC0002996192C196C214E2170199221B342DB8D
:107ED0007CFF7CBF63BF21F9193519551995219590
:107EE0001177195708F321963ADA427C299C197ABE
:107EF00010F31952195508F508B200D0008F08F197
:107F000021763217537F4B9F19DC10B108AC088BD8
:107F1000119310D3090E08A900650086086520801A
:107F2000388248C250416061706178A280E390E27B
:107F30009104910388E289039144A122B164B98438
:107F4000C268C2EACB0BD38DD3AECC0FD410E514EC
:107F5000E4F4ECD3F5B8F535FD35FD15FD14FCF56D
:107F6000FDF8FDD8FCF5FD37FDB9FE5BFE9CFDF983
:107F7000FC93FC31FBAEFBF1FC31F577A4506B2A8E
:107F8000632A6B496B69636963496B2A634A634976
:107F90006349632A632B632A632A6369634A632AFA
:107FA0006349634AE7C6E7C7E7C9EFEBEFCBE7EA08
:107FB000E7CAEFCAE7CAE7E9E7C7E7C8E7C9E7C919
:107FC000E7C8E7E7EFC8EFE8E7C7DFC8DFE8DFC9E2
:107FD000E7CBE7CECFCEC7ACA78A976B874B8F0B8B
:107FE000770B7F0B76CA7DCF75957D7A8DFD9E1EB2
:107FF000A61FA5FF8D9F7D3E851E7CBE63FB6399FA
:10800000637C5B7B5B5C4AFA4ABB3ABA4AFB42DA66
:1080100042FB4ABA42972A5531D329D221B2119153
:1080200011921174199719D8221A2A3A323B327BCD
:10803000325C2A1A19D811751132110F08F0091182
:1080400019541134191319561114111221542155B0
:10805000219511731994299329B521D721D831F984
:108060003A7A3A5942FB4AFB3ADA539D4B9C537C8D
:108070005BBC6C3E6C5E5C3D5C3E4B5D32FD221831
:1080800021B32A7522122A36221521B021B32A36AD
:1080900032382199321D31FD39DC29FB217B113524
:1080A00010EF190C29F13A56327A2A5842F96BFE30
:1080B0006BBF4ADE29DA1155199521F82A393B1B85
:1080C0002218199619D62A5A225811550915086EE0
:1080D00010D0113208CF088D086C0891091419F8D6
:1080E00021B73A9D4B5F2A5D0937088F00CB00CE40
:1080F000090F095008CD004A082700651064304078
:108100004000584079049208A2AAB28BAA08A98616
:10811000A986A964A923A965A9C6B185B922C163A5
:10812000C9C7D26BE32DEB4CEB4EEB8FF432FC94D2
:10813000FD16FCF6FD17FCD5FC73FC52FC10FC523E
:10814000FC53FC52FCB5FDB9FE3AFE1BFE5DFDB8CA
:10815000FC12FB8FFB2EFB70FBD0E391B38E6B2BDD
:10816000634A632A632A634A6329634A6349632A29
:108170005B4A6369632A632A6B2A632A5B2A632B3F
:10818000634A634AE7C6E7C7EFCAEFCBF7CAEFE92E
:10819000EFEAE7CBE7CAE7C9EFCAEFE9EFCAEFCAF0
:1081A000E7C9E7C8E7E8E7C9E7CAE7CDE7EBE7CB08
:1081B000CFAABF8CB76E9F0B76C86E8856A976E99A
:1081C0007F0B7F49872B8E93865C963FAE7FBE7F69
:1081D000C67FC69FBE7FB65FAE5F9DBF7CFE649CC0
:1081E000643E539D3B1A42D93A392A1621F521D5CE
:1081F00019F429F32212221229F229D22150192F1F
:1082000018EF1911297721B931F929F821D821D886
:1082100021B721761955113411321950199119527B
:1082200021521973191111331152191021942193EC
:1082300021B42A13299331B329F621F72A36431A98
:108240004B7C539B42F93AB75BDC7C5F7C9F7C9F05
:108250007C9F7CDF851F7CDF7CDF6C1F53DF329CC3
:108260003A79323832782A593219299521D432BBD9
:1082700042FC327B19D911581956113708F408AC51
:10828000090C198F3AB842FB539E539D4B1D29F898
:108290002978195719D9119519B63ABD6C9F643FC1
:1082A0002A7C327C3ABC539E1A3A08F1004D08CF22
:1082B00010CE10CE092C10C910A8111119773ADE72
:1082C0003AFD2A1C42DD115908F3088D008D004A41
:1082D000088A08ED008C0025084608451823380058
:1082E0005820808398E5A187B167B127A8C4B1045D
:1082F000B104B0E3B904C126B9A6C185C9C5D26825
:10830000D207D229E32DF38EF32DF30DF2CDF2CD6A
:10831000F2ADF24BF1C9F24BF34DFB4DFB8EFB6F0F
:10832000FBB0FC52FD36FD9AFEDCFCD5FC34FC743F
:10833000FC32FC12FB4FFB0EFB90F495C3F0830B59
:10834000632A634A632A632A63495B2A6B4A632B65
:10835000634A634A5B2A634A632A5B2A630A632986
:10836000634A6B2ADFC6E7C7E7E8EFCAEFEAEFEB3D
:10837000EFCBE7CBE7EAE7C9EFEAEFC9EFCAEFC90E
:10838000EFE9E7C8E7C9EFCBE7CAD7CBC7A9A7078B
:1083900096C89EEC96CC86CA768A6E4A668B870B08
:1083A0008F0C872986EB7E4D6DD36D765C9A5C5C75
:1083B0006CBE74FF8CFF9D5F9D5F9D1F8D1F8D1F89
:1083C0008CDF7C5F63FE4B5B42DA3A7632733A7540
:1083D00032753A533233321221D019AE196E112D43
:1083E00010EC08EA08EC090D08EC08ED08CC090FC0
:1083F000192E1971117229B521941931110F088E96
:10840000088D00AD08CF092F1992299131F529F770
:108410002A16219429D33AB6537C5BBD5B9C5C1E23
:10842000749F6C5F641E53DD63BE6BDF5B7F42BF76
:10843000429E533F5B5F5B7F63BF637F4B5F431D28
:108440003A993A7A531C431E4B3D643E437C641F69
:10845000743F6C5F431E2A5E11750914091319924B
:10846000111221F24B7C7CFF84DF743F329E197421
:1084700019500972197519B53AFC6C7F6BDF221C13
:1084800021FB325E5B7F3A5E0956088E086C08AEAF
:1084900010CF110F11AE194C196D1951325B4B7F72
:1084A0002A7B29D818F410AF08CF086B008C00483D
:1084B0000869006C004B0825104518042803480083
:1084C000680080019821A063A883A862A861B0A277
:1084D000B104B945C0A3C0C3C967C9C7C967C9C783
:1084E000D1C7E2ABF3B0F431F3F0EC10E30CEB0CDA
:1084F000F34DF2EAF34CFB8EFBAFFC51FC72FCB384
:10850000FCB4FD16FCF5FD37FCF5FB50FBB1FBF2AE
:10851000FCB5FCD4FBD1FAEDFB2FFB71D4119AEA28
:10852000632A6B4A6B2A632963496B49634A5B2A56
:10853000632A632A632A634A634B5B4A6B2A634953
:10854000632A632ADFE7E7E7DFCAE7EAE7CBE7EC7E
:10855000E7CBE7CBE7C9E7CAE7C9E7C9E7C8E7C898
:10856000E7C7E7C7E7C8E7C7D7C8C7C8B7A89F28FE
:1085700096C88E6875C85DA75DA74D47558975EA91
:108580007E0975E86DC86528448A33AC33B13B94E5
:108590003BB7335833393BBB3B5B437D3B9D4B5C27
:1085A000535D4B5D4B7C4B1A4ADA3A764273425428
:1085B000423331EF21CF31F131D229AF194E194F6A
:1085C00021B031F331F429D63194219321D321D62E
:1085D000297419731153091108AF08CD08CB10C9BC
:1085E00008ED18EF08AE10CD114F1991219211B37B
:1085F000195219B23A964B1C6BFF6C3F953F8D5F39
:108600007CBF84DF7CBF6C7F63DF533F42BE29FBAE
:1086100021DB29DC29BC29FB323B29FB21DB3A9CED
:108620004B7C541D647E749F745F7C9F5B7F637F73
:108630005B5F533F325E21BD113608F2197411346D
:1086400019534B1B743F6B5E429E31FC1979219587
:1086500031F421F329B421B5431B4ADE217B10F507
:108660001957327D21DB10D800D200AD006D08CE45
:10867000093019D519B229712A542172325C4B7F05
:1086800021F718F2088F08CC10EC008A006B002745
:10869000009000D3006E10281825280330015000E8
:1086A0007000780088209821A883A8C2B0E4B0A404
:1086B000B0E4B8C4C083C0C3C0A4C0E4C8E5D10658
:1086C000D127D925E167F22BFB0EFC75FD57FD354F
:1086D000FCF4FD35FD15FC94FC73FC94FC94FC74D7
:1086E000FC33FC54FC33FB92FC93FB90FA6CFBD202
:1086F000FC75FC74FBD1FB0EFAEEFAEEF453B2CB30
:10870000634A636A632A5B2A6349632A632A634A6A
:1087100063296B4A6349634A634A6349632A634A2C
:10872000632A630AD7C7DFE8D7E9DFCAE7CBE7ECFC
:10873000E7CCEFCCEFCAEFE9EFC9EFE9EFE8EFC71D
:10874000EFE7EFC8EFE9E7CADFC9DFEACFC9BFA9A2
:108750009F487E8776075D665525450665A675E7C1
:1087600065A8558845464CA74C6D43D04393435666
:108770004B7853BA537B4B9B4B3C4B1C4B7B5B7BEB
:108780005B5B52FA42D73A554275427439F331F481
:1087900029D321D129AF2971215029D1321229B2EF
:1087A000215218CF088D08AD108F18D11912193425
:1087B00018F310D110D0088E088A08CC10AB08A886
:1087C000086808C9110C31B221B229F639F63A7796
:1087D00032143A583A984ABB52FE533F63DF6C1F3B
:1087E0006BDF5BBF5BBF535F3ABE325D2A1C1976FD
:1087F00008F2195419B62197199719B63ADC63FF94
:10880000745F6C1F5BBF531F4B1F425D213A297B76
:10881000197B215B19171917093101301994227935
:10882000225921FA197A08B608D51976199619B776
:10883000323719B321D43258435E223B111511311E
:108840001912113410F208B1006D084B2A522AB2E5
:10885000197521D821F63ADA3AFA29D32A1A3A3B7D
:1088600019B210AA10CD08CD088C088C006C004AF3
:1088700000D600F708911827200530024000580064
:108880007800882190429062A061A861B022B8630C
:10889000C0C4C063C8A3C0E4C105C946C945C8C4B3
:1088A000C8C4D0E4D0C4D8C5E907F149FA2CFAAE5F
:1088B000FAEEFB50FB30FAEFFBB2FBD1FB90FB90E2
:1088C000FBF2FBB1FB2FFB0EFB4FFAADFB90FBF372
:1088D000FBD2FBF2FC53FB2EFAADFAEEFC11D34DAA
:1088E0007B6B6329632A6B2A6B2A632A632A632AB8
:1088F0006329632A5B2A632A634A6349634A63499B
:10890000632A632AD7E7D7C7DFE7DFC9E7EBE7CBFF
:10891000E7CCE7CBE7CAE7C9EFC9EFC8EFC8EFC8B4
:10892000EFC8EFC9EFCBE7CCE7CDE7CCDFCBD7EB98
:10893000BFA9AF2A86896E2865A6556765C665E713
:108940004D484D2755084C47338722E82A6932ECB9
:1089500032EE3AF03AF13B133A933AB542F542B669
:1089600042B6427432514251320F29AF19CE19F139
:108970001A1222343A7432532A3432152192192EA3
:1089800008EB08EA08E908A900C808E800A800A759
:1089900000C9090D092F08EE090D08EC10AB10E90C
:1089A000108A08AA10AC10D029B429F63A773A58A0
:1089B00042B83AFA431B3A9A3B1D42FE3A7E29FCE2
:1089C00029DC325D31FC29BB21592158111500F1F8
:1089D00000CC112F19B2217529D721742A1A2A1D0A
:1089E00029FE3A3E31FD219C113A08B2006B006E1F
:1089F00010D200B10912095609742A58535E53DF88
:108A000053BE331E19DC09150913195621D91175E6
:108A100019733AB953BC7CFE5C1F2A5B1133092FD2
:108A200010EF10EC08AB08690048292B9DFC7CFB7B
:108A300029D421B621D55C1F433D21F3199511326C
:108A4000090B08A710CC0950088E088F0090086EFB
:108A500008B608D9107020262803380140005800B5
:108A60008800880198219801A000A000A822B022C7
:108A7000B842B822C042C042C083C8A4C8A4D0C46F
:108A8000C8E4D105D125D905D8C4E947E8E5E147CF
:108A9000F1C9F9EAF1EAF1EAFACEFAEFFB30FB0E9E
:108AA000FA8DFA0AFACDFB0EFA8CFC12FC94FB70DC
:108AB000FB4FFC13FBF2FB0EFA2BFA6CFA6CE1EAAB
:108AC0009BCF630A632A632A632A6B2A6B4A632A51
:108AD0006349632A632A5B696B2A5B2A5B2A634AC0
:108AE00063495B2ADFC6D7E7D7C6D7C7D7EADFEB2C
:108AF000E7CCEFCCE7CAEFCAEFC9EFE9EFE8EFC880
:108B0000EFE8EFCBEFCCDFCCDFECE7EBDFCBCFCA8E
:108B1000B7A8B768BF89A7699F288EE786A765E7CA
:108B200055685D06342633A53B6732E9330A334D79
:108B30004BB15B934AF342F54A9642952A743254FC
:108B40003A14323332733A712A913AD34B164B1995
:108B5000535B537D533C52DA42FA3AB82A3421909F
:108B600021B031B529F53A153A3631D619B321B3CA
:108B70002192111108CF08CE08ED10CB18AB10AC24
:108B800008A900C9112C21923A764AFB4B5D5B9DE6
:108B900053BE53DF5BDF5B5E4B1E42FF3A7D29DA3B
:108BA00019F921F731D82176191310F2197010EC48
:108BB000112C1951199419731977197521352178C8
:108BC00010F708F510930850008D08AC114F10CE27
:108BD00008CC113319D811782A78433C7C9F84DF64
:108BE0006C3F42DF119C00F51110219429D92175A9
:108BF00032595BDE8D5F7C9F325C29D911110930BF
:108C00001130192C110C1109108628EB845B31D21C
:108C1000190E18EF42FA747F53DD19D210CE19D411
:108C200010EB08EB10EE08ED088D08D408D5088D80
:108C3000189210D8204C28043000400048006000F2
:108C4000800080008800A000A001B021B042B822BE
:108C5000B842B862C062C8C5C8E5C8E5C8E5C9057C
:108C6000C0A3D0A5D105D967D987D946D8A4E12614
:108C7000E126E967F166E8C5F147F147F189F9E9CD
:108C8000F22AFA2AFA8DFACDFC12FC53FBF3FB917F
:108C9000FB91FBF2FB70FAACFA2AFA2BF9CAE9E96C
:108CA0009AEB630A634A632A634A632A634A5B2A2C
:108CB000632A634A632A6349634A634A632A5B2AD5
:108CC0005B49630AD7C6DFC7D7C6CFC8D7CADFEAB2
:108CD000E7CAE7CAE7C9EFCAEFE9EFE9EFE8EFE86B
:108CE000EFC8EFCBEFCBE7CBE7CCE7CBE7CBDFCAE7
:108CF000D7C9CFC8D7C7BFA8AF4796E77687762A28
:108D00006569448623A42B442B6633683329436E5C
:108D10004B914AF13AB33A922A31220F220E29CED0
:108D20004211531453565B7963BD5BBD5B5D535E6B
:108D30005B9E5BBE5B9E5B9D539D4B5D3B5B32B719
:108D40002A7621F721D621532135215521B521B687
:108D5000217419512170194F10ED08CC088A108B1D
:108D600010AA196E3A754B5A6C1D7C9F7CBF84FF0C
:108D70008CFF7CDF7CBF641F42FE2A7D21D9115508
:108D80000932199121D511D419B421941151112E00
:108D9000197011301974199421B821982994093245
:108DA00010AE110F1110112F29F432371193193011
:108DB000114D19D72A7C32794BBC63FF639F52FE59
:108DC0003A9E21FC113900B31172217521B721B7E8
:108DD0003A5A6C1E6BDF3A7C119910F219111995F1
:108DE000199321D021CF21CD218A198C3A7108A85D
:108DF00008A6108D5BBD749F4AFB190E19B319515B
:108E0000115010F2117408CE084E00D1113510AB7C
:108E1000204B186F280530003800480048006000DB
:108E2000700080008800A0019800A800B022B06304
:108E3000B8A4B884C063C084C043C801C843C88410
:108E4000D0C5D1C8D0E4D8E5E147E167E1C8D9860B
:108E5000D925D946E105E0A3D8A2E926F1E9FA8CA3
:108E6000FAEFFAEDFB4FFB90FBB1FB71FBD2FBD3AA
:108E7000FBB2FBD2FBB1FB0EFA8CFA2BF9C9F24B19
:108E8000AA48632A632A630A632A632B632A5B4A1C
:108E90005B0A63495B4963295B295B295B49634939
:108EA000632A6309C7C7D7C7CFC7C7A8C7AACFEB6D
:108EB000DFEBE7CAE7C9EFC9EFC9EFC8EFE8EFC8D2
:108EC000EFC9EFCBE7CCE7CCE7CBE7CAE7CADFC90E
:108ED000D7C9D7E8CFC7BFA7B72796856E065D86E7
:108EE000454745063405232422E52B07332732E97D
:108EF0002ACA2AAB32AD2A8D42B03272329142B3C5
:108F00004A923A9432753A7642BA3B3B439B5C5C58
:108F100074FD853D7DBE959F959E953E84FF743E74
:108F2000539C4AFA32352190216F216E114D110F59
:108F30002111191018F109311110092F18EF18ED2E
:108F4000212D4A364AFD4B1E635F639E641F741FCA
:108F5000741F63DF5B9F42DE2A5C1A1932392217C5
:108F600021D621B7217721B82197115519321951EE
:108F70001971197121971996195721781134111304
:108F8000192D19B2321629B5191219752A134B5514
:108F900043193A7B53BE5C7E63FE2A1B219A1979E2
:108FA000197A19981915088D193321772A5832DC46
:108FB00032DC5BBE3A5B21B81134094F1952197289
:108FC000219232332A1132323A9229F229CE1129D2
:108FD00010A718F04B3E6C3F3238108A199211508E
:108FE00010CF213721D90113086C084919131869CA
:108FF0002804282428003000380048005000600071
:1090000068007800880098019801A001A801A002DA
:10901000A001B001B801C022C042C863C063C04211
:10902000C843C8E6C967C8E4D043D8C6E1EAEA8BBA
:10903000EA4AEAABEA8BF22AEA08F22AFACCFAEE1A
:10904000FB0EFB2EFAEDFA2BFA2BFA6DFB30FBB27E
:10905000FBB2FBD3FC13FB91FACDFA0BFA0AF188B1
:10906000B9E76B4A630A632A632A632A632A632A7D
:10907000632A5B4A5B2A632A63295B495B495B2A53
:109080005B2A632AB7A5B785B767A6E8B72AC7CB17
:10909000D7CBE7EBE7CAE7C9E7C9E7C8EFC8EFC82E
:1090A000EFCAE7ECE7CCDFCBD7EBDFEADFC9DFC9FC
:1090B000D7C9CFC8BFC6B786A7068EC586675D6607
:1090C0002CC52C6423C43C274C294BC94BA94B4AC3
:1090D0003B0B42CD533142B242D23A743AB452D7EA
:1090E00042763AB74B59645B855EA61FB65FB65FA2
:1090F000BE3FB63FAE1FA5BF957F849F741F5B3DEB
:10910000429A425931F629B431D531D521D432159C
:109110002A1311AF114E21B421521930198F195051
:10912000110D21B4321A31F9325B329D329E429ECA
:109130003A7D321D321C21B9197631B521B629B7D5
:1091400029751975199419741176195719741132F2
:10915000199319B322152A153AB5539A3A972A1436
:10916000193110F00910117229D55B795B996C5D8A
:109170006C5E957F957F851F63BF325B199621B624
:10918000193410F2192F110B2192327B42BD647FEA
:1091900074FF539E1997191310EE19B119301991D4
:1091A00031F63A363AB8535A42D729F3194F112CAF
:1091B00010CA29714ABC53BF19730847006E119336
:1091C00010D219182A1D09350849104620F02884A4
:1091D0002820300030004000380050005800600067
:1091E000780078008800900198009800A001A00104
:1091F000A001B000A800B801B801C002C043C0E59A
:10920000B842C884C947C925D062D0C5D8C5E107CE
:10921000E927F188F1EAF9EAF9C9FA0AF9C9F9C9BD
:10922000F9CAF9CAF968F967F988FAADFB30FAEFBB
:10923000FB91FBD3FBF3FBD2FAEEFA2BFAADF1670D
:10924000C9467309630A6349632A5B2A632A63294F
:109250005B29632A634963495B2A6329632A63297B
:1092600063495B29AF25A7059EC67E479ECAB76B9B
:10927000D7CBDFCAE7CAEFE8EFE8EFE7E7C7E7C910
:10928000E7C9DFCBDFCBD7CBCFEBD7CBD7CACFC8A4
:10929000CFE8C7C8BFC7AF469EA57E45664655A660
:1092A0004588454834A73C283BE933672B692B07A1
:1092B000330932EB32CE32D03AF142B332B45335C5
:1092C0006BF97C9D8D3F9D7F957F8D3F84FF8D3F0A
:1092D000853F74FF851F749F5BDE42FD2A9A42D949
:1092E00053795BDB5BDB63FC643C643D643C6C3D5D
:1092F0004BBC4B5A325721D5219119B2198F112FDE
:10930000110E110E21111952299721B621781976C3
:109310001953195529D821B5119321942174199500
:1093200021B62A39221A21D82A1829F82A182A7A85
:109330003A7C3239323A29F84AF93A59197421B348
:10934000197121F622174B1B4B1A4AF85BDB8CFF75
:10935000955F8CDF6C1F533E321D1999093108F55A
:1093600008F1110D092B19AF32765B9E7CBF9DBFB2
:10937000747F3AFE19B6195311701130212E19F667
:1093800032193A9B53BE74BF431A19B2190F112CEC
:1093900010EC194D21B5427910AE0029009100F66C
:1093A00010D6191942BE19571045208328E730C13D
:1093B00030C030203800400048005800580060009D
:1093C000700078008000900188008800880090017B
:1093D00098009800A000B000B001B000B000B80143
:1093E000B801C002C084C063C862D042D042E0A5C8
:1093F000D8E5E062E084E8E6E8E5F105E8C5F18853
:10940000F9E9FA0AF9C9F987F968FA2BFA6DFAADA0
:10941000FA2DFB30FBD3FC54FB4FFA2BFA8CF1688E
:10942000C8E57AEA630A632A632A632A630A5B0A45
:109430005B2A632A6329632A632A63295B2A5B29DF
:109440005B49632A86C48E847E067E089E8BBF4C51
:10945000D7CADFCBD7AAD7C7DFC5E7E6E7C8E7CAD1
:10946000E7CADFCBE7CADFC9D7C9CFC9D7E9D7C8B1
:10947000CFC9CFC8B7A78EC576267668666A5DA8BD
:109480004D89450934C73CAA3C09442A3BAB3B2CD7
:109490003B6E43703B324B133AF43A945B76843B19
:1094A0007BFC73DD639D635D635D63DD6BDE845E0A
:1094B00063DD6BDD741E63BE4AFD4ABC5B9D637C4D
:1094C00063DD643E6CBE853F8D7F8D9F8D7F8D3FBC
:1094D0007CFF6C1F4AFD3A792A3522142190196FBE
:1094E000194F190D18ED10EC10CE08CD18CF1970CA
:1094F0002173199219D72A1719F522152A562A7895
:1095000042DC535E4B5E42FD32BC3A9B2A7A327B90
:109510003A7C32793ABA325A29F82A1A2219221890
:10952000327A327C323A32182A164B186C3E6C1F53
:1095300063DF6BDE325D29BD21DD199919731132AC
:109540002195199019AE321242D8743E8D5F7C3F3E
:109550004B5F19B919D71994199311B221B42A572D
:109560003A7B535E8D3F853E537D2173197210AC5B
:1095700018EE092D214F314F08EE006A08950918A1
:1095800010F618DA29DE18F310222041204130C1EC
:109590004921382040004800580058006000600011
:1095A00070007800780088018000800088009000BA
:1095B000900098009800A001A801B001B000B80088
:1095C000B001B801B802C002C022C8C5D105D1059A
:1095D000D8C3D8A2D8C3E106E146E905E906F147B8
:1095E000F9A9F9C9F9A8F905F988F988F9C9F9A813
:1095F000F9ABFAEFFB72FC54FB90FA2BFA0AF1A9D3
:10960000D8E68AA9634A630A632A5B4A632A5B2A0B
:10961000632A63296329632A632A5B295B296329F7
:109620005329630A76845E0465C585E8A6ABAECA95
:10963000AF09A729B748CFC7E7C7E7CAE7CBE7CB4A
:10964000E7CBDFEAE7CADFE9D7E8C7C8CFC7CFE98A
:10965000C7C9B7A8B7A99F4886C865E74D483D491F
:109660003CE7348734894CEB3C2A338943CD438D26
:109670004B8F4B104AD032702A532A9432753A5588
:1096800019B211B111B419931952115110F110CF2F
:1096900000ED00CD092F21F142F563FA851D9DBF34
:1096A000ADFFADDFA5DFADFFADDFA5BF957F8CDFE3
:1096B0007C1F533E325B225719F319EF21CD21ED68
:1096C00019CE1A0F1A0F19CE1190118F21B322152E
:1096D0002A1731F621B6425742B742FC533E3ABEF2
:1096E000427E429E325E327E3A7D329C3ABC3ADC09
:1096F0003A9C433B53DC641E645E749F641F433E8C
:1097000029D929D932393AD7645A5BDD433C3A39F1
:1097100021D7425929DA219929BA31D931F732387A
:1097200029F821F229F23A3452FB747F5B1D42BEC4
:109730002A5C2219197619731152119219F531F711
:109740004AFD6C1F9DDF6C1C535B10EE193008EA5C
:10975000192F112F110C112E010E006C0895117B81
:109760000115111921BB184D1820284030403860D0
:1097700048803820480050005800580060006800B9
:1097800070007800780088018800880088009000C8
:109790008800900098009800A000B083B021C0001D
:1097A000B800B801C002C002C001C8C5D167DA2B39
:1097B000D0E5D0C4D842E084E0E4E084E8E4E88482
:1097C000E8E4F106F927F8E4F988F9A8F947F96817
:1097D000F96AFA4DFB72FBB2FB2FFA2BFA0AF9E990
:1097E000D8C49A695B0A630A5B295B2A632A6349C6
:1097F0005B0A632963096329632A634A632A6B2A24
:109800006329632A86C466456E047E658E8696A8A3
:10981000AF09AF49CFC7DFC8E7C9E7CBEFCCE7CB8C
:10982000DFCBCFCAD7EAC7C8B7CAB7CABFA9C7ABC9
:10983000BFABAFA9A78A97297EA7766855C84528E8
:109840003CA82C071C062C293BEB43EC436B3B2B21
:10985000332D434F4B324BB7639C52FA32562A1585
:109860002A35221521D419921970114F112E18EF93
:10987000110C112C3A7273DC7BDE7C1F7C3F7BFE6B
:1098800073BE6BBE639E6BBE5B7D5B5D52DC3A5B01
:1098900029DA1A1919D8121632F53B7753FB645D91
:1098A0006C5E5B7E4B5C32792A5729B429B42195D2
:1098B0002154193200AD21B021F32198195A195AB7
:1098C000215B197B197A1999423A327B3AFB63FD85
:1098D00074FF853F8D5F851F6C7F6C3F533F3A3C23
:1098E0002A193298749C959F7CDF4BBE2279217295
:1098F000219019911133193311312152223621D47B
:1099000032382A36325631F54B3B5B5E533D3B1EB7
:10991000329E115608D1197419311931197319F57C
:10992000323A849F959F3A7829F2090B190D108BD2
:109930002A97110F192E11520931086D0894117BC5
:1099400000F6193810B118042000286040A040200B
:10995000500048004800580058005800580068005F
:10996000700068007800780078008000800088002F
:109970009000980098009800A800B042B022B00073
:10998000B000B801C044C106C083C064C822C84347
:10999000C021D042D801E043E105E063E063E06329
:1099A000E883F0C4F0E6F0A3F083F0A4F0E5F92733
:1099B000F929F9CBFA2DFA6EFA6CFA0BF98AF9C982
:1099C000E0C5A9C7632A632A632A63295B2A5B2946
:1099D00063295B295B0A63295B0A5B0963296309C5
:1099E0005B0A5B2A8EE497059F45BF47C748CF6B4C
:1099F000B749B74ACFC7D7C8DFE9DFC9DFE9DFCA50
:109A0000D7CCCFEBBFE9B7CAAF6AAF4ABFACB70B91
:109A10008E888EE98F09870A76A85DC84D8844E94B
:109A200034462BA64407444B444C3C705CB57D1B2C
:109A3000643C5BBC537C3B7B435B435A3B3942FAFF
:109A4000533B4ADA32983A572A152A1519D32191ED
:109A500029B021F0325221B419531154111310F2CC
:109A600010D008CE00CE00EF00CF114F2A152A5992
:109A70002A392AF9541C7CDE853F751F8D5F955F5E
:109A800084FF63FF5B7E32591972192F192D010B68
:109A9000116C19D121B419D511311111091208D441
:109AA00000D308D208B2199142F9741F74BF745FD1
:109AB000747F741F5BDF7C3F539F42BD215919D6D1
:109AC0006C7C95DF9D9F7CDF5B9F2A5D1976117210
:109AD000195219521173215321D429D63A573A7980
:109AE000327A3AFC433C3AD84B1C5BDE6C5F42DE78
:109AF000199A10D110F1091010AD19B5223621B301
:109B000021F5745E7C9E21D4112E08CB10E8104AFA
:109B10003ABA1110197419D92257008E188F10F7FC
:109B2000089310F608AC10201800306048A04020C0
:109B3000480058005000580058006000600068005D
:109B4000700068007800780080008000880088003D
:109B500090009800A000A001A000A801A801A80101
:109B6000B000B001B844B8C5C0A4C022C000C8014C
:109B7000C801D001D001D802D823D802E002E063A6
:109B8000E822E842E883F083F0C4F0A4F0C6F8E6E7
:109B9000F907F98AF9AAFA0CFA8EFA4CF968F9A8C9
:109BA000E0E4A967630A632A6329632A5B296309DE
:109BB00063295B495B29632A6329632A5B095B2963
:109BC0005B095B09A6E4BF45B746B766B7A7CFC830
:109BD000CFCACFC9CFC7DFE8D7E8D7C8DFCAD7EA2F
:109BE000C7C9BFAABFA8AFAAAF2BB70CAF0C8E6A6C
:109BF00066297F0C972B86CA766A4D48348734676E
:109C000034662BA63BC8442B3C8F44D64CB85C7BB7
:109C1000645E6C5F539C63BD743F741E639E533DD2
:109C200052FB427B3A5932373A563A9642973215AE
:109C300031F429F421D2219219711170094D112C9E
:109C400010EB114C116E2A7432D94ABC3A9B4B3D31
:109C50005BFE9DDF9DDFA5FFA61F9DFF9DBF8D3F86
:109C60007C9F5BBF3ABC29971151118F32D4435A64
:109C70004B7C3B5D433D2ABB1A372193195211316E
:109C800008F208D110F23A56425B3A7E425F425ED9
:109C90002A5D327F32BF52DD63DB3B36643A959EEC
:109CA0008D3F84FF745F5B5E323D1977197521B378
:109CB00029D4219421D629D621F63A9A32783278BD
:109CC0005BFE74BF74BF535C63DD7CFF42FE21FC0E
:109CD000115710D0111208EF21B221F62A36325551
:109CE0003A36427A3ABC21F418EF116C08E710AB0F
:109CF0004AD8195318D2199B329D00D2004B106ECE
:109D0000108B10AD10A9104010202020300038001A
:109D100050006000680060416000600068006800FA
:109D2000780070007800800080008800880088013A
:109D30009000980098009800A000A801B000B00022
:109D4000B001B022B884C044C024C001B801C842E8
:109D5000C001C821D021D801D001D801D843E043A7
:109D6000E022E843E863E882F0C4F0A3F0A5F947F5
:109D7000F8E6F8E6F927F9ABFA4CF9EAF906F9A79B
:109D8000E905B9266B09630A6B29632A6329632AEB
:109D90006329632A632A5B0A5B2963296329632A8F
:109DA000630A632A6E0576669709CFCBD7CCD7CAEC
:109DB000D7CBD7CAD7C8D7C8C7C8C7C9CFCAD7CAC9
:109DC000BFC9A748A728970996CB7DEA75CB968D82
:109DD00096CC7EAB6E4A6E0A5E0A556844872C2884
:109DE000346823A633E94C6D44D255385CFC5CDE04
:109DF0005C5F53FF4B9E4B1C3AFB4B5C63BD535B5C
:109E0000537B4B3B535C537C43594B19533843189A
:109E10002A5532952A5421B321511970116F1950C6
:109E200019702A77539D63DF431F3B1C5C1D7CDF49
:109E3000A57FA5DF9D9F9D7F8CFF847E6B7D52DC7F
:109E40003A1A21B622153B17643B84FF955F8D5F5C
:109E5000851F7CDF745F535F327C2195195211316D
:109E600010CF108F088D190F115421591139115A23
:109E7000197B29DB111642B5B65DA65EADFE747E78
:109E80005BBF4ADD21BB2179195619541152199132
:109E900029F631D721B73A1732582A594B5D749EAB
:109EA000855F7CFF63DF4BBD6C1E52DE21BB195703
:109EB00010F119731971192E212F216F216E219123
:109EC0002215431A4B7D2A79199319D00908110CD0
:109ED00010EE10EF088C1117433E0935008C002658
:109EE0000866106510621060106018402800380085
:109EF0004800580060006041600068007000700019
:109F00007000780070007000780088008800880079
:109F10009000980098009800A000A000A800A80158
:109F2000A000BA49B843C002B802C001C001C000D5
:109F3000C000C082D001D000D000D802E043E0636E
:109F4000E043E843E8A4E042E883F0A4F064F0646E
:109F5000F885F085F0C5F948F969F906F0E5F106EC
:109F6000E105B8C47AE95B0A630A630A630A630A13
:109F700063295B0A632963096309630A632A632A05
:109F8000632A630A6DA9762996CBAF6CBFCDCFEC5F
:109F9000D7CCD7ECD7CAC788B7A8BF89BFABBFCBD0
:109FA000B7CAA74A86887E697E4B6D6A858D85ED26
:109FB0007E0A762A5DA965AA556B55A94CC9344815
:109FC0002C672C885CEE65114CF44C98445B43FC88
:109FD000641E6C7F745E5B5B53BC749F743E63DE77
:109FE000745E6C5F645E6C7F6C5E6C3E63FD4B9D6B
:109FF00043193AB73A7421F019CE21CE3253327652
:10A000003AFC4B3F5B7F53BF6C3F849F7C9F73DE6A
:10A010006B5E533E3ADE329C229922362A963AF8FB
:10A020005BBA7C7D8CDF9D1F951FA53F9D3F849F64
:10A030006BDE5AFD423B29B90915113310EE08AA0F
:10A0400010C908AC08AD10AD08ED091209331113A1
:10A050000913111318F56377BDFE84BD5B5A31B83F
:10A0600010D6191610D31197193619951953219531
:10A0700029F832793A5A31F82A174B1C6C7F957FB0
:10A080008D5F5BBE42FE42992A382157191608F2AD
:10A09000195119B321CF31CD29CC296B2129325245
:10A0A0003234747E753F431D5397119008E9114F68
:10A0B000192F10EA108C18F7531E21D808B0006A27
:10A0C0000843104210401080188118802040202042
:10A0D000380050006000704270E27000700068004C
:10A0E0007000780081046800800080008800900083
:10A0F0009000900098009800A000A800A800A80177
:10A10000B001A8C4B043B801B801C023C022C8013F
:10A11000C966DAABC801D000D000D001D801E00296
:10A12000E002E002E8C5E8A3E883F042F023F06330
:10A13000F063F0C6F926F947F926F905F106F0E6CD
:10A14000E8A4C1057AA9630A632A630A632963093B
:10A150005B48632963285B086309632A5B2A630AF7
:10A1600063095B0A3D28458A7E6CA74EC7CEC7CCE3
:10A17000BFCBA74A9EEA9E6886A68EA8A70B9F4AD9
:10A18000A76A96E97E486DC965AC6D8D6D8E7DAE12
:10A19000860E8E2D65494CEB554D65CB554A4D2DA0
:10A1A00065B06D715D1064D23C723BB333D64B9891
:10A1B0004BFA643D5BBD537B6C3E74BF7CBF84FF38
:10A1C000957F955F955F8D3F855F953F84BF6C1F41
:10A1D0004B5B3A953AF66BF9847C5B3A32582A9895
:10A1E000433C5BDE6C1F6C3F5B5E21B90934007140
:10A1F0000890219652BC6B1D6B5D635D637D633D72
:10A20000531E52DE421C297A2118191710D40072ED
:10A2100008D211531996199708F200AB006700A8ED
:10A2200008C8008808C910ED10F008CE088B08EFA8
:10A2300011532133219839F441F01110089109127A
:10A2400010D110D019D808F411131114195432393F
:10A250003A3A32783ABA3A594298745E8D3F747FEE
:10A26000639F321D21B9197408F111301150112F5B
:10A2700019702A113230422D424B31C929683211EE
:10A280006BDA84FE7D3F42BB1952110F195021F643
:10A29000199421B110EF19784ABE21F800B000AD31
:10A2A00008AA08611020184018602080284020204B
:10A2B0002800480060007021792470207000700030
:10A2C00068007000700078008000880088008800B6
:10A2D00090009800A00198009800A000A000A8009D
:10A2E000B001B105B083B001B821C023C002C001E4
:10A2F000C801C801C801C800C800D000D800D801F2
:10A30000E001E001E802E822E863E842F083F0229D
:10A31000F084F064F148F1A9F927F906F926F1066D
:10A32000D9A6C0637A686329630A630A63095B0973
:10A330005B2963295B295B295B295B2A5B2A5B29F3
:10A3400063095B093D09556B756D7E2C8EABA74C7F
:10A35000972B76685D4775A886086E268EAA96AB01
:10A3600086CAA72B86AA5DAA4D0B4CCC552D7570BD
:10A3700085AF85EE7DED554B665076716DF064EFDF
:10A3800044AF4C6D446D4C504C0F336D43B45C384E
:10A3900084FD749E5C1E6C7F7C7F84DF8D1F8D1F0F
:10A3A0008D3F8D5F8D5F851F851F849F6B9E42BB98
:10A3B0003AD9639C635C423729B21A5343B85C1D97
:10A3C00074DE7CDF6C5F5BBF4B1F21DA00F2088D0F
:10A3D00008490067002A000C004C002B002B002BC2
:10A3E000006D008D004C002A006810ED29D2221665
:10A3F0003219215610F2006D008708C908CD00CC33
:10A4000008EB0909116A196E19AF1A3421F421B544
:10A41000115408AF11311993197308D310B2008E7B
:10A420001131115608B200CF10F210D4199529F944
:10A43000321829D63ADB533D5BDD749F745F4AFEC8
:10A4400029DB199A1115111310F2110F113019711E
:10A45000218E29CF3A71428E3AAD3A8C39E9294B97
:10A460004A57953E641D3A5A08AB08CD21744B3DBE
:10A47000321721D5193219941958115708B31133CD
:10A4800010F008CA084118002020202028002020B1
:10A49000200030005800680080C378C17000780048
:10A4A00070007000780080008000880090009000AC
:10A4B00090009800A000A000A820A000A800A8017B
:10A4C000B0A4B146B061B801B001B801B001B800A4
:10A4D000C800C801C801D000D001D001D801D822DD
:10A4E000D801E063E043E043E841E842E864F04338
:10A4F000F063F043F0A7F28CF927F8E6F0C4F126F8
:10A50000EACBC8428A6763496329634953095B2AD6
:10A510005B2A5B295B295B295B29632A5B2A632908
:10A520005B095B093CE744A94C494CE85DCA6E6A8B
:10A53000768966084D67558665C75DC565A76E490E
:10A5400076896E896E6955CA558C552D550D5D2FCE
:10A550005D2E6DCF6E116DF26610658F4CEF3C4E27
:10A56000440D4C2C3BCB232A2B0A3B0D3B336C1761
:10A570006C3C5BFE53FE63DF641E7C9F7CBF74BF3C
:10A5800084DF84DF7C3F637D4AFB32BA3AD83AB439
:10A590003AB62A141A725C1884FD8D5F957F955F18
:10A5A000953F84DF741F633E4A5C0997115210D0B7
:10A5B000088B08660063004300420022002100224D
:10A5C000008200A6110B299439F72996213508D16C
:10A5D000088D1048084608C909B011D222143AB6AD
:10A5E00053596C3C7C7B7C5D6BFE5B9F32DE199823
:10A5F000117310F0111108AF006C00AD00CF00CF47
:10A6000008AE008B00CC08CD08ED1931329A21F844
:10A610003217429A5BFE749F853F5B7F3ABE19B941
:10A620001978195719771173111519522172190FC9
:10A6300019AE29D032303A6F3A2B424C2989218AFF
:10A6400031B17C3E31B321310045086929F463FD05
:10A650003A372193188F10B221762A5B109509158D
:10A6600021B6188F18A910852861280020002820FD
:10A670002820280040005800782080E170407000B9
:10A6800078007800780080009000880090009000AA
:10A6900090009800A8A2A041A800A000A800A800CF
:10A6A000B0C4A8A3B000B001B000B800B801B800B1
:10A6B000C801C801D001D001D000D000D801D80213
:10A6C000E043D801E043E022E001E8E6E863F0621D
:10A6D000E842E843F0A5F0A5F0C5F0C5F0A3E8E531
:10A6E000E063C8438A476B09632A63295B295B0AD5
:10A6F0005B295B0A5B095B09630A5B0A5B0A630906
:10A700005AE95B292CC74CC94CE85D695DAA65EA2A
:10A710007E6B660A5587452444C444C45D2655872C
:10A720006E6A76AA6E0B558A4549558A4CEB85CFE1
:10A730007DD05D0D452B656E64EE4CCF44F0546FBB
:10A74000438C3B493B0A2AE95B8D3ACB2A8C5BF46C
:10A750007CBA63DC5BFD63BE643F7C7F845E6B9E82
:10A760004ADC29F92216641984FD847F533B4B3956
:10A770004B796C5C7CFE953F953F9D3F8CBF73DFB2
:10A78000635E4A9C217719B6323A21F82153191099
:10A79000088A086600A600850085008400C410E8C9
:10A7A000114C117119321111108F008A008808663E
:10A7B000086608A9116F225832FA4B3C537C5B3C67
:10A7C000527A39F818F2212F213539F81955091222
:10A7D00010CE08AB00A900E9195011B51197093244
:10A7E000010D00CB00890889192C319321D41995CA
:10A7F00021D74B9D74BF955F5BDF2A3C19780933E5
:10A800002197115411771A191A5921F71950114D1E
:10A81000297029B229D03A704AF0426E29CA29EA31
:10A8200029ED39D2212B11080843002418CC6C1CC7
:10A830004B3608CB084D089220F63A7C08D210F32C
:10A8400018D610F210251803280030003000300010
:10A8500038203820382050007000804080A0784098
:10A8600080007800800080008800880090009000C0
:10A870009800A001A801A042A000A800A800B02252
:10A88000B863B002B802A801B000B800B800B800C0
:10A89000C000C001C800C000C800D001D001E00263
:10A8A000E022D800E001E822E822E907E8C4E862F3
:10A8B000E884E884F084F0A4F0A5F0E6F084E8E50C
:10A8C000E0A4D0C48A275B095B295B495B0A5B2A49
:10A8D0005B29630A630A630962EA5B2A5B295B2AD4
:10A8E00063095B0A45086D6B65CB660B55495DE9ED
:10A8F000760A55A94D2734A53C84346344C56D2997
:10A900006DAA6E0965A955A935462CE73CC94C4A84
:10A9100054EB54AB340834693CCD44CF442E334A15
:10A92000438C3B2A2ACA2A88330B330B328B32EEF4
:10A93000745763BB537C531B429C29FA197711D57A
:10A940003AF863FC8D1F94FE7BFD529932755B9A39
:10A95000845F847F7C3E6B7D4A9C421A211608727C
:10A9600009102A77329B3A1A31D9213410CD006769
:10A9700000A608EC10E8212A218E29F22193295300
:10A98000215210F0088C006800A721AA31EC218C1C
:10A9900029F1327842FD52FF42BD3A3931D329B113
:10A9A00032153A3741F742782A18221721F711D584
:10A9B000097209B03297437D4B3D4B5F32DF1A1B62
:10A9C0001176091100C908EC110D2A153A994B1B93
:10A9D00042DC84FF8D3F5B5F3A5E19771977117413
:10A9E000195529B9329B53DE331D1A19114E198F8F
:10A9F00031F5212F3253427342B229CF29CD216A3A
:10AA0000214819481929090708C3004300276BFD8D
:10AA1000539900A9088B088D10903177008C104C49
:10AA200008B2109110642000280030003800300077
:10AA30003800482040404820600080008840804026
:10AA40008040800080008000880088009000900096
:10AA500098009800A8429820A000A821B000B80251
:10AA6000B023B022B021B000B000B800B000B800F0
:10AA7000C001C822C800C801D001D000D000D8024F
:10AA8000D802D801E000E000E021E023E843E8013B
:10AA9000F043E863E823F0A4F084F0A5F0A4F0E527
:10AAA000E0C5D0A49227630A5B29632A630A630A7C
:10AAB000632A630A6309632963095B0963095B0904
:10AAC00063295AEA44E85D2B6E0D6D8B4D2855E9DC
:10AAD00065CA55283CA62C85346434432C222C446A
:10AAE0005CE74CC755664DA655472C462C663C89FD
:10AAF0003C284C4A44893CCA3C4A230833EB43ACCB
:10AB00002B2B332B2289226932CA32A922292A4CC3
:10AB100032B0325211B011B21193325563BB7C5F27
:10AB20007C1F635D425A10F3008D00A929AD3A13D2
:10AB3000295508F200B0006D006A00C921D13AD849
:10AB400052DD429E31B82953294D214A1927196AED
:10AB5000196D094C110D192C110C08EC08CC00CC06
:10AB600008AA00A810C8114C194C212C216D3232B2
:10AB700042B5429839D8211510D118EF215018EF5D
:10AB800008CE2A735397641B6C3E53DE539F3B3EA3
:10AB9000539D6CBE7CBF749F6C3F5BDF5BBF327E9E
:10ABA0001137006D0048090D199329D82A7A427C83
:10ABB0006C3E84DF531E21BC19382178095619B721
:10ABC00021B93ABD6CBF6C3F227C1195115121B265
:10ABD000193221D3198F3AB742D62212194D1929A9
:10ABE00010E610C610E810C708C5008408295BBE2F
:10ABF00053BD0931091000CC006C10EE084A08471B
:10AC0000086C10881042180020002800300038001E
:10AC100040004000482050405820700088008000CC
:10AC20008000902090408800880090009000900064
:10AC3000980098009800A020B000A000A801A800EB
:10AC4000B002B002A020A800B000B801B801B8005E
:10AC5000B800C001C801C801D001D001D021D8027C
:10AC6000D801D801E001E000E800E801E022E82195
:10AC7000E801E801E883F084F064F0C4F0C4F0C4B3
:10AC8000E083D0639A2863095B295B2A632A632ADD
:10AC900063095B2A63095B095AE95B295B0A5B0963
:10ACA0005B0962E95D48656B658B54C845495D8AFF
:10ACB00045082CA534672C862C2323E31C0224236F
:10ACC00034045CA644C644C544C63CA62426446954
:10ACD0004C09548B5409230723452C082BEB33ECE8
:10ACE00022CA22EB2AEB228C226A532E328B322C80
:10ACF00019AB3A6E63134AF842584239321B19793C
:10AD000008F600B400AE00AB092D19501930194FE8
:10AD1000110E00A900E9194D2A14325B4A9C31B882
:10AD20001913090F214A218929EC224F325331D3BB
:10AD3000114D196D216F090C112C198D19AE218E31
:10AD4000192D110B110908C818E9192D194E192DC3
:10AD5000190B18CA08470043002308A84AF3745A7D
:10AD600084DE851F7CFF7C7F745F63FF6C1F7CFF2C
:10AD70009D5FA5FF8D3F951F6BFE4ADC31B7006FCD
:10AD80000047008608CD212F29562A1A329A535C93
:10AD9000741F42DE21DC199919760934115521DA24
:10ADA00042DD7C7F747F3ADE21DB11102172110FAE
:10ADB000327811302A374B3A33191A1408E90886C9
:10ADC00000C508A508A510A708C80066082B52DD15
:10ADD000537C113419F8113100AC088C00490086FD
:10ADE0000846106410411021180028003000380077
:10ADF0003800480048005000582060207000800053
:10AE000088008800880090009000900090009000DA
:10AE10009800A000A000A000A800A000A000A8002A
:10AE2000B000B001B000B000B000B800B800C00180
:10AE3000B800C002C801D001C801C801D000D801C3
:10AE4000D800D800D801E000E001E083E083E021F1
:10AE5000E002E862E822E862E863F083F0A5F0C36C
:10AE6000E041D02399E763295B095B295B095B29F2
:10AE70005B295B295B095B095B095B295B295B0A31
:10AE80005B095B094D27658A5D6844E84D69454962
:10AE90003CE93C862C6634C52C852C432BE323A24D
:10AEA0001B22232333A42BA42BC53C882C2723A7A8
:10AEB0003BCA33282AC53B252B67446B3C0B1B6AD6
:10AEC00033EC2B6D32EB228A226A2A2B220921E9EC
:10AED000196821A829AB1990096E113009130912BC
:10AEE00000B100CF09101172119429D8295510EE24
:10AEF000210A29CE39D439B6213420D208AC10AA7F
:10AF000008E7196832103AB73AD742D83259223591
:10AF1000225521D219F121F121B329B119B0196FAC
:10AF2000194E110B10EA1908212A18CA08E708A5BA
:10AF30000084086508A6214942735B395B5D63DFC5
:10AF400053BF641F6C5F63DF639E745F747F8CBF4D
:10AF5000949D7C1B42581894002F002A0006006420
:10AF6000090D00EB10ED191031DA323B63DE4B7E38
:10AF70003A3B19B9223C21BB1958091221F82A5A27
:10AF800063DF6BDF427E199A10F5113310F13258EE
:10AF900008D021F82A3B5BFC3AFA21D108860865E3
:10AFA00008850885086508860087088B004A29BA45
:10AFB0003A9910F22A3C21F810F208AB008A006797
:10AFC0000045104510631041182120002800300072
:10AFD0003800480050005820602068207020800011
:10AFE00088009000900090009000900098009800D9
:10AFF000A00098009800A000A801A800A800B00137
:10B00000A800B022B021B000B800B800B801C0213B
:10B01000B800B801C001C800C800C800D000D00006
:10B02000D800D801D800D800E000E905E884E06243
:10B03000E863E801E801F083E863F063F063E86344
:10B04000D821D0239A48630A5B095B285B295B2AD5
:10B050005B095B2A5B295B0A63095B0A63295B095D
:10B0600053295AEA3D2755695D8A55CB558C3D6970
:10B07000452944E834662C643C452BA31AE20A8136
:10B080001B412B0333643BE5332534072C492388CC
:10B0900012A612442AE64BEA43EA33893C2A346C6E
:10B0A0002C0D1B2A2B0A22892AAB2A4C122809A70D
:10B0B00011A719A9216A21AC198F114F090F11513C
:10B0C0001974197311B52A1829F818D308CD214F0E
:10B0D000212E192E18ED18EC08A908A618E7192832
:10B0E0002A0F3AF8431C4BBE439D3ADD4B3D42BD0F
:10B0F0002A37321232542A1429932191118F11AE1A
:10B1000011CF116D192A10E710C610A610C610A491
:10B1100010C708A70886110842733A795B5D5B5D2A
:10B120004ADC42BE3A7D42FE535D4ABB1956085185
:10B13000006D008B008800660024002100A81131FA
:10B1400010CF11331130113119553A3A4B1D325984
:10B150003AB93AFE2A5C10F71116088D10D27CDD40
:10B16000741F31DD19591136091108B108D300D403
:10B170002A3629DB641E53BE2A7B197100460064FF
:10B180000845004700890869008B08AC008C08D18D
:10B190001952091131DC2A7C091300ED00AB00A81B
:10B1A000088608640864102318222800300038003C
:10B1B0004000500050005800682070006800700087
:10B1C000800088009800A0009800980098009800DF
:10B1D0009800A000A800A800A000A800B001B0013D
:10B1E000A800B001B000B000B800C020B800C00096
:10B1F000C001C042C801C000C000C000D000D001E2
:10B20000D800D801D800D000E021E001E042E042BF
:10B21000E842E801E801E822F022E821F022E821F2
:10B22000E000D0229207632A63295B495B2A6329E5
:10B230005B2A5B0A630A5B095B0A5B095B495B0982
:10B240005B0A5AE945075D2A558A55AA458A5E0D6B
:10B2500055EE4D2B2C272B641AE313032B8333E37A
:10B2600043421B032AE422C333852BA71B070AE5AD
:10B270000AE5236822E833083B893BE933E9240BDC
:10B280001BCC2BAD234B236B2B0C226B1249224A78
:10B290001A09096719882169218C114F197221D562
:10B2A00019741994219710D300AC193119541972DB
:10B2B000193008CB110B086808C5112932534B3BD4
:10B2C0004B7D643F74BF747F5BFF4B3E325C3258F2
:10B2D0003A5729F429B221F232744A984259321568
:10B2E00021F0194D19291107110618E710A618C5E4
:10B2F00008A510E8110C210D192E11111174223717
:10B300003AFD5B3E3A7B19350850004B0088090E28
:10B3100010F000CC006800240023090E113308ACA3
:10B32000195011141955215319743ABA29D74B5B86
:10B330005BFF4B1E117A197708AE08AD1132321A35
:10B340002199113508D2086E00D100D0006E11127B
:10B3500021D84ABC7CDF4B9F11B5090F0829004654
:10B360000066004B08D000AE086B08EE088B08ADF5
:10B37000111008F119582A9E1996111008CC00CB0B
:10B38000008908860864106318222001300030000C
:10B390004000480050005800680070207020702065
:10B3A0007820882090009800A00098009800A000C5
:10B3B000A000A000A800A000A000A000B002B00162
:10B3C000A800B000B000B800B000B801B800C001DB
:10B3D000C001C844D186C820C800C800C800D80031
:10B3E000D800D863E145E021D841E002E063E00104
:10B3F000E001E800E800E842F021E801E801E0208F
:10B40000D800D00199C7630963095B295B296B29BF
:10B4100063295B29630A5B295B095B095B0A5B099A
:10B420005B095B0A4CC8756C7DCE5D2B34CA350B4D
:10B430004CE933E71AC422831B223C6533C54C45D3
:10B440004B641262022033442B642B6723272BC8E2
:10B4500023A9234A23492AE94B6B336A3389446C75
:10B460002C0C2BCC2BCD2B8B234C232C1A4A11E8E4
:10B4700009A7116609451125196A216E198D1970E0
:10B480001974113308EF115119301132213308AFFB
:10B4900010AB10CB008611492A722AB8435D749F05
:10B4A000951F955F747F6B9F52BE3A3A2996195249
:10B4B00000EF19B23A78321829F5195219B021F172
:10B4C00029D0216D214A19291926112618E610E7DD
:10B4D000110A214E212F190E296F21712A1742DDE1
:10B4E0002A3A1175095100ED090D2A352A5A219879
:10B4F00010F200490044002310EE08B108AE1931E3
:10B500001130115419562A16425A21B8537C7C9F87
:10B510005B9E217B19DB1113088D00AE006E08D0F5
:10B5200000CF08AF004A088D088E0028006B10D4A9
:10B53000199863DD63FE2A7D00AE008B0067006909
:10B540000048084F113608D3008D10AE088B08ABA9
:10B5500010D008F208B4219C19B708D008CD006AB1
:10B56000086C08CB108410642023202228003000AF
:10B57000400048005000600068007020782078800B
:10B5800078408840902090009800A000A800A0007B
:10B590009800A000A800A000A000A000B001B00189
:10B5A000B063B905B062B800C001C001B000C0000E
:10B5B000B800C002C823C801C800C000C800D80134
:10B5C000D802D863D822D822D862D801D800D801AE
:10B5D000D800E000E800E801E841E020E820E000D1
:10B5E000D800C801A2086B09630A5B0A5B29630AD9
:10B5F00063095B2A630A5B095B085B0963095B09F2
:10B6000062E962EA3BC544273C0723A51BC533E535
:10B6100023231AC21AA123E23CE43D05346623A485
:10B620000A6102E1136323852346440A3BEA33C9D6
:10B630002BAA22E9230922C9226832C8334933EBF5
:10B64000446E342D238C236C23AB3BAF2ACD124A9E
:10B6500011C809A6096509451167218919CC114E40
:10B6600010ED114E1931090F1951091108CB18EDC0
:10B67000088B00E7328F5359641D7CBE951F745EA2
:10B680006B7D6B7C31D820F4084E002900670048A0
:10B6900008C929F0321129F332343A3529F421D27C
:10B6A00029F221B1216E114B212819071947194A96
:10B6B000116C194E198E19B1197232774ADD29F7BA
:10B6C0002A7732B83B1A535C4B1D31D908B2006B54
:10B6D00000460023004308CD08F0192F113118F25D
:10B6E000111319B52177323B297532377C7F63DF1F
:10B6F000323E223C11DA00AF089008D008AE008E2E
:10B70000088D00490068084800460025106C08AE06
:10B710003A57643F3ADE21B7088B00AA004800453B
:10B72000006A1090197908F408AF00AE00AE00AAC4
:10B7300008AD091110D31937197508CE08AC10AE31
:10B7400008AE08F010C910A61865202228003000A5
:10B75000400048005800600068006800800088C20F
:10B7600088E2808098A098409800A000A800A800D7
:10B77000A000A000A000A800A800A800A800A801A0
:10B78000B842B864B821B800C021B800B000B00019
:10B79000B800C801C000C801C800C800D001D0016D
:10B7A000D801D001D801E022D822E000D800E00082
:10B7B000D800D800E022E8A3E800E800E820E00094
:10B7C000D800C802B30C632A5B29632A5B09630AA9
:10B7D0005B0A630A5B095B095B095B2863095B0819
:10B7E0005B095B0823422B852BA52B842BA42B64A0
:10B7F00013021BC23CE64587556744A61B030201A2
:10B800000AC11C031BE52BA62BA72BA92BCB338C22
:10B810002B4B2B4C1A880A06126622E82B8B440EFF
:10B8200043EE33CE338E33AF22EA2B2D226C1A2C0B
:10B8300032AE1A6D122911C711A6118709470127C7
:10B840000908092B11521151090D192F193000AC9B
:10B85000116B53575B1C52FC5AFA423820F4008F8C
:10B86000004B0048004500240023004300430084AF
:10B870002A2F42F44A7531D419912A543AB83AB968
:10B880002A162192194E192B190911291968218C90
:10B8900031CE21D221D321D32A3632384B3A6BDD37
:10B8A0005B1B5B3A429B217808D300AD008908A559
:10B8B00000840044113021D6115318F010CE18D056
:10B8C00029351973299508D33AB76C5E639F42BE38
:10B8D00021FB22BD08F608B2091208B108F200CE19
:10B8E00008CD0867006600640064006A1089088952
:10B8F00029F93ABC21DA08CD08EE00CA0067002415
:10B900000889088C21B7115610B2008C00F008EDA0
:10B9100018D0115411541113190F08AE08CD088E08
:10B920001112111010ED10A62065284728023000D2
:10B9300038005000500058006800700080419209A3
:10B94000894590A18860A0C098409800A000A800F8
:10B95000A800A000A000A000A000A800A800C18727
:10B96000C0C4C002C000B000B800B800B800B80041
:10B97000B800C001C800C800D000D000D001D0017C
:10B98000D800E002E002E001E000E000E001E000B9
:10B99000D800E000E043E8E5E801E001E841E0200C
:10B9A000D820C8639AAA632A63096B095B296309D3
:10B9B0005B295B095B085B285B095B09630962E93A
:10B9C0005B095B0943843BA633C623851BC42C2536
:10B9D000352A5DEC4DAB34C733E41A8109A00B2145
:10B9E00024C42C8623852B873B882B2A1AEA22EA3B
:10B9F00022A91A6911E7226822C8334A1B2B2B0B94
:10BA0000336E43302AAD2ACD2AAB2A8F32904311B0
:10BA10003AD122B1228F1A0C11E819E71987096A65
:10BA2000114C19901132197121D21950212C31CF9A
:10BA3000216E10AB008B006A0069002700450046AC
:10BA4000006A004900470047088708C810E929F044
:10BA5000429632F53B17533A4B1C3A7A31F619B2FB
:10BA600021F329F131CF198C216B198B29EE323159
:10BA700021B221F232363A593296745D5B9C21B67E
:10BA800021F621F7199619961154093000EA00C7DA
:10BA900000A7117029D910D1086810CB106D088C3F
:10BAA0001952191119113A174B1E4AFE329E3ABE0D
:10BAB00032BE11BA1136009108D3011200D208F13A
:10BAC000008808660865006508471088106910EC52
:10BAD000117508D01133110F1175119100AA00438F
:10BAE0000066088E21B910F50913008B088D10CD62
:10BAF00010EF2175325911721110088C08CF00B067
:10BB000008D1090F18EF18E918C5182420233800A8
:10BB1000380048005800600068007800800199668D
:10BB200080A3904098A490E4A8C098209800980022
:10BB3000A800A800A800A800A000A800A800A801CC
:10BB4000B801C002B800B800B800B000B800C80022
:10BB5000C000C000C000C800D001D000D000D80193
:10BB6000D800D801D801D800E000E000E001D800FA
:10BB7000D800E000D800E001E800E000E000E020AC
:10BB8000D800C8228A48630A63096B295B296329A4
:10BB90005B295B095B295B095B095B095B0953094D
:10BBA0005B095AEA3AA523052BC734873D2A5DAEC7
:10BBB0005DCE45292C671B2312600A0014232DA794
:10BBC00034C7242633E82B0612A51AA81AC722C99F
:10BBD0001A881AAB1A4A2AAA32682A883B6C3B8F09
:10BBE000230E22AD2AF02B123B3332F53B153AF6E9
:10BBF00042F432B22A90226C220921C819A811AC51
:10BC000021B019B019B0196E10EC114A298D210B11
:10BC100008A708C50084086500A500CB1090088F10
:10BC200000AE08CF00CD00AC10EC192C19CE42F7B5
:10BC3000435A53BD537D4A792133114E3A754B19FE
:10BC4000329939F521D119D019EF2A302A1021B2B1
:10BC500029D221722A16537C6C1E425B32BA3A9B5F
:10BC6000321929D82A5A329B2A3A117308EE08AAA7
:10BC70001993197410ED08670865086708AD08ED99
:10BC800000AA19511953325642FD3A9B4B3E42BE0F
:10BC900011FD117808D408F410D10933011108AC52
:10BCA00000880886008600A70088008810EE190F1B
:10BCB000117210CE08EC19D72A3B19D500EE0044BA
:10BCC000008808B3199C11371955111010EF10CFC7
:10BCD00010EF21373ABE225808B0108F088F00901D
:10BCE00008F1115108CB10AA18C7182520023800F6
:10BCF000380040005800600068007800780080003C
:10BD000088219000900198429861A080900098004E
:10BD1000A000A800B000A800B000B000A800A800D3
:10BD2000B000B000B000B000B000B800C800C00063
:10BD3000C000C000C000C800C801C800D000D800C2
:10BD4000D800D801D822E001D801D800D800D80006
:10BD5000D000D800D820D800E000E000E860D8404B
:10BD6000D800C02282496329630A630A6309630910
:10BD700063095B295B0A5B095B095B295B095B095A
:10BD80005B0A5AE933264449552C55AC552C5D2C99
:10BD900054E844252383234213233D69566B3529F8
:10BDA00024E9346923061B243B882B281B0822EA3C
:10BDB0001A8A2ACB1A4B1A692AAB3AEA332C2B0D72
:10BDC00033502B7043733BB63B963B573B5832B5D1
:10BDD000331143343AD2226D19EB19EA19EB19AF3A
:10BDE00019B1196D092D094B110A192B110910E60A
:10BDF0001106090408E510E810EC109008D01111A4
:10BE00001152195411941951114F2A104B9A539CE5
:10BE10005BDB5B7C42B719D12A3642FC4ABC3A371D
:10BE2000323742983A982A983275329421D1194F74
:10BE300021D02A3542BB52FB3AFA6BDE42FC323942
:10BE40003A9B4B5E53DF433E19DB0975113121B23A
:10BE50001130092C08E70065006408870089197112
:10BE600029D52135323932592A1763FE3ABD2A3D88
:10BE70001198091508B20914191308B100CD008AE8
:10BE8000088908A910A900CA00CA08CB08AE217504
:10BE9000112E086919942A3C3B1E21FA09310045EC
:10BEA000088A08D4115C195A08931934111108CF63
:10BEB00010D02138429E539D08F208AF0849086F00
:10BEC000086D18B210EC088918AB18463024300001
:10BED0003800400048006000600070007800780082
:10BEE000800090009800980080009800A82098009A
:10BEF0009800A000A800B000B000B800B000A800F2
:10BF0000B800B000A800B000B800B800C000B80089
:10BF1000B800C000C801C801C000C800D000D000EF
:10BF2000D800D000D802D800D800D000D800D02047
:10BF3000D000E000E000D820E000E000E020E020B9
:10BF4000D020C04382685B09630A630A62E963091F
:10BF500063285B095B096309530953095B095B09A2
:10BF600053095B09546D64CE5CEF54EC54CB3C67D1
:10BF70002C2523C42C0423C445CC668F3D2A356967
:10BF80002C680AE41BA723A72B4723482BAA2B4C7A
:10BF90001B0A3BCF43903B103AAE2AAC330C2B0E1E
:10BFA0002B5043D343D33B963BB93B161AF34B97E5
:10BFB00053993A943232326F324F32902A7119CFFC
:10BFC00019AF29702190214E194D116D192B192887
:10BFD0001127092611261108092A193119B41995B2
:10BFE0002934195329B3319411B25BDB94DF5B7DA3
:10BFF0003A3619512A3642BC3A5A21972A965B9C06
:10C00000533D4B3C63DF4B5E225619F221CF221089
:10C010003A9842FA2194637C6BDD429A4AFC4B7E4B
:10C020006C1F6C5F5BBF327D197719F721331130BC
:10C03000196D21AB08C708880087090B21F629FA7A
:10C0400021B7217221B729D74B3D2A1C3A9E21DA0C
:10C05000113308F018F3086E10B108D000AE00AE2E
:10C0600008AD008A08AA090D10EF10CE197108EE6C
:10C07000110B08CD3A3B3ABE431F21FA117100491A
:10C08000008D10B019382978000B1934111310F1F4
:10C0900010D12938423E5B9F197308D1004C0048EB
:10C0A000086C084C10CC18AA1049186820223001DE
:10C0B0004000480048006000680070007800780088
:10C0C0008000880088008800880090009820A06088
:10C0D000A040A800A000A800B000B800B800B000C0
:10C0E000B800B000B000B800B000B800B800C000A0
:10C0F000C000C000C000C800C800C800C800C80018
:10C10000C800D000D000D000D000D800D020D0008F
:10C11000D800D800E0A4E904E000E000E800E00076
:10C12000D020B8637A8963096309630962EA5B090D
:10C13000632863095B0A5B0963095B0953095308B8
:10C1400053095B085C2E4BED440C3C082C273466ED
:10C150002C2423631BA53D4C4D8F2CAC2CCA23A74C
:10C1600003041427240723A73BC81B671BA8442EDE
:10C170003C113BD12AED32ED22EC3AEB432C3B5003
:10C1800023502B5143F5437622D23B725BF94B3956
:10C190002AD5227332532230325032B222522A53DD
:10C1A00021F219B121D2219121B0196F216E114BC9
:10C1B0001969116819A91A2D29F121F411B221B4B4
:10C1C00041F7319618EF19CE3AFA7BFD527708CE37
:10C1D0002A133A7A321A10F319D05BBB63FF639FBC
:10C1E0005B9F6C1F5B7E329C2A1721B32A3331F48C
:10C1F000197242983A9A3A3A4AFC4B5C5BDE6C5FA1
:10C200006C5F539F3A7E21DA21D8217619B22A3306
:10C2100029B0090808CC088B21903237321929B788
:10C22000215321F519D729DA1177329D21DB0936FF
:10C2300008F300AD08AF10D0088F00AF08B108D0E8
:10C2400008AE088C088B110B113208AB1973092F3B
:10C2500008EC21B542FD5BDF4AFF325C08F1006D5E
:10C2600000B100AC10B010D0002908F0113408B1B2
:10C2700008B018F6219C533F32770891086D0047AB
:10C280000869088D086B106A184910492045280074
:10C2900038004000480050006000680070007800DE
:10C2A0008000880088009000900090009000982006
:10C2B000A860A820A820A000A000A800B000B80096
:10C2C000B800B800B000B800B800B800B800C000AE
:10C2D000C082C020C801C000C800C000C800C8009B
:10C2E000D000D000D000D000D000E000D000D800B6
:10C2F000D800D800E001E000D800E020E040E020D5
:10C30000D800B0C372C85B096309632A62EA630993
:10C3100063096309630A630963095B095B085B09D5
:10C3200053085B083B06234633A754293C292BE5D9
:10C3300023A22404552F3CCE340A23871305134629
:10C3400024272C692BE823C82BA823A81BC9238AE0
:10C350002BED344F3BED338E2B2B330D3B2D3B8E92
:10C360003BB3335422901A8D5C3853DA32D52AD33A
:10C3700022B22A75325322523A5121EF2A532253C4
:10C380002A3421F329D4221329F229B121B119AE7B
:10C3900019AD11C92A0C221019CF2A732A35297414
:10C3A00010CE118D4B1773BE319700AC218E4278A1
:10C3B0003A3B119719733B585BFE5B7F63DF637FEA
:10C3C0006BDF4AFD32DE3A7C21D41930110D2992FF
:10C3D0004A9729F73A99431D5B5D6C3F745F745F20
:10C3E0006BBF3ABE21BB19B9215709721A363256B2
:10C3F000197108AA08CB110C42B5327A197611B31B
:10C400002A7B2A3A199421B6327E221D19B8115678
:10C41000008C08B200AD08AF10D100AE08D208D130
:10C4200008CD10EC10CA214C00C9110C1130112F8D
:10C430001952429B5BBF5BBF429F2A390132088E73
:10C4400000D1006A004B0049082A108E089308B1F9
:10C4500008D010F61939327E2A5A086D084A004968
:10C460000048104C184F10AE1069102628023000FA
:10C4700030004000480058006800680070007800F4
:10C480008000880088009800980098009800980024
:10C49000A020B880A860A820A000A800B000B0002C
:10C4A000B800C000B800B800B800B800B800C0427A
:10C4B000C905C020C000C000C800C000C800C80036
:10C4C000D000D800C800D000D000D000D800D8429A
:10C4D000D800D800E000E000E000E000E060E020EC
:10C4E000D000A14563095B29630A630A630A630AF2
:10C4F0005B295B2A63095B0962E95B095AE95B080E
:10C500005B095AE932E52B2633483BC7340733C56C
:10C51000244645EE4592344E2B291AE52BA8340AC1
:10C52000342A23C823881BA7232623882C2A246A7D
:10C53000342C342D3C4D3C0F338E32CE3B4F4B2FA1
:10C5400032D011EC33505C3A4B3732B52A5132B30A
:10C550002A532AB52A75221321EF21AE1A0E32D69C
:10C5600032B73254221329F32A343A332A1329F3E7
:10C5700021D0218C21CB21EE323221F3096C096AC2
:10C580004B367C5E6B7E1934092C2A353ABA3ADC7C
:10C59000327B2A194AFC4B5E5B5F4B1E5BDE63DE1F
:10C5A0003ADD4B3E327C195219B1196E29F42971CA
:10C5B00029D14258429C5BBE63DE743F6BFF537FC0
:10C5C000429F21FC11B92177090F32BC32BD197489
:10C5D000086B008A090C21D3427C29F942DB3A7CA2
:10C5E000219621B621F6325B327E21BC11B8008F34
:10C5F00008F0084B0912088F088E08F208D010D0F6
:10C6000010EE112C10EB20CA10EB190E11B41952B8
:10C6100029F63A1B52FF533E325E2A1C093708EEB8
:10C6200000CF008C006F084D004C004B087008D103
:10C6300008F208D510D5219B193900490029006856
:10C6400008480809102E10B218AF2028200428002E
:10C650003800400048005000680068006800700022
:10C6600080008000880098009800A0009800980042
:10C670009800A020B8A0B860A840A820A800A800F2
:10C68000A800B000B800C000B800B800B800C843A7
:10C69000C020C800C800C800C800C800D000C8003A
:10C6A000C800C800D000C800C800D000E001E00108
:10C6B000D800D800E000E000E020E000E040E0002A
:10C6C000D020B229632A5B09630A630A5B095B090C
:10C6D0006328630A630962E962E953095AE95B095D
:10C6E0005AE95B083AE62B0733283B872BC6350906
:10C6F00066B24E1334F0234B1B2733883B6B2B6AF7
:10C700001B8823461B260AC51AE51B062BA81C2AD4
:10C71000240B342B3C4C3BAE2B8D226909C72208DD
:10C7200012AA43B24B962A722A9332903A931A3045
:10C7300032B43AB72A1219D1198F21EF220F32538E
:10C7400042972A562234325432753A7732552A3477
:10C75000221419B02A70221021EF196C32935B7CDD
:10C76000531D3A3909112251537C5BBE5BFF535F65
:10C7700042FD42BA42BA3A9C3ABC63DE42BB433DF8
:10C780006BFF423909102131114D219218D021B08F
:10C790002A373ABA4AFD4B1E6C1F5BBF3A7E3A7F7E
:10C7A00021BA19BA195908CD53B963DD1976002891
:10C7B000008A00AB1150223B427E427C299610F148
:10C7C000219429F84B3D4B7E2A3B195908B0008F24
:10C7D000006C08AE086C107008AF10F318CE08CDCE
:10C7E000114E092D10EB10EB194F196F11522A172A
:10C7F00029D6197542DD2A3A2A1C2A3D1177008A6A
:10C80000008F08CF08900830006B004A00AE00AFE0
:10C8100000F408B110B208D408F3004B000808294E
:10C82000080708071008102E1873186E200430002F
:10C830003000380048005000600060006800700060
:10C840008000800088009000900098009800980078
:10C8500098009800A020B880B0A0B060B020B88147
:10C86000A800A800A800B000B000B800B000B80050
:10C87000B800C800C800D000C800C800C800C00088
:10C88000C800D000D000C800D000D800E000E00010
:10C89000E000D800E000E000E020E020E020D84008
:10C8A000D06199C75B0A5AEA5B095AE95B295B09BF
:10C8B00062E9630863095B095B095B095AE95AEAA3
:10C8C0005B095B083B0733063B483BA854EC7653B7
:10C8D0004D3123CC12E712A61AE722E81AEA2B2AD6
:10C8E0002B091AC612661A8612640A4323062C2ADA
:10C8F000242B2C2B2B8B12880A25126632CB32CCA0
:10C90000539243112AB022102A4F3271228F22F201
:10C9100032D52232221111B01A332A12223021D1FB
:10C920001A5432582A5532762A5632373235323531
:10C9300032552A3532753275225142B952FB21B433
:10C9400019B121AE4B15749E7C7F7C7F633D329A7A
:10C950004B3E29F922374B5B5B5D29F75BDD5B5D65
:10C96000213611321113114D21F6193218EE219290
:10C970003A98329A431C6C3F5B5E223D227E19BA84
:10C9800021FB2159008E3AD95B9B1131004800AC44
:10C9900010EF3239219619351914002C11312974F0
:10C9A00032785B9F5BBF329D199810D308CF084E39
:10C9B0000049084908AB088C08CE08AF10F131D304
:10C9C000219011511171192F190D194E21D429F7E8
:10C9D000195121D542DC1958321D2A3E199900AB54
:10C9E00010B010B000910850002D004F004E008F85
:10C9F00008F708D2089008AD08CF0048002B0806B9
:10CA00000809080510061808180E183020292800F3
:10CA1000380040004000480058005800600068009E
:10CA2000780088009000980090009000980098008E
:10CA30009800A00098009800B8C0B8E0B0A0B0601E
:10CA4000B040A800A800A800A800A800B000B80046
:10CA5000B800C000C000C800C000C800D000C000BE
:10CA6000C800C800C800C800D000D800D801E8003D
:10CA7000E800E000D820E000E800E820E060D860AE
:10CA8000D0428A476328630A5B0A63095B0A62E94A
:10CA900062EA5B095B095B095AE953085AE95AEAF9
:10CAA0005B09630943453B673BC97CF0648F3BEA04
:10CAB00023271A831B062B692B69238A234B22C940
:10CAC0001A6712E71A47122411E21A031A441AA726
:10CAD0002308124502030A442AE9332B334E32EF6E
:10CAE000228B2AAC21CA220A19AB328D2A6F32D28C
:10CAF0002212223319D01A1322132A322A743A34FA
:10CB000019F421F31A3542972A3632B732363A975A
:10CB10002A98323842F83AF83A7721B3198E196BCD
:10CB200011AA4B9684DF84DF7C3F31F819D2429BF7
:10CB3000297721F34B1C327B3A38539D3A3A08B39C
:10CB4000093318F608EF21D71134110C196F29B4E5
:10CB500019B14B9A7C5F4ABC225D325D19992A5DFE
:10CB6000215A006E21B921DA00D200AC08EF193148
:10CB70002155109208490006006621B611B73B1BEB
:10CB80005BDF42DE21FC21FD10F500EF088D086E11
:10CB900008AC0089088A08CD08AB10D01913111110
:10CBA0001974197219341911215211322A17219648
:10CBB000221608CF323811773A5D323E199A113277
:10CBC00010D310B3109000B1006F004F002D00AFD4
:10CBD00008B908F7006E00AE084B004A080B080AB7
:10CBE0001007080610051007200418082005280063
:10CBF00030004000400048005000580070017801AB
:10CC000080008001800088009000980098009800C3
:10CC10009800A000A00098009800B0A0C100B8E063
:10CC2000B080B040A800A800A800A000A800A800FC
:10CC3000B800C000B800C000C800C800C800C800E4
:10CC4000C800C800D000D000D800E000E042E821D1
:10CC5000E001E020E000E840E800E8C1E0A0D860A2
:10CC6000C0417A6863285B0A5B09630963095B0951
:10CC700062E963085AE95B095B0953095AE95B09F0
:10CC80005AE95B08536743A83BE843A92BA73C2913
:10CC9000446C43CD3BAD332A3329236A1B6A130707
:10CCA00012A722C81A0611E41A03120311E2122570
:10CCB00009C312032AE932EB22A9330D226B334C4C
:10CCC0002A6B226A21EA2A09328C328E29EC1A0C4C
:10CCD000222F1A3032B629D311F02A12225321F210
:10CCE00019F219D11A543AB92A373A773A7942588F
:10CCF00021F542D842982A3621B121D0192B094971
:10CD00004B7684DF7C9F5B3D11142A53637D215356
:10CD100021F13ADB325A21F93A1C091508B0219762
:10CD20001135090E325B1915088A110929B5092E2A
:10CD30004B397C7F52FC32FD3A7D21FA4AFE31D9D3
:10CD4000004C2115111908F600B1008F215310D0A5
:10CD5000084C00060022008519D5223C535E537F03
:10CD600032BE19FC2A3C10D408AF00AF088F086C03
:10CD7000004A008B006C008B10AF117411112196CA
:10CD800029D61974193431B519942A3A32791134E3
:10CD900019B6111110F329DA21DC39DE197A1111D3
:10CDA00008D30891006C00920850004E006D00708E
:10CDB00008B9115A00AC088F004B006C080708082E
:10CDC000100318061002180120022001280030006C
:10CDD00030003800400040005000600060007000EB
:10CDE000700078007800800088009800980090001B
:10CDF0009800A000A800A800A0009800B0A0C90159
:10CE0000B900B8A0B040B020A800A800A800B000A9
:10CE1000B000B000B000B800C000C820C020C800FA
:10CE2000C800D000D000D000E000E000E801E80138
:10CE3000E001E040E800E820E820E880E080E061F0
:10CE4000B8C372E95B095B0A5B095B0A5B095B09B2
:10CE50006308630963095B095AE95B09530A5B08C4
:10CE60005B0953094B253B8743C8540A648C5C4CCF
:10CE70004C0C33A933A833A92B491B281BC92349C0
:10CE800012A622851AA512641A23120322040A0389
:10CE900011E322A62AC9232A22CA12282AEC120741
:10CEA0002ACB2269226A2A2A326B322A32AB2A6DB5
:10CEB0001AAE2A9521F219F01A342A1329F219D040
:10CEC000229432762A5719D43A773A1632181992A0
:10CED00042F73A15323319F332362151092842D735
:10CEE000743F637E325B09343AB473DE2956012CF9
:10CEF00042DA429A29F6113510B010EE191208B133
:10CF000019D14ABC1937006A00652190114F42F8C7
:10CF10005B7E3A7D431D537E2A3B3A3B2115006AD6
:10CF200008CE08F10959089100490049006A08AC87
:10CF300000290024006522364AFE533F4B3F42DE63
:10CF400029FB19990890008C08AF08B0086B088E6F
:10CF5000008C004C084B08D0111110F229B631F6A4
:10CF600021B529D631F621943A9C4B3E3A7A19558F
:10CF700008B0193210D129992A1C29FD197910F10C
:10CF800008D3109000891090086F004B006C006D62
:10CF90000898091B00D0008E004F0049082908445A
:10CFA0000825104218211800200028002800280019
:10CFB0003800380040004800500058006000680009
:10CFC0007000800078008800880090009000900039
:10CFD000A000A000A800A800A820A800A000A00011
:10CFE000B080B900B8A0B880B040B000B000A800D0
:10CFF000B000B000B800B800C000C800C820C82009
:10D00000C820D000D000D800E000E020E001E0001F
:10D01000E000E800E820E820E800E860E0A0E0A206
:10D02000A96563095B095B09630A5B095B0963091D
:10D0300063095B095B295B095AEA63095B0A5AE9E0
:10D0400063095B09534653885BA963E86BA8536681
:10D05000444944AB442A446A4C4B2B6823691B2740
:10D0600012E61A851AE51AC50A620A4312440A230F
:10D0700012621A24330A1A662AA81A68122622CBC8
:10D080001A492B0B1A09226C216821C82A8C326D8F
:10D090001AAD32922A9019AD223219D011AE2AB4AB
:10D0A0003A7329F319D23256225629D619D042F8AA
:10D0B00029B43A7532354B1929B500A94AD85ADD39
:10D0C00029D82A3911B43AF76BDE197700ED4319E4
:10D0D000633D1973091108AE112F191308EE325769
:10D0E0004ABD10D400480043094E2A173AB6427987
:10D0F000223A4B1C5B5E3A7E2998104D006700690E
:10D1000000AD1957006D00450045086600680047EE
:10D110000046006722153ADB42BC42BE325C115722
:10D120002957086C008B08CE088E088E008F006B84
:10D13000008D002C008C08CF10CE21962174217513
:10D1400029F7213031B63239537E63FF29D819557A
:10D1500008B008F118D4197A29BB215A1116088E83
:10D1600008B100AE00A9086C084A0049004B004D08
:10D17000087508FA08D4006E002D00680847086496
:10D180000842084118412000200020002800280003
:10D19000380038004000480048005800600068002F
:10D1A000700070008000800080008800880090007F
:10D1B0009800A000A000A800A800B000B000A00047
:10D1C0009800A020B860B8C0C0C0B8A0B860B04097
:10D1D000A820A800B000B800B800C800C820C80047
:10D1E000C800D000D800D800E000E800E801E00066
:10D1F000E000E800E840D840E040E860E880D9245A
:10D2000099C6630A63095B0963095B0A5B295B29A9
:10D21000630A5B095B095B095AEA5AE95B095B0926
:10D220005AE95B084AE44B646BC68408840A7BC9EC
:10D230006C6B5C0B43884C084BCA2B0623052327D9
:10D2400012C412840A8312621AC51B0612A422C6D3
:10D250001A44124412632A871A251AE92AC91A683D
:10D260002B0D12692ACE1168120932F13A8E2ACE9C
:10D270001A8E224F32B129EF19EF1A102A511A11C2
:10D28000197011AF19F33256199222524AD911303E
:10D290002A3429F6539C31B70088116A211200AB59
:10D2A0003276229B537C5B9F299A00F043186B5E79
:10D2B00010F200CA08EE092C115219D52A5B425C03
:10D2C000087000240023196E3ADB3ADA42DC2A594E
:10D2D00042DC7C3F3A3C18F500890865088400CBA5
:10D2E0001115082B0023002208441068004700672E
:10D2F0002190429A299A2999113508D308D400B16E
:10D30000088D08AE10D300AB088F004C006B006C8A
:10D31000006D004A006A004910CD08F1215421B582
:10D3200008AD39F731D442DD641F5B7F197519569A
:10D3300010F108CF18D5115A1939193908D3008EB0
:10D34000008F088B088A084A086A008A004A084F3A
:10D35000007308FB08D700AC008D00680067086305
:10D360000863102120211800200020002800300030
:10D37000380038004000480048005800600068004D
:10D3800070007000780080008000880088009000A5
:10D3900098009800A000A000A800A820B020A82015
:10D3A000A840A840A0209820B060C100C900B8A043
:10D3B000B860B040B000B000C000C840C820C8008D
:10D3C000D000D000D000D800D800E000E000E0009D
:10D3D000E800E820E040E060E0A0E0A0E0A0D9653F
:10D3E00082675B29630953285B0A5B0A5B0963094F
:10D3F00062E95B085B0A5AEA5B0A5AC95AE95AE8C9
:10D400005AE95AE9634573848B839B239AA38283E9
:10D410007306638853C844083B872AC52A841224AC
:10D4200012621A831A8212C21B0513051AC512252D
:10D4300012641242128311E31AC5226822872288DD
:10D440001AC8224A09451A693AF21A2F2A6B3B2E4A
:10D4500043D133752AD33B1521F2094A19CF1190D4
:10D460000129222E2A52094D32B442BB0930221220
:10D4700021F53AFA29B70068196E08AA00632A72E2
:10D4800053FE6C5F639E2158002E42D4635D109260
:10D490000066112F10CB118F3A1921B810F5004BEF
:10D4A00000230042096C535D4B1E4B3E3A9C4AF9E7
:10D4B0004296299508AD08670065006208A9111316
:10D4C000008A0044002100620065006621904AFB4A
:10D4D00052FD19140870002D00AB092F088D088C1F
:10D4E00008AE111400AE00D0006B008D008B004D13
:10D4F000006B006A0048006400A910EF1933088E21
:10D5000021D610B03A3A5B7F63FF429D191611365F
:10D5100010F210B219131916113710D208F108F1D0
:10D5200008AF08AA0088088B0848008A088C004EBB
:10D53000009208FA08F808EE086E008610470864A2
:10D540001063184218011800180020003000300045
:10D55000300038004000480048005000580060008B
:10D5600060007800780078007800800090008800E3
:10D57000900090009800A800B000A800B000B02073
:10D58000A860A860A860A060A020A0209840A88003
:10D59000C921B8A0B040B020B800C040C820D020F9
:10D5A000D820D000D000D000D000D000D800E000BB
:10D5B000E820E080E040E040E860E0E0E0A0C8A2D1
:10D5C0006AC95B0A630A5B095B096309630A630949
:10D5D0005AEA5AEA5AE9630A5AE95AE95AE95AE907
:10D5E0005AC95AC95B227B6293A2A3429B24932708
:10D5F0006B486BCA63A953883AE41AA422A41AA3FD
:10D600001A61122122A31B041B451AC5124512449C
:10D610000A832AC412831AE312A42A6719E51AA7F7
:10D620001A47096332CA3B9119CB228B42CC4B8EED
:10D6300043B32AF32A0F012921ED3233198D11CA80
:10D64000226F19CD09AB33163AFC119411CF223554
:10D650002A9A19340089112C21330045222F745E37
:10D660007C9F4A7B006F002621B162FC1070004550
:10D67000112F08CC196E31F810D200AB00460023F0
:10D680000042090953DC63DF63BF431E2A5B2A366D
:10D69000115008CB08661063008310EB1913086B58
:10D6A00000440062006300630066190C21352936CE
:10D6B00010D1008D00AE117508F3006D091108AF8F
:10D6C0000911006C08D100AE08B0006A00AB088BED
:10D6D000006A00890046004308C8086808AC10EDDD
:10D6E000193221742A7C4B5F4B3E29D81978115589
:10D6F00010D510B208B110F31132091110F0111445
:10D7000008EF00AB0089108F0066006808CE00ACFF
:10D7100008B019161978115208AE08640844088533
:10D720000863104218211800180020002000300063
:10D7300030003800400040004800500058005800B9
:10D740006800700078007800800080008000900001
:10D75000900088009800A000A020B000B000B02089
:10D76000A860A860A060A860A860A06098409040F1
:10D77000A040C0A0C0A0B860B820C040C820D00061
:10D78000D020D000D800D800D820D800D820D82069
:10D79000E040E060E060E080E8A0E0E0E0C0B144AC
:10D7A00062EA5B09630A5B0A5B09630962EA62EA8F
:10D7B0005AEA5AEA62EA5AEA5AE95B095AEA5B0902
:10D7C0005AE95AC973A394249C24A3649AA392246B
:10D7D0007A856A665AC45408542A3BC8336422C204
:10D7E00012A11B2522C422E512831A4312641AC413
:10D7F0002B4622A51AC40A831AC319E311E309C3ED
:10D8000009E221E342CA11E8128711A5332C22AEA6
:10D8100019EB12281A092AF0325111A92A902A125A
:10D820000949120C4BD943DE121809AC328E32B8BA
:10D83000195400EA01092172008811CD539C531C30
:10D840002155006B0044114C31DA084E00A51170CF
:10D850001150118E423808CF006600240042004269
:10D8600000C75BBA6C3F6C3F4B5F32FE325B19B452
:10D8700008AB084708441083210810EC0049004415
:10D8800008650865006408650847004A08AB086D2C
:10D8900000AD1934197810F5088F193608D308F23D
:10D8A00000EF00CD00CE08CE086F08AC008B0069F9
:10D8B0000067008500440043004300240045112F09
:10D8C000006A2177327E325E325E1134199908F394
:10D8D00010F510D108B008D408D1113510D219763E
:10D8E00008F1088D08AE109108CD088818D008EE10
:10D8F00008F1197721D919B8095100840843108417
:10D900001084086110211821180020002000300028
:10D9100028003800380040004800480060006800D7
:10D920006800680070007000780080008000880047
:10D930009000880098009800A000A800A000A820EF
:10D94000A820A840A860A860A860A080A0609860F7
:10D9500090209820B901B922B880C020D020D040B2
:10D96000C820D000E000E000E000E000E020D0406F
:10D97000D060D860D880E0C0E100E0A0D8E099E6AF
:10D9800062E95B0A62EA62E953095B095AEA5AE909
:10D990005AE95B0A5B095B095B095B095AE95AE9C9
:10D9A00052E952C99C22AC02B381AA80A1C08981EC
:10D9B0007AA474486D0B5CCB54284385332333A67B
:10D9C0003BE52B8523251AC41A6312A222E52AE619
:10D9D00022C622C712652AA51A641A4411E30A0254
:10D9E00019E219831983118319633267220811A47C
:10D9F0001A071A4822AE1A6C122A225121500067C7
:10DA000022CE5C7C543F1AB909AC3AAB73D51A33B9
:10DA1000114D00EB197008CA19EC4BBC2A1700AE67
:10DA20000089004600C6214F080B08E72A772259D3
:10DA30001A353A97193108AA006508440042008453
:10DA400043386C3F745F63FF63BF3A7C10F3006937
:10DA5000002600040023088408C808A70845088891
:10DA60000866006610A908870067088A008B008D89
:10DA700010CF191408B21133115408D109540913E5
:10DA80001134091308B008CF08AB00C90089006A37
:10DA90000048006700450063004300430845002735
:10DAA000110E197721BC21DB219A1114197810B2BB
:10DAB000086F10D308D10893088E08D208F321BB51
:10DAC000093408AE0890008D08F308A910F108EF9A
:10DAD00008F319BA321C219721B700C90063084323
:10DAE0000862106308421021180018002000280066
:10DAF0002800380038004000480048005000580016
:10DB0000600068007000700078007800800080007D
:10DB1000880090009000980098009800A000A00055
:10DB2000A000B040A820A040A840A840A060A0400D
:10DB300098609040A081CA06C0A0C040C840C840BC
:10DB4000D020D020D800E000D820E040D800E0600D
:10DB5000E060D8A0D8A0E0C0E920D900D0E0826879
:10DB600063095AEA5B295B095B0963285B095B0966
:10DB70005B095B0953085B095AEA5AE963095AE9E8
:10DB80005AE952C9A4A1AC01AB60A2A08AA58B8AB4
:10DB90008D2F7D2E644A534742A53AC43B87338874
:10DBA00043C93BA7338622C422C51AC422862285D4
:10DBB0002A871A8622862A45220419E31A4319C3A2
:10DBC000196119221922090129A4216409221101CC
:10DBD00022063AAA1987116819AE08A900C33BF2B8
:10DBE0008DDE749E2AF91A8F122A2AF22A9509B11B
:10DBF000012B1190092C2A5043171174012D00CCD0
:10DC00000089004708660064094A4B394BBF3AFD5A
:10DC100042DC21D5092D10C90085006308623A95C0
:10DC200063FF7C7F6BDE427A08B3004908860044BC
:10DC3000002300010045110C00EC008600A90088BB
:10DC400008AC00AB088908AA08AA08AD08AE088D80
:10DC500008AD18F2199819781174199601121176F5
:10DC600008F308D208D108B008AF00EE00CC006A73
:10DC7000006A0066004600630043006300440846F3
:10DC800018D11959297A117910F2091510F408D30D
:10DC9000088F10D300D3089100AD08AC10D4219D9B
:10DCA0000936008B086D00AB18D6010E1912093227
:10DCB00008F319BA3A3D19982178090B00A50863B1
:10DCC0000862104210621063102118002000280022
:10DCD000280030003800380048004800480058004C
:10DCE00060006000700068007800780080008000AC
:10DCF000800090009000900098009800A00098008C
:10DD00009800A000A020A020A02098409840A0202B
:10DD1000984098209040A880C0A0C902C860C84020
:10DD2000D040D040D040D820E020E040E020E0606B
:10DD3000D880D8A0E0C0E0E0E160D920C9846AC9F9
:10DD400063095B0953285B096309630963095AE99D
:10DD5000630953095B095AE95AE953095B095AE90E
:10DD600052E952E9A4C3A443A3E4A38593CC8B0D49
:10DD700072E95A4451C2428353A9532833682B6A2B
:10DD80003B6A338832A623272B062285224522456B
:10DD90002247224622252A2619E521E5222319C3F6
:10DDA00019A321611121116009611121110121A320
:10DDB000198410C12145194B086411E965588E1F5B
:10DDC0006CBF335A1AB422B12AB7229911F3092B26
:10DDD000098819AC2A6F4AF9197000ED08ED008D19
:10DDE0000067006500A519CE5C1C747F5C3F53BFC3
:10DDF0003ADD29D5193008EB00C6086529F063DE45
:10DE0000641F52BB10D3004B002600430044002285
:10DE10000043004708CD10AF00AA08CA00CB08EDA8
:10DE2000088A00EC18F118CD08AD008D00ED19112D
:10DE300010F008F11157199929DB113719771136AC
:10DE40001136011408F208D208F308D100AC088A90
:10DE500000870046006408430843006400450867E3
:10DE600010B0195611360935004D08F408D108F4E0
:10DE7000006F08F408B3209110EF00EF109329BE53
:10DE8000115908AE008B10F110B51976197511777C
:10DE90001932217A323D2A1B1935192F08E708A8B3
:10DEA000108508621040102210431802200028003C
:10DEB000280030003000380040005000500058006A
:10DEC00060006000680068007000800080008000D2
:10DED00080008000880088009000900090009800EA
:10DEE000980098009800980098009800904098201A
:10DEF0009840982090409840B8A0C080C0C0C860AA
:10DF0000D060D040D040D040D860D860E020E06001
:10DF1000D880D8C0D900E120E120D920A9E6630942
:10DF20005B095B095B085AEA5B095B095B0A5AE912
:10DF30005B095AE95AE953095B0953085AC95AC996
:10DF40005AC952E9A486B4A5AC049B428A8281C214
:10DF5000798371C562655BA75BAA53AA43AA3B0993
:10DF600032A82A883AEA33292AA92A472A062225EA
:10DF7000222629E62A2629E5220622051A0521E479
:10DF80002205196321C111C0196011400920110037
:10DF900018E018E010A110A1334E8E3D8E1F64FFD3
:10DFA0004C3E43BB3BDC337D227A19D3094C0947F5
:10DFB00009A7220D327411B1096D090C00C900E7DF
:10DFC000012D00F0223374BE851F7CFF74DF641FB7
:10DFD000431E29D910D00047004329ED535C4A9BCA
:10DFE0001933008C006A00480044002200220065BA
:10DFF0000065114D10F110AF10ED00C900AB08AD78
:10E0000010D010B108AC08AC08ED111008AF08AC86
:10E0100018EF1154217621790916195821580954FD
:10E0200009161136197709B7091410D200AD006A24
:10E0300000660086086300630043006600670066B0
:10E0400010AD08B110D208D008AE1891088F10900A
:10E05000088E10D208B2088F18F110D108F529BE29
:10E0600000F608AE004C10F708D321793A18215673
:10E070002155297A29DE2A3C10CE10F008AA108DED
:10E08000108810631862102118011823200028003E
:10E090003000380038003800400048004800500088
:10E0A0005800600060006800700078007000780020
:10E0B0008000800080008800880090009000900020
:10E0C0009000900090009000900090009020902090
:10E0D0008820902090409020B943C0C0C8E0C880FC
:10E0E000D080D080D840E080E860E0A0D880D8A080
:10E0F000D8A0D8C0D920D940D940D1418268630A7C
:10E100005B0A5AEA5B095AEB5B0A5AE962EA5AE887
:10E1100053095AEA52E953095AC95AE952E952EAEB
:10E120005ACA5B099C45AC83BC81AB829AE38A44A2
:10E1300081C479E572E773876BA95BEB5BEC4329DC
:10E14000430932C93B2B330A2A69222621E52226BC
:10E1500022052A0621C529E619E521E529C532252A
:10E1600021C6220421C221C219A11141112121007D
:10E1700018E010C019C54CB47DBD7D7F751F6CBF04
:10E180005C5F4BBE331C21F5110E10E808E409A6B4
:10E19000129022951A3311F4018F01EE0A1101B485
:10E1A00001763B197D1E855F955F8D1F741E4ABBEE
:10E1B0001914004B0044004308C739B010AE008862
:10E1C00000A8006800660064006500440044008701
:10E1D000110E08CF08CD18F21930090C010D08CE28
:10E1E000086A08AC10CE10F018F100AB10F018F26D
:10E1F0002171193611141156217910F719981997B0
:10E20000199811BA21BB21DA091500B000AD0068D8
:10E210000066006500840064008508660867088B56
:10E22000086A08AE10CD08AA090F10AD08AE006B41
:10E23000112F08AF08B1008B108E084C195829BC5B
:10E2400008F408AE004C10D608F21959427C19B4F3
:10E2500031571938117B197B00A910AD10AD08F0AA
:10E2600010CC10A6108308431822180020002000AC
:10E2700028003000300038004000400050005000BE
:10E28000500058006000680068007800680078005E
:10E290007800780078008000800088008800800086
:10E2A00088009000880088009000900088209020CE
:10E2B0009040902088209040B142C8E0D900D0C062
:10E2C000D080D860D860D860E060E0A0D880D8A0C6
:10E2D000D8C0D900D960D980E140C16472CA63094D
:10E2E0005B0A5AE95B095AEA5B095AEA62E95B0987
:10E2F0005AE95AE9530852E95AC95B095AE952E8FE
:10E3000052E952E88BE4A483AC41ABC3A3028A4434
:10E3100072256A066AA9632753894B8B42E8432A10
:10E320003B0B3AEB332D3AEC32A92A472A2821C677
:10E3300029E619E529A519C421C529C629C539C564
:10E3400021E5220329C321C119C121621941190004
:10E3500018E04B4B6D78653D5C7D539C42DA2A1783
:10E3600021B308CE004900640021004001A71A51E2
:10E370002AB51A94121419F21A7322F91A38097567
:10E380003B3B853F955F847F5B5C31D800900049C3
:10E390000043006408C810CD086908040042006505
:10E3A00000850067008700660048004708C7190D10
:10E3B00008AD00CB192F08F01950113000CD00CB5B
:10E3C000191010F0193210CF10CC10EF10D1191411
:10E3D00010D11153195819181178217B199919DB8B
:10E3E0001A1B2A1C21DC195808F300AE008D006AA4
:10E3F000008800660085008500660088088800AAFD
:10E4000008CD08AD08AC10B010AE088C10AC00CF31
:10E4100008EF008B086C008A006B084C193921BB8F
:10E4200008F4088D006B109318D22137425C21B498
:10E4300018B21134091708D210A7106B08AE1112C8
:10E4400018F110A7106408430843102110002000A1
:10E450002000300028003800380038004000480014
:10E4600048005000580060006000700070007000AC
:10E4700070007000700078007800800080008000DC
:10E480008800800088008800800080208820882004
:10E4900080408060808070E189A3C961E162D10021
:10E4A000D0A0D080D860D840D880E8A0E0A0D8C064
:10E4B000D8E0D920D9A0D9A0E160A20662EA5AEA40
:10E4C000630A5B095AE95AEA53095ACA5AE95AE9EE
:10E4D0005B085AE95B0A5AE95AE95AE85AC95AE804
:10E4E0005AC952E9A448A447A4068B467AC56A448F
:10E4F00062455A0641E64A474A6732A7434B534CA6
:10E500003A8A52AA32AC3AAA322832692A082A0632
:10E5100021C619C519A429C431C421C431A629C5ED
:10E5200029842984298321C2218229611921190082
:10E5300042A874533A4E112C0889104610250843FE
:10E54000102200410020000000601A49333122D31C
:10E550001AB31AB51A3421F31A1211F311CF53B8A2
:10E56000745E5B9C3A3808F200AB006800470067B5
:10E57000090D08D0088B00260042002100650086A6
:10E5800008A7008800890069004908AB10AC08C9D9
:10E5900008CC08ED08AE00EE08EF10CF113008CE21
:10E5A00008AD18D208CF195010ED191010B0193459
:10E5B0001136113609571959197A321E19FB221DC5
:10E5C00021FE21DC113810F408D300B000AE00ABFE
:10E5D000008A008A0867006700880087088A08ADFB
:10E5E00008AC10CF10D008AF08AE08CD00ED09334D
:10E5F00000F0008B0069086A086B082D10F61155B1
:10E6000000B0086F086B086D10CF106C215919D538
:10E61000086700EE00D010CC1068086A088C10B0B3
:10E62000211608E90886006408230041000008005C
:10E630000800280020002800380038004000400072
:10E640004800500050005800580060006800680002
:10E65000700068007000780078007800780078001A
:10E66000800080008000800080207840786078A062
:10E670007100694269E662A87B08BA03D940D900F3
:10E68000D8C0D080D860E080E0A0E8C0E0E0D90049
:10E69000D920D980D9C0D9A0D16182A95B095B09F1
:10E6A0005B0952EA5AEA5AE952CA52E95AE95B0945
:10E6B00053095AC95AE95AC95AC952E85AE952C9BA
:10E6C00052E952E8DCAECC8EB42D9B8B82C97247E6
:10E6D00071E5622751C8418642486B8F52EB422850
:10E6E00049E939E73A0939E83A4932473268322983
:10E6F00021E521C521C529C5296521C429C531A226
:10E700002923298329422942212228C120E018C037
:10E7100020C1188210411040182018001000080075
:10E720000800080000200060234A3B933AF33AF2C5
:10E73000229312331A10225522531A3332313216D1
:10E740001175093308D1088C086700E7195019546E
:10E7500010B0006800840063006308C708A808C6FA
:10E7600000A608AA0088008A004D004B088B10AA5A
:10E77000110D08EE108D10F008D3193208EF00AA21
:10E7800000CB193210F310F11152090D113311158C
:10E79000195921991199117919BB2A1D29BC19DA26
:10E7A000221D197B111610F608D408F210B108D0FA
:10E7B000088C088C006A006A008908AA008B088D02
:10E7C000191008CC10EE10D010AE08CF1115117929
:10E7D00008F2008C006A08480028004D08AF00AE1F
:10E7E000004D006E086A086C10CF086920F4297586
:10E7F00008670848088B106A0068086C108E088F3C
:10E8000010B108CF0868008508240020000000002F
:10E810000000000000001000200030003000380030
:10E820004000480048005000500060005800600060
:10E830006800600060006800700070007020682050
:10E84000784078207040708060C1692369C56A662D
:10E850006AC95AA862C9630A6B29B242D140D10081
:10E86000D8C0D880E080E923E0C0E0C0D900D9203A
:10E87000D960D9A0D9E0D9A0B9A362C95B0A5AE985
:10E8800062EA5B0A52E952EA52E95B095B095AE81B
:10E890005B085AE95B095ACA52C95AE852E94AC99F
:10E8A00052E952C9EC8FDC6FBC0E9B8C7AEA6A4845
:10E8B00059C751C649A73966296631872124316471
:10E8C00031A639E7420839C72A083A8A328A2A2803
:10E8D0002A672A6821E721A621842A0531C44161DB
:10E8E0003983316338C230C228A028C020C020A09C
:10E8F00020401020102010201800100008000800F0
:10E900000000082000C2236E44983BD93B56335781
:10E9100033D82B57325519F2121011EF116B00EA50
:10E9200010EA00A600840107196D19721111008BFD
:10E93000008608C800A600C7090B10EB10EA08E81B
:10E9400008E808E900CA006A088C086E00AA214E8F
:10E95000112E08CD08CC111208D11111090F217305
:10E96000217510F2195619151150012F115319362E
:10E9700021FB29FC221B21DB427E323D21FC29FDAB
:10E98000197A1937093708F610F4091200B00890FF
:10E9900000D008AE008C008C008A008A00AF088B83
:10E9A000088D10F008CF08AE08D008B3197919BC4B
:10E9B00008F4008F004D00490047004A084E0069E6
:10E9C000082D086D104B106C108D0887088D18CF1E
:10E9D00000870846084700470048086D08AF108FB9
:10E9E000088C10F008A900860845002200000000ED
:10E9F00000000000000000000000080010001800E7
:10EA0000200028003000400048004800500050001E
:10EA1000500050005820602060206040588050A274
:10EA200050A350C540E8394D39AB52696B0B6B4B65
:10EA30006B2B632A72EA6B2A7329B263C140D1003F
:10EA4000E0E0E0C0E0C0E8C0E0E0D900D940E1602B
:10EA5000D9A0DA00DA00D9C09A465AE95AEA5AEA45
:10EA60005AE95AEA5AE952EA52EA52E95AE952E9AB
:10EA70005AE95AC852E852C95AC95AC952E852C941
:10EA800052E952C9DBCCC3EDB3AB9B6A7AC872685A
:10EA900059E749A53165312529243164316441C6DE
:10EAA00039A741E839C63ACA3AAB3A4A29E7228936
:10EAB000326B2AA922472206324729C529A231E40E
:10EAC000398428E238A1308130A028A128A0206014
:10EAD000102018201020180018000800080000005E
:10EAE000080009453BF4651D6D3F6CFF545D2BB775
:10EAF0002BF5232E122C1AE80A28120A1A0B116978
:10EB000009090908116F11B4193308CC00A710EADC
:10EB1000010B090B08EB090C110D190D08C9092986
:10EB2000194A10CA00C908AB008A088C00AA08CE8E
:10EB3000193010F010F009101154091119F6193498
:10EB4000195619361113197611752196195419B7DA
:10EB5000223C223C21DB19FA19BC199B219B191775
:10EB600010F608D409350936095608F308F208AF3B
:10EB700008F400AF00AE00AD008B0889008B088C54
:10EB800008AB08AC10D010B000900937199A119A50
:10EB900000D2008D006E006A00470048004900481E
:10EBA000084E106E084C088C004608470088008903
:10EBB00008660846004900440026084D008F086F8B
:10EBC000088B08AA08890869004908260021000066
:10EBD0000000000000000000000000000000000035
:10EBE0000000000008000800080010001820202085
:10EBF000182018202040286220A220E220E520E8EA
:10EC00002109214A216C31AF4A0D6AAA6B4A634B34
:10EC10006B4A732B6B4A6B4B6B29AAA4C980D1003A
:10EC2000E0E0E0C0E901E120E120D940E160E980D5
:10EC3000E220E260DA20C9E37A8952E953095AE90D
:10EC400052E95AE95AE952E95AE952E952C95B09CB
:10EC500052C95AE952C852CA5AC952C952E952C98C
:10EC60005AC952C8CB28CB4ABBAAABCA9B8A7AEAFC
:10EC7000624959E741A541655165498551864185FC
:10EC800041A549A4520752AA4AAA3A893ACB32ACC2
:10EC90002A2A2A893AEA328C19A5198329C62164BD
:10ECA000294230E240C038E130E230812820204063
:10ECB00020401040184020201020080008000020AC
:10ECC000330E6D5B757F853F74DE53992AB2224CFB
:10ECD0002A4A2A8A2B2C332E326F11CC1A0C11ADF2
:10ECE0001A1222351974091010C9092A1970112E27
:10ECF000212F112C114C112C090A00EA110A192C90
:10ED000010CA10E810CA08AA08AE08CD10F110CF3A
:10ED100019521112193508F411351116117419947C
:10ED2000093219D719D8097721B9221829B7221819
:10ED30002A7D115611D721B9199809571939093562
:10ED400008F3191410F40917111808B400CF10D5DE
:10ED500008B208B008AF00AD08AC00AA08AA008A43
:10ED6000088C08AB088C08D108921138197C11392D
:10ED700008B200AE086D004B00470048002A004969
:10ED8000004D004D002B084B084508640047006803
:10ED900000660826084500430844084E0091089282
:10EDA000008A08870088008A084C00690063000018
:10EDB0000000000000000000000000000000000053
:10EDC00000000000000000000000002000200820DB
:10EDD000004008400862188410A410E319072109B4
:10EDE0002149218D31CB320D4A4A62EB636A6B4B6C
:10EDF000636A634A6349632B6329AAC5C9A0D140EA
:10EE0000D920E0E0E0E0D900E140D940E180D9C07C
:10EE1000DA20E280DA00A227630A5AE95AE95AE9BD
:10EE200052E95AE95AEA5ACA52E952E95AEA5AE9FF
:10EE30005AE95AC952C952A862C95AC85AC952E9AC
:10EE40005AC952C9EB89EC0BEC4EDC6FCC2EB38D5A
:10EE50009ACA9A2891A68965714461657185614451
:10EE6000614371A472467AA862C962AB4AAA3A6A3F
:10EE7000328A3B0C2A49116419A529671944216279
:10EE8000294249414162394330C130402840206025
:10EE9000182010A0188010401020082019C65BF31D
:10EEA0006D1C647D53793213092B0085008308E3C0
:10EEB000220732CB2ACD1A2B1A0F2272225222504D
:10EEC000221221B3293008EA199121F511B3195101
:10EED00018EA114B216E192C110A0129112B08C9AE
:10EEE00010E918E9190A18CB10EC110F18F308F003
:10EEF000111119331154117709341174115511314D
:10EF000029F8321B2A5B221A21FA29FB29FB29D96D
:10EF1000195821FA21FA19561975111400D508F655
:10EF200008F608CF10B310F700B100D4111818F686
:10EF300000CD08B008AF00CE00CC00CC08C90088D6
:10EF40000848006C088D008D10931919193A08F7BC
:10EF500000B20890004F004C0088006A004A008A06
:10EF6000008B084C0049084A0845004600470847FE
:10EF700008460825084408420063084C0892089295
:10EF8000088C0866004808690849006A0064002087
:10EF90000000000000000000000000000000000071
:10EFA0000000000000000000002000200840104089
:10EFB000084008410843108408C510E51928314A63
:10EFC000298A29AD420B426B5AAA6B2B6B4B734BB0
:10EFD000634B634A6B4B632B6329A2C4C9E0D960BE
:10EFE000E140E120E140D940E160E180D9C0D9E0D1
:10EFF000DA40D280CA0272885AEA5B095B095AEA8F
:10F000005AE95AE95AE95AE952E95AE962E95AC809
:10F0100052C852C95AC952C95AEA52E952C952C8C9
:10F0200052C852C9FC6FFCB0FCD0FC8FEC6FD3AD62
:10F03000C2CAB228A186916489229943A183A1A45E
:10F0400099C699C5920592257A8762884AA83A2777
:10F05000322621C6116322052185112319C219A266
:10F0600029A13982314220A12060206010A118829C
:10F0700008C310C318C100A0112332CA53B15312E0
:10F08000114C0067004400210021004208E621677E
:10F0900019E92A0B226F22B122752A34122F11CEC0
:10F0A00021D1194F118C2A762A5829D61951090ACB
:10F0B000116D216F198D194E1108190A08C710E931
:10F0C0000907110818E8112B110F113110D019156B
:10F0D00008F109331975091609550931117321769B
:10F0E00029FA3A3C323C223B21D921D929FC19D9B1
:10F0F00019B821B91177193708D308D010F308B31C
:10F1000008B2093410F5008F08F7093508F700F246
:10F1100018F408F200D008B008F10931088B008813
:10F120000868006908AD00AC08D5111918D808D2D4
:10F1300000B100B0088D006F004B004A006C08AEB3
:10F1400000CF008B006808480846082600440027C6
:10F15000002600230004002200430029086D08AFA8
:10F160001091086B006810480846006500430001D4
:10F170000020000000000000080000000000000067
:10F1800000000000000000000020002008401040A7
:10F19000084008410863106608C809072929398A08
:10F1A00031AA31CC522A52AB6ACB6B4B6B4B634BBF
:10F1B0006B4A6B4B632B6B2B6B29A2E4CA00D1A06B
:10F1C000E180E160E140D960E1A0D9A0D9C0DA4096
:10F1D000DAA0DA40AA2662C95AEA5AE95AE95AE993
:10F1E0005AC95AE952C95AE95AC952E95AC952C8C0
:10F1F0005AE85AC952C952CA52CA4AE952C952A90E
:10F2000052C952A9FCD1FD11FD11F4CFDC4EC38BC4
:10F21000B2A8BA27C9A5D184D984E1C6E205EA26F5
:10F22000E1C5C9C4BA069A4582667226520439C439
:10F23000318321822963198121612182198019601A
:10F24000190110A0086008400840084000411081E2
:10F250000882108210A229A56B6E21A608A3008245
:10F2600000410040004000821105092718E91907F4
:10F2700011692A2B2A2E118D098B1A702AB4299113
:10F28000090A21CE3A7732DA32781970194C29916D
:10F290001990218C21D1090A196F10EB190D10C991
:10F2A00010C710C71908196D113211501112111021
:10F2B0001914117411550914093421B821D929B927
:10F2C000199821F8429D321B21B91A1A19FB197598
:10F2D000197611111136091310B4088F00CF0910D7
:10F2E00008F0093500AF11151939195808F308F459
:10F2F00008F5111408F208F21975091200AC08AAF1
:10F3000008A900C900AA00CF1116111918F808D0D1
:10F3100008900091006E0872084C088B00B010F243
:10F3200010F1006C002A0848082800260047082829
:10F330000807002500440044004300270846084B06
:10F34000088F08AF086B086608440043004100209E
:10F3500000000000000000000000000000000000AD
:10F36000000000000000080108200041084008607B
:10F37000084010620865106708AB18E9294A41CBBC
:10F3800031EB422A5A8A632B6B4B734B6B6B6B2BA3
:10F39000734A6B2B6B4B634A6329A304D220D1C001
:10F3A000E1A0E180E180E1A0D9C0D9C0DA00DA8033
:10F3B000E2E0D2217A895B0A5B0953095B095B09A8
:10F3C0005AC962CA62E95AE95AC952E952C952E8AD
:10F3D00052A95AE952E852E852A95AC952C852C928
:10F3E00052A952C8FD73FD73FD32FCD0FC4EFB6B7D
:10F3F000F2C8FA26FA06FA05FA47FA48FA47F22757
:10F40000E9A5D963C163A98299C3898479636183BA
:10F4100051A239C239612940294028E020A0186052
:10F42000082000200020000008000000002000400C
:10F430000000000000200820084208410060106120
:10F44000106100A10924198619691169114921CD9A
:10F45000198C194700E521A82AB03294198E116B36
:10F46000221032123255327729F421F121D2192F8C
:10F4700029B031D2194D2191190E195010CD18ED26
:10F4800008C910C8110A112A19101131191110EFE9
:10F49000193421771975111421B62A3B321D21B771
:10F4A00019962A5A321A21FB3A5D2A3B199711758F
:10F4B000113210F010F208D1088F08B010B008D146
:10F4C00008D000CF10EC191410F4111311141134DA
:10F4D00011531112115531DA2197091100CE08CDBF
:10F4E00000AB00CA008900AE10D500F510D4008E24
:10F4F0000091008E084F1072108E08AC10D2113699
:10F5000008F200AC004B086B0049004608280026B2
:10F5100008260808004400270025000700270827C0
:10F52000084A086E086C006608440041002100206B
:10F5300000000000000000000000000008000020A3
:10F540000000000000200021004100400860106021
:10F55000086008630065088808AC110B216A41EA5D
:10F560003A0A42495AAA6B6B6B8B736B736B736B62
:10F570006B4B634A6B4A634A6349B303D240DA0078
:10F58000E1E0E1C0E1C0D9E0E200DA00DA60DAA04F
:10F59000D280A2455AEA5B0A5B095AE95AC95AE97C
:10F5A0005AC95ACA5AC85AC95AC95ACA52C95AE92A
:10F5B0005AA95AC952C952C85AA95AA952C852A9D5
:10F5C0005AC95AC8FD74FD33FCB1FC6FFBECFB2932
:10F5D000FAE8FAA8FAA9FAC8FAE9FA87FA47F9C6DE
:10F5E000E983D901C0E0C100B900B0E0A0C198E250
:10F5F00080E068C058604840482048203800280013
:10F60000180010000800080008000020002000007A
:10F6100000000000000000000000080000000000E2
:10F62000108110C408A319241125198821AD1109CE
:10F6300008C40927092821CB218C112921CC29D2E2
:10F6400032122A34323321F22A333214196F2A53F8
:10F6500031D3196C31F5192F216F194F194F090B3F
:10F66000190C090C00A7212B08EB113110EE19B56C
:10F670002156217619961975197329D829B921D6D9
:10F680001998197521D62A1B197711780977113520
:10F69000191510F100AE1112088F08D300AD0891B2
:10F6A0001090008D191010ED10EF11151956191545
:10F6B00010F1117729FC31FD1977111208F008EDCE
:10F6C00008AD088D088C00EE10D21091088E008DC8
:10F6D0000870008F006D086F108F00AE08D21137D0
:10F6E00008F3006F086C006A0068004800290044B5
:10F6F000002808250044002708230027002800438D
:10F7000008450846086C006A0042002100210020DC
:10F7100000010000000008000000002000000020A0
:10F72000000000000021082100410041084108605C
:10F73000086108830065086810AC114C29CA422989
:10F7400042695A89630B6B6C6B6B738B6B4B6B4BA6
:10F75000634A6B4B634A634B6349B343D260DA40FD
:10F76000EA20E1E0E1E0DA20DA20DA60DAC0DAC0AB
:10F77000C24272885AEA52E95AE952E95AE95AE809
:10F7800052EA52C952C962C85AA952CA52C952C988
:10F790005AC95AA95AC94AA95AA95AA952A952A931
:10F7A00052C952A9FD13FCB1FC4EFBCCFB6BFB49CB
:10F7B000FB29FB0AFB29FB2AFB0AFAC9FA05F9A374
:10F7C000F161D900D902D0E1D0C0B080B040A860CA
:10F7D0009840900078207000600050004000380091
:10F7E0003000280010001000100008000000000089
:10F7F00000000000000000000000080000000800F9
:10F80000080010000800084118C4108308A308C5A8
:10F810001127116C192908A80884096819AD21F36A
:10F8200029D3321431F12A302A53198F4295325795
:10F83000198D2A35197129D2216F196F114E212F77
:10F84000110E08CE090B08A810E908C92152195455
:10F85000215421B519B41977115418F4193029B964
:10F86000197610EF1112113219541154195711331E
:10F8700008F508F308D100AF10F008D108F0088DA2
:10F88000008E08AE08CC10EB110F1932115608F299
:10F89000195521DB323E21991955193510F208EF1F
:10F8A000088D108C088C08AC08AC10CC00AB006A3A
:10F8B000086B088E10AD086B088E008F00B511180C
:10F8C00008D50850004D002A004B004A0048004768
:10F8D000082608440844002708410806082900446F
:10F8E00008250865088A088D006400210021004170
:10F8F0000001000000000020002000200020002067
:10F90000002008211002002100610041084110611F
:10F91000086208840886106910CD194C31CA4A4A19
:10F920005AAA62EA6B4C6B6C736B6B6B6B4B6B6BB9
:10F930006B6B6B2B6B2B632A7349BB41DAA0E260C4
:10F94000EA60E220E200E260E260DAA0E300D2C016
:10F950009AA562E95AEA5B095AE95AE95AE952EA70
:10F9600052E95AE95AC952C952C95ACA5ACA52C95D
:10F970005AA95AA952C952A952A952A952A952A880
:10F9800052A852A9FCB0FC2EFBCCFB6AFB4AFB4AF6
:10F99000FB4AFB2BFB6BFB4BFAE8FA67F9E4F9C473
:10F9A000F162E921F101E080C8A0B0A0B880B0A068
:10F9B000B020A040904080006800580050004800EF
:10F9C000400038002800200018000820080000002F
:10F9D000000000000800000000000000080008000F
:10F9E000080010000000080000000000082110635B
:10F9F00008840022002100A30946092911CE1A110A
:10FA00002232321329D03215194F2A723A94196FC3
:10FA1000323221B321B1214E19AE2191198F192E05
:10FA2000190F190D08CC08EA08A7210C190F18D0D6
:10FA30002130197321D619D7117508AD2973219773
:10FA400008EF09111134111008CE193611340913B9
:10FA5000111508D208D108D008AF08D1111208AF8B
:10FA6000088F008E00AA10AA10F1193408F1113580
:10FA700029DA2A3E199A19371936193618F408F175
:10FA800008CF108E008B006B006A00690087006948
:10FA90000888084A086C0068088D089108B5111993
:10FAA00008B60070004C0048002C002900250027F3
:10FAB000082508260044002400210024002A0825E7
:10FAC000002508450827082B0028002200220020D6
:10FAD00000200020082000200040002000200020FE
:10FAE00000400803082300210041004308621083FE
:10FAF000108408A50886108A10CE216B31EA524A7C
:10FB000062CA6B2B734C736B736B6B6B6B4B734B6E
:10FB10006B4B6B4B634B6B6A7349C381D2E0E2A0C2
:10FB2000EAC0E240E240E280DAA0DAE0D300BAA321
:10FB300072E9630A5AEA5B095B095AE952E95AE930
:10FB40005AE95AC95AC952E95AE952C95AC952E836
:10FB50005AC952C952A95A8952C952C852C952895E
:10FB600052A852C8FC4FFBEDFB8BFB69FB6AFB699B
:10FB7000FB8AFB6BFB6BFB0AFAE8FAE8FAA9F9E4EB
:10FB8000F963F8E1F0C0E080D080D080C8A0C0A0C8
:10FB9000B880A86098209000802070006000580015
:10FBA000580048004000400020201020082000207D
:10FBB0000000000000000000000000000800080035
:10FBC000000008000000000000000000000000002D
:10FBD0000000000000200861004210C421AA19CED4
:10FBE000222F114D19D1110E2213325421AD298E1D
:10FBF00029B129D1319221AD29CE116E19F221926C
:10FC00002151192F110D088908C708A9190B110CCA
:10FC10001910299429B6117309311132091008F20B
:10FC2000110F093109120910093110F108D010F132
:10FC300008B0111400CF08F110F2089100CD00CFE8
:10FC4000084D006E008C08AC195510F209120978A5
:10FC500029FD21FB197718F4111510F510F308F0A0
:10FC600000B100AE008C006D006A0029004700461C
:10FC700008480829086D008E008E089108D510D616
:10FC800008D4006F004B0049102B002708240026E1
:10FC900008430825084300220003002400480044CC
:10FCA00000250826004400450025004200220021CE
:10FCB0000021000000200040082008200020002033
:10FCC00000410843084300400022004300630884C9
:10FCD00010A500C6108608AA10ED296A42095289AB
:10FCE000630B6B4C6B6C6B6B6B6B6B6B6B6B6B4B0A
:10FCF000634A634B6B4B6B6A8B69CBA0DB00E2E022
:10FD0000EAE0E2A0E2A0E2E0D300D340D2C18A87D9
:10FD10005B0A5AE95B095AE952E95AEA5AE852E998
:10FD20005AC952C952C952C95AC952C95AC952C9E3
:10FD300052A94AA95AA95AA952C952A852A852A9C5
:10FD400052A952A8FBECFB8BFB69FB69FB6AFB6ABF
:10FD5000FB8BFBACFB2AFB0AFB0AFB4BFA88FA2560
:10FD6000F983F901F0E0F0E0E0C0E0A0E0A0D0808D
:10FD7000C880B080A860A0209840802078007020C3
:10FD8000600050005800480030201840082008400B
:10FD9000082000200000000000000000000000001B
:10FDA0000000000000000000000000000000000053
:10FDB000000000000000000000000020088318A6DA
:10FDC0000886112B010A21F22A5419AD21F0217065
:10FDD000110D1950216D214E21D031D029F0117013
:10FDE0002172110E10EE08EC10CD08C9088710EA38
:10FDF000210B1930190F2152014F19340932088B88
:10FE000008CA09311132110F10F108AE00AB08CE4B
:10FE1000110F00CF110F1152191208D0008E00AD32
:10FE2000008B00AD009008B3111410D0115619DAF0
:10FE3000217B10F3191610F5111310D2109308B18D
:10FE400008AF008F00AF006B006B00490025004633
:10FE5000086608490049086F008E089010B608F53A
:10FE600000B2006F004B0049002800250044084301
:10FE70000823082300220021080310250044004421
:10FE80000023082400250024002200220022000173
:10FE900000210021004100400820004100200040D6
:10FEA00000420843084200210043004400630883E5
:10FEB000108608C510C608C8112B31A842285AAAB6
:10FEC0006B0B734C736C6B8B6B6B6B8C6B6B6B6BAF
:10FED0006B6A6B2B6B6B634A9BA7D3A0D340E30089
:10FEE000E320E300DAE0DB00D340CB20AAA662EAFD
:10FEF0005B0A5B095AEA62CA52E95AE95AE95AE9C5
:10FF00005AC852E952C952C952C952C952C962A902
:10FF100052A94AA952C852C952A85AA952A95288EC
:10FF200052C952A9FBCBFB8AFB49FB29FB4AFBAB1D
:10FF3000FBACFB2AFB4AFB6BFB6BFB4CFAC8FA479A
:10FF4000F9E3F983F922F900F8E0F8C0F0A0E0A0A5
:10FF5000D860C8A0C080B860A86098609020884031
:10FF60008020782070205840484028401840104099
:10FF700010210821002000000800000100010000FD
:10FF80000000000000000000002000000000000051
:10FF90000000000000000000000000000000000061
:10FFA000084310A521AB21CE11AA21CF114F08EB98
:10FFB000110E10CA210D298F212F192D21CF214F6C
:10FFC00008AB192D10CF20EE08AA08A800880887D2
:10FFD00018C718C9190C10CA19B0197200CB00A99A
:10FFE00000AA08F108CF08AD08CC10EB08CD110F1E
:10FFF00008AC08CC08CD10CD18CE088E006C008F50
:020000040802F0
:1000000000CE08D200D408F7089210F2113511344E
:1000100008D110F518F410F510D410B2089108B2F8
:1000200008B0088F088E008B00AB084908460047CF
:10003000004600690049008F086F005000B300942B
:100040000070004E002A00090027004200420041D3
:100050000021002100410022000300250043084543
:1000600000230004000500440022002100010023B9
:100070000022000300230041082108220041004122
:10008000084208430041082100230026006410654F
:1000900010A708E510E610E9194939C952495ACAAA
:1000A0006B2B734B736C6B8B6B8C6B6B6B4B6B8BAE
:1000B0006B4B6B4A732A6B0AB3E5D3C0DB60DB4042
:1000C000E340DB20DB00DB00CB40B2E47AA962E94D
:1000D0005B0A5AE962CA52EA52E95AE952E852E91D
:1000E00052E952C852C952A952A95AA952A952C991
:1000F00052A952A952A952A952A952A852894AA951
:1001000052A94AA8FBCBFB69FB49FB49FB8BFBAD22
:10011000FB6BFB4AFB6BFB6BFB4AFB2BFB2AFAC915
:10012000FA46F9A4F942F921F901F8E0F8A0F0A0A3
:10013000E880E8A0D880C8C0C880B860B840A840AF
:10014000986090408040706068404840288010610E
:10015000104108410841002200220821002100012D
:10016000000100000000000000200000000000006E
:10017000000000000000000000000000000000007F
:100180000000004210A410A41929112A08C818EB75
:1001900010A918EC214E210D08C72150190D08C9CE
:1001A000190E18AD18CF086908AA086908870088D1
:1001B00008660884088518E7212B190C00EA00AAB4
:1001C00018CD08AD086D008C00C908A710E910CB48
:1001D00008EA08CD088C006C088B006D088E008F33
:1001E00008D408F4091708B6009008D108F110D116
:1001F00018F010B310F5111708B20890088F089086
:1002000008B1008F088D086C08AA00450846002731
:1002100000260028004C0070086E084F08900091DE
:10022000006D002C0028002800250023002100403C
:100230000021002000200021004100220042002374
:10024000002200230023004400420022002200225A
:100250000003000400240041084210220022004252
:100260000842002200410042002400460066108639
:1002700000C710C618E62109296939CB4A8A62CA23
:10028000634C6B6C736C6B6C6B8B6B8B6B4B6B6BBA
:100290006B6B6B2B6B4A734AC423D400DBC0DB80CF
:1002A000DB80DB60D340CB20CB2182C862EA630ACB
:1002B00063095AE95AEA5AE95AE95AE95AE952C924
:1002C0005AC95AC95AC952C852A95AC95A8952A9AF
:1002D00052895AA952A952C852C852A952A952A821
:1002E0004A884A88FBAAFB4AFB49FB6AFBACFB8BAA
:1002F000FB6AFB8AFB8CFB8CFB4CFB2BFAE9FAA814
:10030000FA46FA05F9C4F983F983F922F921F8E1EB
:10031000F8E1F8E0F0E0E8E0E0A0C8A0C860C08044
:10032000B080B060A860A0409060608130A110A152
:10033000108110621863186318231822102210010C
:10034000080108010001000000200000002000005A
:10035000000000000000000000000000000000009D
:100360000000000000000800102110011885100294
:10037000188618C820ED1066298A188B004210A92B
:10038000190E18CE088818AF1869108B08A90069D3
:10039000086508640063088410A4110600EA210DB2
:1003A00010EB090F08AB088808A8088608EA08CDF2
:1003B00000F008AE088F008F086F00AC00AD090F89
:1003C00010B010D408F508B4089308AF08AF086E51
:1003D000088F18F408F410D408B2088E089008901A
:1003E000088F086D088C006C084600260026002740
:1003F0000829002B006D004E084B002A004B008D91
:10040000008A084908070024000300220021002177
:1004100000210020002000210021002200220022D3
:100420000022002300220843002200220022002292
:10043000002300060025002308420822082100416D
:10044000004100220023002300240046086608A87B
:1004500000C810E72106216831CB420C4AAB5AEBA9
:10046000634B6B8C736B736C736C736B6B4C734BF8
:100470006B6A6B4A6B4A7B69D482D440D3E0D3E089
:10048000D3E0D380CB60CB409AE55AEA63095B099D
:100490006309530952EA5AEA5AE95AE95AE952E811
:1004A00052C952C95AC95AC952C95AA952C94AA9A4
:1004B00052885AA852A95A89528952A94AA84A88E8
:1004C00052885289FBAAFB6AFB49FB6AFB6AFB89DB
:1004D000FB8AFB8AFB8BFB8CFB4BFB0AFAE9FAC815
:1004E000FA87FA47FA05F9C4F9C4F9A4F9A4F9831B
:1004F000F942F942F964F922F0C0E0C0E0C0D0C08E
:10050000D8A0D0A0C880B88090C050C230C220E32C
:1005100030E328C34084386420632822280218224C
:100520000821100000200001002000000020000031
:10053000002000000000000000000000000000009B
:10054000080000000800100010001000180008004B
:1005500010001821182120C518640841106218875E
:100560001068088818AF086918AE08AD10AC08AA62
:100570000867086708650084006310A410EA10A8E3
:10058000112D08ED10AD08AA0869088B08ED08EEDA
:10059000010F08F200B008D4084E088C08F108CD0D
:1005A00008CD10F308D41092089108B00891086F94
:1005B000088E08B010B308D308B1008D088F08AFBB
:1005C000086B0868084700470044000800470048D7
:1005D000002A006E0071008D004B002900270029C1
:1005E000004800270026000400040022002100210A
:1005F0000001000200210021002100210002004131
:100600000003002300030023002200220022002216
:10061000002300060045004308220021002100417C
:10062000002200220024002300640046006700AA84
:1006300008C910E72127298831CB424B52AB5AEB2E
:10064000632B738C738B6B8C6B8C6B6B6B4B6B4BEF
:100650006B2B6B2B634A93C8DCA1CC40CC20D4001D
:10066000D3E0CBA0CB80A3066AE95B0A62E95B0911
:100670005B095308530A5AEA5AC95AE95AC952C976
:100680005AC952C95AC95AA952A952A952C852A9FB
:1006900052A952A852A952895A8952A952A952A9BB
:1006A00052A85A69FB8AFB69FB49FB49FB4AFB8A52
:1006B000FB8BFB8BFBABFB8CFB6BFB0BFB0AFB0A8B
:1006C000FA87FA46FA05F9E4FA05FA25FA06FA0471
:1006D000FA06FA06F984F961F941F8E0F101F0E16E
:1006E000F0E1E100D8C1C8E0A8E180E2692361A49B
:1006F000792470E370A3588348624042380228028C
:1007000018411021082100210020002008000000CD
:100710000000080000200800000000000800080099
:1007200010001800200018002000200020001000F9
:100730001000180018001000100008001000180128
:1007400018841889084620CD108C208F108B08AA99
:10075000108A00650866008600660084008410C662
:1007600008ED00CE00CC10AE08AD08CE092E10EE7C
:10077000111100CE10D4086F1091086C00AE008BE0
:1007800008AF10B0088F109108B108B000AF088F03
:10079000088F006F086F088F088C088C088C006A1F
:1007A000004600440024002300070026006500499D
:1007B000082C0850006F006D004D002B002600072C
:1007C0000029002800250024002400230003000243
:1007D0000021000200210820082000210021000241
:1007E0000002002200030004002300220022002255
:1007F00000050027004600440003002200210022DB
:100800000023002400250025006500850088088A53
:1008100008EA11282148318A39EB4A8B52AB630B25
:10082000632B736C6B8C6B8B6B6C736C736B6B6B04
:100830006B4C636A6B2BA428DCC1D480CC40CC40C9
:10084000CC00CC00B3646AC95AEA5AE9630A630A65
:100850005AEA630A5AE95AE95AEA5ACA5AE952C99B
:1008600052C952C952C952A95AA952C8528852886B
:1008700052A852A852A952A952A94AC952A952A98A
:1008800052A85288FB8AFB49FB29FB48FB6AFB8A7A
:10089000FB8BFB8CFBABFBABFB6BFB4BFB2BFAA98A
:1008A000FA87FA85FA26FA25FA05FA26FA46FA8729
:1008B000FA47F9E6F9E5F9C5F9A4F982F942F943ED
:1008C000F942F141F101E121D122C942C245BA45C3
:1008D000B144A10388C380A36885586450233801BC
:1008E0003022182208221022102000200020002090
:1008F0000820082008201000100008000800200030
:1009000030002800280028002000200020002000BF
:10091000200020002000100010000800180018001F
:100920001821184330CC108B18AC208818CD18CC67
:100930001068108A08880087006600450045106529
:1009400010AC00A810F008AC10D10931091110F05A
:1009500008CD113600D00890006E088E008E086D0C
:10096000086A106C1070088E089000AF008F00AEFF
:10097000008E004D006E00490047084B004B0048B8
:100980000024000400030004082500260047002975
:10099000084D084F004C002C004C002900080006B0
:1009A0000027002600250005002400220021002148
:1009B00000010001000100010000002000210001F1
:1009C00000220002002200230023002300420043F3
:1009D0000005000600260024000300220002002279
:1009E000002300440027082600460867008800AA64
:1009F00010E91128214939AA422A528C52EB632B63
:100A00006B2B6B8C738C6B8C6B8B6B8B6B8B6B6BAB
:100A10006B4B6B4B6B4BBCA6DD01D4C0D4C0C46028
:100A2000CC20BBC57B295AEA5AEA630A630A5AE911
:100A30005AEA5AC95B095ACA52EA5AE952E95ACAE9
:100A400052C952A952C952C95AA952C952A9528966
:100A50004AA852A852A8528852A94AA852A94A891B
:100A600052894A88FB8AFB29FB28FB49FB69FB6A00
:100A7000FB8BFB8BFB8BFBABFB8CFB8CFB0CFA68C7
:100A8000FA88FA87FA66FA26F9E5FA67FAA8FA8880
:100A9000FA45FA46FA46FA47FA25FA05F9E5F9A4BD
:100AA000F984F962F942F162F182F244EAC6E2069F
:100AB000D164B963A90498A488A468A4606450436D
:100AC000382330231842182220001801102110006A
:100AD0000800100010200820180010001800300036
:100AE0004000380040003800300028003000280066
:100AF00028003000280020002000180028002000D6
:100B000020003042288628AB104720AB18EC106B31
:100B100010AD10AA08AA00890089004700460824E1
:100B2000004410CC006618D2110F1132093100EFC9
:100B300008AF00AD00AB008E08CE088C008B006FB4
:100B4000006B004A006810AE108F00CF008A008D45
:100B500008AD0069004B084900290028002800253D
:100B60000024000500030004000400240027002BDB
:100B7000084E002E004A002C002C002700280006FA
:100B80000007002600440005002400230042002244
:100B900000220001000100010000000000200021EF
:100BA0000002000200220023082308230042002341
:100BB0000024000600250023002300230004002356
:100BC000002500260048084708650867088910A91D
:100BD0001109214831A83A094A8B52AB5B0B630BD0
:100BE000734C736C738C6B8C6B6C6B8B6B6B6B6BF8
:100BF000636A6B6A6B4AC4A7DD02DCE1CCC0CC80BF
:100C0000BBE56B08632A630A62E9630A630A5B0A4D
:100C100052EA52CA5AE95AE95AC952E952C952C962
:100C20005AA952C952C952A952A952C952A952A885
:100C300052A852A95AC8528952A94AA852694AA828
:100C400052A94A88FB89FB69FB28FB49FB6AFB6BBD
:100C5000FB8AFB8AFB8BFBABFBACFB8CFB2CFACB44
:100C6000FA69FA27FA87FA66FA46FA89FA67FA669B
:100C7000FA67FA87FA89FA87FA66FA45FA46FA04B1
:100C8000FA05FA04FA04F9C5F9E4FAE6FA86F1E697
:100C9000E9C5D985C944B905A104990678C658871C
:100CA00050254043284248213820200118011000D7
:100CB00010201020102010001800200030005000DC
:100CC0005000500050004000400038003800300014
:100CD00040003800280020002800280030002800AC
:100CE0002800300038422801306820A8206B18AA5C
:100CF000186A18AD188E088B008700490048004616
:100D00000045082608A6088C10F01134093308F1B4
:100D1000002B0043084610CD110F08AC0891006D60
:100D2000004C004900640849108D088D106A08695C
:100D30000888008700480066004900490026002610
:100D4000002600030024000400040024004400489E
:100D5000004D004D004B004A002A004508080025C0
:100D60000026002500440025002400230042002224
:100D700000210001002008000020000000200020C9
:100D80000001000100220023002208220842002363
:100D900000430006002400430023002500240045F2
:100DA0000025004600670847088608A700A908E94B
:100DB000190821A839E8424A52EA5AEB6B2C6B2CED
:100DC000738B738B6B8B736C6B6B6B8B6B8A634BE3
:100DD000634B6B2A734BD4E7DD44D4E1D481B40573
:100DE00072E96B0A630A5B2962EA630A5AEA5AEA01
:100DF0005AE95AE95AE95AE952E952E952CA52C93A
:100E000052A952C95AC952A9528952A952A852A8E4
:100E100052A852A952A852694A884A8852A94A87B8
:100E200052885268FBAAFB69FB49FB69FB4AFB6AD3
:100E3000FB89FBAAFBABFBAAFBACFBACFB4BFAEBC5
:100E4000FA49FA48FA67FA87FA87FA66FA65FA867B
:100E5000FAA8FAE9FAC9FAA8FAA7FA87FA87FA67A4
:100E6000FA47FA66FA46FA66FAE7FB08FAC8FA475A
:100E7000FA46F1E6D9A5D1A5C186A926990788A782
:100E80007085686478C378C540223802200110025A
:100E900018011801102010001800280050006800E8
:100EA00060006800600050005000480040004000B2
:100EB0004800400030002800300038004000380072
:100EC0003800400040003820400030013069286B75
:100ED000208A20AB186C104B086A00690066006617
:100EE00000270025004418CB210D110E08F010D06A
:100EF00000060003002310D0110F111008D0008E3F
:100F0000004B00440063004700480868086800661A
:100F100000670066004700450028004700270026BC
:100F200000060005004400240003000400250066BC
:100F30000888006800690048002600260006002690
:100F400000250025004500060004002200220001C3
:100F50000001000000200000000000000000000070
:100F60000021002100210022004200210842084205
:100F700000430024004300430024000500450025F1
:100F8000002600460067006700A600A800CA0129E5
:100F9000196831E7426752C95B0A630A6B2C6B4CD4
:100FA0006B8C738C73AB6B8B6B6C738B6B6B6B6CB5
:100FB000636B6B2B6B4BC4C8DD27CCC4AC076B09D0
:100FC0005AEA62EA5B0A5309630A630962EA62EA5F
:100FD0005AE95AE95ACA52C952C95AC952C952C9D8
:100FE00052C85AA952A8528952A952C952A952A804
:100FF00052884A8852A852A952884AA952895288CE
:101000004A894A89FBABFB69FB49FB28FB28FB4962
:10101000FB8AFB8BFB8BFB8AFB8BFB8CFB6BFB0B41
:10102000FAA9FA29FA07FA68FA66FA66FA86FA87D6
:10103000FAC9FAC9FAC8FAC8FAC9FAC9FAA8FAA7DD
:10104000FA88FAA7FAA7FAC8FB6AFB29FB09FACAC9
:10105000FAC9FAA8F248E9E7C9C6C187B96799068B
:10106000A126B125B14970866022400330022802D2
:1010700028012801200120012000380058006800C4
:101080008000800070007000680058004800480030
:101090005800480030002800480040005000480038
:1010A000500050005000480040004000502438A735
:1010B000308A286B306A1867084A08490867006751
:1010C0000825004400240064088610CA10EC00685B
:1010D00000230024006708D108CC10D100AE008C9A
:1010E0000828004300650044002300430064008595
:1010F00000470066004600470026006600260026DE
:10110000002500060025002400040004002400241B
:101110000843004400450045002400030024002645
:1011200000240024002508060003002200210001FD
:10113000000000200020002000000000000000202F
:10114000000000200040002100410040084108410B
:10115000006200630044004400250025002500468D
:10116000004500660067008608A600C700CA092976
:1011700021A832464AC75B49638A6B8B6B6C738CC0
:1011800073AC738D6B8C736C736C736C6B6B636B08
:101190006B4B634B636A83CAAC499BC9630A5B0AA6
:1011A00062EB5B0A630A5AEA5B0A5AE962CA5B09A4
:1011B0005B095ACA62C952C95AE95AE952C952A9C5
:1011C0005AC85AC852A95289528952C9528952A83A
:1011D0005289528852A852884AA94AA85AA94A89CB
:1011E0004A894A88FB8AFB48FB07FB07FB07FB4849
:1011F000FB89FB8AFB8BFB8AFB8AFB8BFB6BFB2C43
:10120000FAEBFA49E147E164FA66FAA7FAA7FAA805
:10121000FAA8FAC9FAE9FAC8FAE9FAEAFAE9FAC858
:10122000FAC8FAA8FAC8FB49FB49FB0AFB09FB2BE1
:10123000FB2BFB2BFACAF26AEA07D9E7C167C9663A
:10124000D986D9EA990898C67847680350004801BA
:101250004002380228213000280030015000680088
:1012600090208000780080007800680050005800CE
:1012700060005800480040005000680068006000AE
:10128000600060007000680058005000500050433B
:1012900048464087386530881068088408470068E9
:1012A0000066004500240823002208630864002229
:1012B0000023002408AC10F2010E08F008B00088EA
:1012C0000023002400430041002100230044004685
:1012D0000046002500450025002600460046004443
:1012E000002600260025002300040003002300023E
:1012F00000210043002400260025002300230024B1
:101300000044000600260005000200020000002044
:10131000000000200020002000200001000000202C
:101320000020002000400840002000200041006113
:1013300008420043002400440025004400450046C4
:1013400000650066084708A608A508E50908098899
:101350001A073A854B265B8763C86BCB73AC73ACBB
:10136000738C736C6B8C736B6B6C736B6B4B6B6B89
:101370006B4B6B2B634B632B6B2A6B0A630A62EA22
:10138000630A630A5B0A5AEA5AEA5AEA5B095AEAAA
:101390005AE95ACA52E952E952A952C952C952C924
:1013A00052A952CA52C952A952A84AC84AA9528936
:1013B000528952A8528852894A8952A952894A8729
:1013C0004AA74A69FB69FB48FB07FB08FAE7FB48A9
:1013D000FB69FB6BFB6AFB8AFB8AFB6BFB69FB4BC4
:1013E000FB2CF24AD986F288FA67FA68FA88FAA8DA
:1013F000FAC8FAC9FAE8FAE9FB09FB0AFB09FAE9B3
:10140000FAE8FAC8FAE9FB29FB4AFB0AFB2AFB4A7D
:10141000FB6CFB4BFB0CFACBF28AEA07EA07EA0803
:10142000E9E8C989C987A8E99088902578236003ED
:101430005801500338023803400138025000602040
:10144000680060006000800080207800680068000C
:10145000700060004800600060007800780078004C
:1014600078007800800080007800780068006800CC
:10147000600058215864502330431883188608852B
:10148000086408230823000300010001002008214C
:101490000823006518CD08CC18F018CE08AC00441D
:1014A00000230024002400040003004400850845B4
:1014B000004700660046006500460046004500659E
:1014C0000045000600040045002300020021000042
:1014D00000200022004200250025004400230024B3
:1014E0000025000600260004002100010020002045
:1014F000000000000020002000200021002000202B
:1015000000200020082000200020002000200841AA
:1015100000220043004400440046002600460046E6
:1015200000650085086608C508C508E5014709C8C3
:1015300022263AE553855BE563E773EA740B73ECA7
:101540006BCC73AC6B8B736B6B6C6B6B6B4B6B4B58
:101550006B4B6B2B6B4B632B6329632A632A630AE8
:101560005B0A62EA62EB5AEA62EA5AEA62C95AE93B
:101570005AE95ACA52C952C95A895AAA52A952A9F1
:1015800052A952A95A8A52A852A94AA952A95289C3
:1015900052894A8952A8528852A94A8852894A686F
:1015A00052684A89FB69FB69FB68FB07FB07FB275D
:1015B000FB28FB49FB69FB6AFB6AFB6AFB8AFB6B46
:1015C000FB2CFA6BFB0AFACAFA48F9E7FA07FA6841
:1015D000FAE8FAC8FAE8FAC8FB29FB2AFB09FB0972
:1015E000FB09FB29FB4AFB2AFB4AFB4AFB8CFBCC91
:1015F000FB8CFB8CFB6DFB4DFB2BFAA9FA89F2AC43
:10160000F249E1C8D187C0E8B0C7B085A086884458
:1016100080056023580460025801500260005000A9
:101620006000500058206000700078208000780032
:10163000784060205820702070008000902090201A
:10164000882090209020A020902090008800780092
:101650007800700070006000580038202862106226
:101660001042082308220822000200210001002164
:1016700008620865088608A810A9108A0064002579
:10168000002400450025002400440064008508452E
:1016900000650068004800270028004800460065F3
:1016A0000046002500230005002300220001000061
:1016B000002000400041084400440024002500258B
:1016C00000050025000500030021000100200000A6
:1016D00000000020002000400020002000200040EA
:1016E00008200820002000210041002100200041A6
:1016F0000042004300430845006500450045084599
:1017000008660086088608C608E60925098511E7E7
:101710001A8643444BE45C445C466C286C49742A4A
:10172000740B73CC6B8C6B6C6B6C6B8B6B4B6B4AF5
:101730006B4B6B4B632A632A632A630A6B0A632A27
:10174000630A5AE9630A5AEA63095B0A62C95B09D8
:101750005AC95AC95AC95AEA5AC852C952C952C969
:1017600052A952A95AA952A85AA952A95AA95288AB
:101770004A894A8952A84A884AA852884A684A88A7
:101780004A684A68FB8BFBABFB89FB49FB27FB07DD
:10179000FAE7FB27FB49FB49FB6AFB6AFB8AFB4A2A
:1017A000FB2AFB6CFB6DFAEBFA6AFA09F9C8F9E758
:1017B000FA89FAE9FAE9FB09FB2AFB09FB09FB298B
:1017C000FB29FB6AFB4AFB6AFB6BFBACFBEDFC0FE6
:1017D000FB8BFB6BFB6DFB8DFB8DFAEAFAA9FAED37
:1017E000FA49F208E187D948D126C8C6C8C6B06709
:1017F000A8259045882578248822802168016001E9
:10180000700060006800680070006800680078215F
:10181000806078609840884098209040A840A82038
:10182000A020A860B840B860A860B020A840982068
:101830009000900088008000700058004800282028
:1018400010411021102210030802000200020021A2
:10185000004118230022004600440046084508269F
:101860000047002708270826006600640045002579
:1018700000640067004900490048006A00680048A9
:101880000066006400230005002300210021000001
:1018900000000000002010220842004400260045FD
:1018A0000025002308230022002200000020000061
:1018B0000000000000200020004000210020004126
:1018C000082208400841082200410041006100420E
:1018D00000420862086208440063086500640885E5
:1018E0000866088608A608E60126094511850A2625
:1018F0001AA43B434C02648364A35C656C666C4928
:101900006C0A742A73AC6B8B6B8B6B8B6B6B636A1F
:101910006B4A6B4B632A6B2A5B0A5B2A630A632A56
:101920005B0A5B0A5B095B0962E95AE95ACA5AE930
:101930005AEA5AC95AE852EA52A952C952C952C877
:1019400052A952A852A952A75AA94AA8528952A7E5
:101950004A894A8852A84A894A884A884A885268E5
:101960004A684A68FB8CFBABFB89FB68FB27FAE8FB
:10197000FAE7FB07FB49FB6AFB6BFB6AFB8AFB4A46
:10198000FB6AFBACFB6CFAECFAABFA48FA4AF9E9F1
:10199000F1E8FA68FA69FAC9FB29FB09FB09FB2996
:1019A000FB2BFB6AFB6BFB8BFB8CFBEEFC50FBEE1B
:1019B000FBABFB6BFB4CFBADFBADFB2BFB0AFB0B53
:1019C000FAEBFA48F227E9A7E987E125E106D0C654
:1019D000B886B065A0649065B843A88588438842FE
:1019E0008822780178017800800080017841908316
:1019F00098C1A880C060B060C060B040B060A8402E
:101A0000C040C840C840D060C860D040C080B0600E
:101A1000B020A820A800980088208000680050000E
:101A2000302028212022182110030823080308222F
:101A30000821082110220823084500230828002433
:101A4000004808680848004800490046002700256B
:101A500000650068004808690089006B008800285C
:101A600000480044006400460023002108000000F4
:101A70000020000000000020082100420063004414
:101A800000240023002400220002000000200000A7
:101A9000000000200000002008200021002100415B
:101AA00008220841084208420861084100420042F9
:101AB00000410062086208641063086408840865D5
:101AC00000A508A600C811060945016509C50A2632
:101AD00022A433624C215C8264E25CC364C46487E8
:101AE0006C6974496BEB6BAB6B8B6B6A6B4B6B4BC1
:101AF0006B4B632B634B632B630B630B5B2A630A98
:101B0000632A5B0A5AEA5B09530962E962CA5AEA24
:101B10005AE95AE85AA95AC95AA952CA52A952A806
:101B20004A8952A952A852A852A94A8952884AA859
:101B300052894A8852884A8852884A884A694A683B
:101B40004A484A48FB6CFB6BFB6AFB48FB27FB08D7
:101B5000FB07FB27FB49FB29FB29FB4AFB69FB6AC7
:101B6000FB8BFB6BFB6CFB2BFAEDFB0CFAADFA4B22
:101B7000FA08F1E8F1E9FA28FAE9FAE9FB0AFB299F
:101B8000FB09FB8BFBACFBCEFB8DFBADFBEEFB8DBA
:101B9000FB6BFB6BFB6CFB8EFB6DFB2BFB0AFB2BD0
:101BA000FB0BFAEAFA68FA49F9C6F984F144E8E469
:101BB000E0C5D8C4C884C063D0A5C8E7C083A083EB
:101BC000B8A3A062904398419060984198A2B8E46D
:101BD000B900C8E1C880C080D8A1D080C880B8A0B2
:101BE000D080D880D880D8C0D8A1E880E080D860E4
:101BF000D060C860C020B860B0609840A02080006D
:101C0000402048414002282318241023082308229A
:101C100018201022102210211042084108460827DF
:101C200008280048006600690029002700260025D2
:101C300000650065086508670889088A00880088CB
:101C40000068004200250024004200210820000016
:101C500000200000000000000000002008220042D8
:101C60000022004300430042082100200000000041
:101C7000000000200020002008210841082208421E
:101C8000084200420843104208430842084200420A
:101C900000420061086208630883108308A3088576
:101CA00008A508C508E70906114409A409E50A467C
:101CB00022C32B814420548054E16502650364A44F
:101CC00064876C68742B6C0B6BAC734B6B4B634B06
:101CD0006B4B6B2A6B4A632B6B2A630A5B2A630A82
:101CE000630A5B0A5AE95B09630962E962E95AC956
:101CF00052E95AE952CA52C952A952A952A95AA83C
:101D000052A852A852A95289528852A952894A8887
:101D100052894A884A8852694A6852694A685248D0
:101D20004A684A68FB4CFB2BFB0AFB48FBAAFB29D1
:101D3000FB68FB48FB07FB07FB28FB08FB28FB8A2B
:101D4000FB6CFB6BFB6BFB4BFB4DFB0DFAEDFAEDFC
:101D5000FA4AF1C9E989E1C9F9E8FA89FA89FAE99F
:101D6000FAC8FB6BFBACFBADFB8DFBADFB8CFB4BFF
:101D7000FB6BFB8BFB6CFB6DFB8DFB2BFAEBFB4CCE
:101D8000FB4CFB0AFAAAFACAFA67F9E7F985F98463
:101D9000F922F102E8E2E0E3E102E944E165C8E3A7
:101DA000C8E3B8C3B8A2B081B080B880C0A0D144A5
:101DB000D181E143D8E0D0E0E921E100E100D0E0C9
:101DC000E0C0E8A1E0C0E0C0E8C1F8C2F0E1F0C0C6
:101DD000F0C1E0A0D860D8A0D080C0A0C040A020B2
:101DE000502078416021402320442026184420229E
:101DF00020202022180418231803184310241066EA
:101E00001048084608850887004508660865086682
:101E10000065084408440063106608660867108778
:101E2000086400430044002300220022082100012E
:101E30000021002000000020000000000800002019
:101E40000041084108420821002000200020000035
:101E500000010020002008210841084108420841F3
:101E600008420043104308440863086308430063C2
:101E7000004308430862086210631083088408A5C1
:101E800010A508C508E61105094511A409E3124388
:101E90001AC22B403BE04C4054C05D01652264E314
:101EA0006CE66CC77469742A6BEB638A6B4B6B2BA3
:101EB0006B2B6B2B630B632B6B0A632A630A5B2907
:101EC0005B0A5AEA5B0962E95AE95AE95B0952C9B5
:101ED00052E852E852C95AC952A952A952A952A865
:101EE00052C852A952A952894A88528852884A88AF
:101EF0004A884A8852884A894A684A6752484A67E3
:101F00004A684A48FB2BFB0CFB0BFB0BFAE9FB086E
:101F1000FB8AFB69FB28FAE7FAC7FAE7FB6AFB6B67
:101F2000FB4AFB6BFB4AFB4BFB6DFB4CFB0DFB2D9C
:101F3000FAEDFA4CE9CAE969E9C7F1E8F209FA28C9
:101F4000FAC7FB8BFBADFBAEFB6DFBADFB2BFB2A9E
:101F5000FB4BFB8CFB6BFB2CFB6CFB2BFB0AFB0B8F
:101F6000FB4BFAEAFA89FA8AFA26FA06F9A4F9E5A5
:101F7000F9A4F983F963F123F982F9E5F1A5E923DD
:101F8000E122E122E102D8C2D0E0D0A1D8E1E122F1
:101F9000F1E3F1C5E121E122F1C6E984F183E10237
:101FA000F142F122F121E901E941F102F942F102A4
:101FB000F922F101F0E2E8E1E8C3E0E2E0E1C0A1EA
:101FC00058008820802258633064284530462021FC
:101FD000282330032024280120032023182318421B
:101FE000180210221063106308411063106310631D
:101FF00010620824002400230825086410460865A0
:10200000004308440063002300220022080200214C
:102010000020002000000020000000000000000060
:10202000002008211021084000200020002000206E
:1020300008210820004100210041004200420842DE
:10204000004108620863084408640064086400648E
:1020500000450844006208621082108210A308A3A1
:1020600010C310E409051124096411A312021A41D6
:1020700022A1232033E044404CC05CE0650165238D
:102080006D036D0574C67C89742A6BCB636B6B4BD7
:102090006B6A6B4B632B632B630B632A630B630AC3
:1020A000630A5AEA62EA5AEA5AE962C952C95AAA62
:1020B00052E952C952C95AC952AA5AC952A95AA96F
:1020C00052A8528952A84A884A685268528952884E
:1020D00052884A684A684A8852684A684A484A6741
:1020E00042484A48FB09FB0AFAEBFAEBFAAAFAEB78
:1020F000FB0BFB29FB09FAC7FAA7FAE7FB2AFB2926
:10210000FB29FB4AFB2AFB2AFB0AFB4DFB6DFB4F1D
:10211000FB2FFB10F26DF209E9C9F1C8EA2CFA684D
:10212000FAC9EB2DFBD0FB8CFB2BFB2BFB0AFB0A2C
:10213000FB4BFB6CFB4BFAEAFB0BFB0AFAE9FAEBF5
:10214000FB0AFAC9FA48FA07FA26FA26FA46FA46C4
:10215000FA25FA25FA05F9E5FA26FA67FA06F98466
:10216000F963F142F923F102F101E923F123F94284
:10217000FA43F9C3F161F142F1E6E9A6E9A4E144C9
:10218000F9A5E965F1A4F182F1A4F184F984F16281
:10219000F9A4F922F142F942F163F163F163D90143
:1021A000680078009082788240A5288440263820F4
:1021B000284638043022380038042803202320021F
:1021C0002001102108211822100018211842104364
:1021D000102318240823002500260045004500444C
:1021E0000044002400450022002300420841004131
:1021F0000040082008000020000000000000080047
:1022000000000000082000200800002000400020FE
:1022100008200040004108210041004200420842DD
:10222000006208620864086508460065008400666C
:102230000046086408620863088208A208A208C36E
:1022400008E310E309230943096211C20A201A6056
:102250001AC01B202BA03BE0448054C05D205D4190
:102260006D427D2475066CC77489742A6BCB6B4BE9
:10227000634A6B2B632B632A632A632A630A630A0C
:10228000630A5B0A5ACA5AE95AEA5AE95AE95AC928
:102290005AE95AEA5AA95AC852C952A952A952A986
:1022A00052A95289528952A85288528852884A8823
:1022B0004A8952684A684A684A6852684A684A487D
:1022C0004A674A48FAE7FAEAFACAFAABFA8AFACA55
:1022D000FAABFAAAFAC8FAC8FAA6FAE8FAE7FB29AA
:1022E000FB09FAE8FAE9FB09FB2AFB2BFB6DFB4D26
:1022F000FB0FFB0EFB0EFB0FFA6BF1EBFAAAFAE9F0
:10230000FB0DAB76D312FA89FB0DFA47FAC8FB092D
:10231000FB09FAEAFB0AFAC9FAAAFAE9FAC9FAA920
:10232000FAC9FA88FA27FA67FA66FA67FA48FA6782
:10233000FA26FA67FA88FAA8FA87FAA8FA47FA0793
:10234000FA05F9E5F9C5F984F984F9A3F9A4F9C402
:10235000FAC6FA26F9A3F9A4FA07F1C6F1A6E987A5
:10236000E9C8E1A7F1A6F985F1C7FA07F9E6F14452
:10237000F1A5E943F9A3F183F9E5F1A5D965C9040C
:102380007800700090C26905390620843000484406
:102390002066304630223044304630262824202320
:1023A0002002084210222001180010002001100114
:1023B000182410241026084508260825002608445D
:1023C00000450845006600430044084308410021D9
:1023D000004008200801002000200020000000002C
:1023E000080000000000080008000800002000208D
:1023F00000200040004100410041004200430064D1
:10240000004408430064006500860846088600868C
:1024100000860884088208820882088208A208C30D
:1024200008C308E301030143096311C10A201A200C
:102430001A8022C0234033A03C0054404CE04D4061
:1024400065416D436D446D056CC76C89640A638B8F
:10245000634B632B632B6B4A632A5B0A630A630932
:102460005AEA5B095AE95AE952EA52CA5AC95AE980
:102470005AC952CA5AC952C952C952A94AA852A8DD
:1024800052A95289528A52895289528952894A885C
:102490004A6952884A894A6852674A674A68424884
:1024A00042674A28FB08FAC9FACAFAAAFA6AFA89FC
:1024B000FA69FA68FA68FA65FB27FAC7FAE7FB28AF
:1024C000FAE7FAE8FAE8FAE9FB09FB2AFB0AFB4C0F
:1024D000FB2EFB0CFB2FFB6FFB0EFACDFB2CFB4BFB
:1024E000F30EA37BD9F2F1C8F1EAF9E5FA47FB0B49
:1024F000FB0AFA89FACAFAC9FA68FA68FAA8FA88E5
:10250000FAA9FAA8FA25FA88FA88FA67FA47FA883F
:10251000FAA9FAC9FAC9FAA9FA87FAC8FAA8FA66AA
:10252000FA46FA47FA67FA26F9E6FA26FA25FA276A
:10253000FAA7FA47F9E4FA26FA47FA05F9E5F1C5E8
:10254000F209E9EAE9E6E986E169D968E168D105D5
:10255000D146E146E187D965E9A6D1C799687908EE
:10256000782278008882596A296A18AA3801404678
:1025700030A828482824186A2069204828471025B0
:102580002004102310232800200018001800102118
:1025900018232025202518451027084700470864E0
:1025A000084508650846006308430043084208429E
:1025B00000410841002100010020002000200020EF
:1025C000002000200000080008000820004008202B
:1025D0000820084000200040084108430043004410
:1025E000084500840064086500660867088700A63F
:1025F00008680886088310820882088208A400E41C
:1026000008E300E201220142096209C00A00122027
:102610001A601AC02B00336043A044004C8054E081
:10262000554065616D436D256CE774C86C686BCB74
:102630006B6A632B634B632A630B62EB6B0A5B0968
:102640005AEA5B095AE95B095AEA5ACA5ACA5AE96C
:1026500052CA52C952C85AA95AA952A94AA952885B
:1026600052A84A884A694A8952A8526852894A68D7
:1026700052884A884A884A884A484A684A6742478C
:1026800042474A27FB08FAA8FAA8FA8AFA8AFA6A9D
:10269000FAA9FA6AFA47FA67FAA7FB08FB48FB08A7
:1026A000FAE6FAE7FAE8FAC8FAE8FB2AFB2AFB0A94
:1026B000FAECFB6CFB0DFB6DFB90FAEBFB2CFB6C5F
:1026C000EB53C2F8F148F9CCFA08F9E8F9C8FA4B2B
:1026D000F9E9F9E8FA28FA29F1E6F9A6F9E6F26744
:1026E000FA47FA67FA26FAC9FAE9FA88FA47FA883D
:1026F000FACAFAEBFACAFAEAFAC9FAC9FAE9FAC85E
:10270000FAA8FAA9FAA8FA67FA87FA68FA87FA889B
:10271000FAC8FAA8FA46FA67FA67FA66FA06FA05F4
:10272000FA68FA27F1A6E9C9E9A9E1ABD189D1266E
:10273000C169D92BC14BB128B9489149814A812A35
:10274000886688209860896A39F21171484550047A
:102750004889288930241888186918491069106731
:1027600020452802202538002000200020002000DD
:10277000184128242823204620451048086608854B
:1027800008641065084508821063086308630843FD
:1027900008420042084108210021002008000800EA
:1027A00000000800000008000800082008200020A1
:1027B000082010200820004008410823084208444F
:1027C00000640066086510460866084808680886C0
:1027D000086800A51083108210A210A208A400E4CB
:1027E00008E4012309220142098109E012001A20AC
:1027F0001A601AA022E0232033A033E03C404C8032
:102800005500554165236D246D066CC86C87740AAC
:102810006BCA632A634A632A632A630A5B0A630AF0
:102820005B0A5B0A62EA5AEA5ACA5AAA5AAA52C907
:102830005AA952A852A95AC8528952A952A85AA8AC
:102840005AA8528852894A894A8852884A684A69ED
:102850005A684A6842884A684A484A684A484A4820
:102860004A484A27FAE8FAA7FA66FA67FA69FA883C
:10287000FACBFA89FA49FA29FA68FAA8FB48FAE683
:10288000FAE7FB07FA87FA87FAE8FAC8FB0AFB08B7
:10289000FAC9FB4DFB0BFB4EFB4DFB0AFAEAFB0BA7
:1028A000EB36E9EFF9C8F9CDFA48F1EAF9E8FA0AA6
:1028B000F1ABF1A8F9A6F9E9F1C8FA27F1E8DA07CE
:1028C000E985F1A6F206F288FAEAFAA9FA68EA6856
:1028D000F2CBFACAFACAFB2BFB4BFB2BFB0AFAE939
:1028E000FB09FB0AFAE9FAC8FAC8FAA9FAA9FACA6E
:1028F000FAC8FAE9FAA9FAA8FAC8FAA8FA87FA8788
:10290000FA67FA67FA26F1A6F209F9EAE988E169B5
:10291000D9ACD92CC10BA909A96C998C896D912BC3
:1029200098899820904098C5827632175088700018
:102930007044408A4086388628872068188818A7FF
:1029400028453801380440003800280020002000C5
:102950002820202228233025282410671866106696
:10296000106410651084088408A40884086408456D
:1029700008440843082308220041002008000020E2
:1029800008000020000008000020082008000020A7
:102990000800082008200840084108210841084292
:1029A00008631045086508660866086708680886B1
:1029B00008A708C410A410A3108308A308C400E447
:1029C000010401230922016101A011C0120012209B
:1029D000128022A02AA01B402BA033A03C003C6008
:1029E0004CC055005D216D226CE46CC56C87742869
:1029F0006BE9636A634A632A632A632A5B0A5AEAB9
:102A000063095AEA5AEA5AE952C952E95AC95AC9F3
:102A10005AA95AC952C852A952A94AA85AA85289B1
:102A20004AA9528952A94A894A6952884A895288D0
:102A300052694A68426842684A684A684A48424756
:102A400042474247FAC7FA87FA46FA45FA88FAAB8C
:102A5000FAAAFAA9FA8BFA48FA6AFAAAFAA8FB487B
:102A6000FAA7FAA7FAA6FA87FAC7FAE7FAC8FAC8DD
:102A7000FAE7FAC8FAEAFAEBFAA9FAEAFAC9FAAAFC
:102A8000FAF5FA29FA2CFA0AFA08F9EAFA2DFA6C98
:102A9000F9EBFA2BFA47FA49F209FAA9F1E8E1E968
:102AA000E984E1C6EA49EAA8F30CF2EAF2A9F2EBFA
:102AB000EB4DFB4CFB4CFB4BFB2BFB0AFB2AFB2A95
:102AC000FB2AFB4BFB0AFB09FB09FAEAFAE9FAEAE3
:102AD000FB2AFB28FAE9FAEAFB09FB09FB08FAA83A
:102AE000FA88FA87FA46FA06FA48FA28F1A5F16751
:102AF000F1EDE9ABD94BB8E8B96F996D896F892DC4
:102B0000A0EDA800A820A840A16D627D49318820D1
:102B10008800608960CC60635022406628A8308AB3
:102B20003885580058015000480040003000280007
:102B300028003000402340042826184818681888C8
:102B4000186910671086108708A708860866084667
:102B500008650844084308240822004108200800AA
:102B600008000820000010000000080008200020D5
:102B700008200820082008200040082110210841D2
:102B80001042106310640885084708460847088704
:102B900010A510A510C408A308A308C308C300E427
:102BA0000103012301220162098011C012001220D9
:102BB0001A60228022C02B202B40336033E0342067
:102BC00044404CA055005D0164E26CC564856C27EF
:102BD0006BC86389634A632A6B0A630A5B0A5B09F1
:102BE00062EA5AEA5AEA5AE95AE95ACA5AAA52A968
:102BF0005AA95A8952C852C952A952A852A95289EF
:102C000052A84A8852884A89528952884A694A8910
:102C10004A884A6852484A484A6842474A484A48A5
:102C20004A474A27FAA6FAA6FA46FA65FA67FA6800
:102C3000FA67FAABFA69FA89FA6BFA8BFAA9FAC859
:102C4000FA68FA86FAA6FAE7FA86FAE8FAA7FA66BE
:102C5000FAC7FAE8FAC8FAC8FAA7FAA7FAC8FB0B43
:102C6000FAB0FA69FA4CFA48FA49FA2BFA8EFA8D58
:102C7000F9C9FAACFAACFA8BFA6CFA4AF1E8FA2A1A
:102C8000EA07EA08DA8CEA69EB2DF32BFB4DF34DEA
:102C9000FB8DFB6DFB0BFB0BFB0AFB0AFB4AFB4AA4
:102CA000FB4AFB4BFB2BFB2AFB2AFB0AFB2AFB2ADA
:102CB000FB6AFB27FB4BFB0AFB09FB29FB09FAC953
:102CC000FAA9FA87FA25FA26FA46FA88FA27F96560
:102CD000FA29F1AAE989C928C96DA16F998FA94E6E
:102CE000C170B841C020C040C04192576A3BA8643F
:102CF000A82090647912786170006002506748CB18
:102D0000408970009000680060005800480038005A
:102D10002800300040004801382428461869188AE5
:102D2000206B286820A7208918AA1088108810878F
:102D300010661027084508440842004110000800AA
:102D400008000020000008001000082000200820D3
:102D500008201020004008210841082108211022E5
:102D6000084208611064106410640865086510A5C5
:102D700010A410A508C308A308C308C408C401030D
:102D80000123090309220160018011C00A001A20F1
:102D900022601AA022E023002B403360338033C02E
:102DA0003C00444044C054C05CC154A45C645C25F5
:102DB0005BE75BA863695B2A5B0A5B0A5B095AEA0B
:102DC00062EA62C95AEA5ACA5AC952C95AAA5AA9DF
:102DD0005AAA52895AA952A9528952A952A94A8873
:102DE0005288428852884A895268528952694A896F
:102DF00042884A684A4852484A4842474A474247F6
:102E000042474228FAC6FA86FA86FA66FA47FA670D
:102E1000FA87FA68FA66FAAAFA8BFA68FA6AFA483E
:102E2000FA29FAA9FA88FAC8FAE7FAA7FAA7FA86F5
:102E3000FAA7FAE8FAA6FAC7FAA7FAA7FA88FB0AE5
:102E4000FA89FA47FA28FA67FAABFA6BFACDFA8CE4
:102E5000FA69FACBFAACFACAFAAAF187FA08FACAFE
:102E6000EACAFA68E1E9EA07EACCFAEAF28CF30C7A
:102E7000F30CF2CAFAE9FB0AFAA9FA88FAE9FAC9E4
:102E8000FB4BFB8CFB2AFB2AFB49FB09FB0AFB0AD9
:102E9000FAC8FA67FAC9FAE8FB09FB08FB29FB291B
:102EA000FAEAFA87FA88FA67FA48FA47F9C7F9A5F9
:102EB000F9E8F188E9C9D189E1A9B9CDA9CFC18CD7
:102EC000D16DD082D840D880D080C96A931DC0EC23
:102ED000C060C020991198AA98008000682360AA59
:102EE00060887000A020880078007800680050009A
:102EF000380030003800500030203021382530694B
:102F0000208C3067288928AC20AC188C186B188A64
:102F10002067184518440862084210201800100065
:102F200010001000000008001000082008200820F1
:102F30001001082000200041082108211021104123
:102F4000084108610862106310831064108310A3A5
:102F500008A408A308A2108308A308E408C5010276
:102F60000121092101410180098009A011E01220FD
:102F70001A6022A022E023202B40332033603BA0A4
:102F80003BA03C003C604C604C81546254435C2448
:102F90005BE553A75B885B29632A630B5B095AEAED
:102FA00062EA5AEA5ACA5AEA5ACA52E95AA952A9CC
:102FB0005AC952A952A95AA95A8952894AA84AA952
:102FC00052A84A884A88526852884A8952694A688F
:102FD00042684A684A484A4842484A474A4742275C
:102FE0004A284227FAA6FAA7FAA7FA87FA66FA67E2
:102FF000FA47FA25FAA8FAEAFA89FAAAFA8AFA49FD
:10300000FA68FA69FAA9FA67FAC9FAC7FA67FAE830
:10301000FAC8FAA7FAA7FAA6FAA7FAA8FA87FAA8A6
:10302000FA87FA88FA67FA67FAA9FAAAFAABFA698C
:10303000FAA9FAEBFAC9FB0AFA89F945FA06FAEA9B
:10304000FB6CF9E7F186F1C7EAAAFA48E9C8E1C8DA
:10305000D9EACA2BCA6ADA4AC208C208E248E26957
:10306000F30BF34BF32AFB0AFB4AF2A8F267FAE9E7
:10307000FA86E9E5EA25FAA7FB2AFB09FAE8FAE964
:10308000F229E9C9D989E1A8E9CBFA29F1A7F1A781
:10309000F207E967F1A8F187F1A5F1CAD9CBD9AA5E
:1030A000F1EDF105E8C0F080E8A0E8A2BA55D170D2
:1030B000E0C0E080C0A6B0CDC061A82088206866CE
:1030C000888590418884800098209820882070000E
:1030D0005000380040005800300030004021406768
:1030E00040894064388938EC30CC20CC208C208A50
:1030F00028672065204418221820180018001000A6
:1031000010001020102010001000100008200820CF
:103110000820082008210822082108410841084009
:10312000084110410862084208820882088210A300
:103130000884108308C208A308C408E308E309232D
:103140000141094009410980118011C011E012209C
:10315000128022A01AE023002B202B002B4033608A
:103160003B803BA03C003C4044204C414C2254233B
:1031700053E553C55B865B685B495B0A5AE95AEACB
:103180005AEA5AEA5ACA62C95AE95AC95AA95AA9FC
:1031900052C952A84AA852A8528952895AA952A87B
:1031A00052895288528852694A884A8852684A68C5
:1031B0004A884A684A684A494A474227424742275A
:1031C0004A284226FAC7FAA7FAA7FA67FA25FA2583
:1031D000FA05FA45FA88FA88FA66FAA9FA88FA69C5
:1031E000FAAAFA89FA49FA88FA69FA69FA88FAE8C9
:1031F000FAE9FA87FAC8FB08FAE9FAA9FAA7FAA7DE
:10320000FAA9FAA8FAA9FA88FAC9FACAFAEAFA6887
:10321000FAC9FB0BFB09FB2BFA28F9C5FAC8FB4BD3
:10322000FBACFA47F9C4FA06FAEBF1C5E925E92542
:10323000D1AAB9AAC20BB9EDA18999A899A9A1E906
:10324000BA4CCA6CC229CAABF32CE26AD9E6EAA925
:10325000EA27C187D942E1E9E24BDA09D1C9C9C8F5
:10326000D9A9D9CDE9CBE1AAE1EEFAADFAAAFA8B58
:10327000FAA8F9E9F9A7F9A6FA26F9C6F9C7F18774
:10328000FA29F9E7F900F902F8E1F8C0E989E1D093
:10329000F101F0C1E0C0D0E7D8A2E0C1B8A08860D9
:1032A00068C3A0C580C98861A020B000A84088007C
:1032B0006000500050005000400038003800504579
:1032C00058675041486838CB38CB28CC288B3069B8
:1032D00038663064302228212000200020001800A9
:1032E000100010001000180018001000100010202E
:1032F00008211020082108220842102108410860F6
:1033000010410862086108620863008308A3108303
:1033100010A408C308C408C408E40103090309226F
:103320000140016109600980098011A001E00A20C3
:1033300012801AA022C023002320230033002B4038
:1033400033402B6033A033E043E0442044214C223F
:103350004C2354055BC55BA75B87634A630A5B0923
:103360005ACA5AEA5AEA5AE962CA5AE85AE952C9A2
:1033700052A952C952A95AA852A94AA94AA84A8888
:103380004A8852884A684A69528952894A6852680A
:103390004A484A694A4742474248424742474247A9
:1033A00042274207FAC7FAC7FA87FA46FA24FA040C
:1033B000FA04FA66FA46FA46FA66FA87FA67FA886B
:1033C000FA68FA88FA67FA6AFA89FA47FAA9FACA29
:1033D000FA88FAC9FAC8FB0AFB0AFAE9FAC8FAE954
:1033E000FB0AFAC8FAEAFAE9FB2AFB2BFB0BFAAB59
:1033F000FB0AFB4BFB6CFB6CFA69FAC9FB6BFBCE5F
:10340000FB8CFAEBFAA7FB0AFB0BF984F904F145F4
:10341000E167C98AB9EAB9ABB1A9A968A969A9ECF8
:10342000BA4EC24FBA09BA8DCAADD26AE228CA2DC5
:10343000C1E89149D0C2B16CA9CBC1EDB9CCC9AB3F
:10344000D9EEE230FA2CF22EFA6FFAEDFB2BFB8E5E
:10345000FB0AFAC9FA69FA69FACAFA26FA47FA2798
:10346000FA06FA8AF9C4FA06F9C5F984F965F1C9C8
:10347000F942F984F902F0C2F103F923F144D0A032
:1034800088C57108912DB084B820C020B04178441F
:1034900068236800680058007000500040005822FF
:1034A00068636042608950AA48AA40CB386A48677E
:1034B00050434041500040002800280030002000C8
:1034C000100018001800200018001000180010202C
:1034D00008410820084108211021184010411041DE
:1034E000086208821082104408640865088400E3BA
:1034F00008C308E308E508E4090411241123014185
:10350000014009800980118009A011A009E00A206A
:103510000A601AA022E022C022E023002B00230030
:103520002B402B403360338033A03C0044014442A5
:1035300054624C4354235BE66BA75B88636A5B0968
:1035400062EA5ACA5AE95AE95ACA5AC952C952AA27
:103550005A8952A952A8528852894AA95289528935
:1035600052884A8852884A6852694A6952484A6869
:1035700052684A484A484A474248424742273A27FF
:1035800042274207FAC7FAC8FAA7FA66FA25FA04E8
:10359000FA45FA25FA04FA46FA46FA66FA66FA672E
:1035A000FA67FA66FA88FA87FA89FAA8FAAAFAAAEA
:1035B000FAC9FACBFACAFACAFAEAFB4BFB0AFB2AA7
:1035C000FB2AFAE8FAC8FB6BFB4CFB2CFB4CFB0A12
:1035D000FB6CFBCDFBEEFB6CFAEBFB8DFC0FFC30C8
:1035E000FB6CFBEDFB8CFB6DFAC9F9C5F9C3F984E3
:1035F000E924D967D1C9C9CCC1CAC1A9B988B9EB75
:10360000CA2DCA8EC1E9CA0BDA6EDA6CC9A5C22FFF
:10361000DA4BC24DF1C6C9CDB1AAB9CFB98EE18896
:10362000EA30FA6DFACEFAEFFB12FB2EFB8CFBCEE2
:10363000FB4CFAEAFACAFAE9FB4BFAA8FA67FA680D
:10364000FA47FB0AFAC9FA67FA67FA27F9E6F9E6D0
:10365000F9C7F9E6F9A3F923F964F963F984F0C22B
:10366000C8C778E79909C8A4D840C840B841688A53
:1036700040AB8023800070018001800068206020C2
:1036800070407063708668A868A950C958865864ED
:10369000684060206020580048003800400030003A
:1036A0002000180020002000200020001800180032
:1036B0001021086010210841184110421042106288
:1036C00010621062086310640883108510A408E477
:1036D00010C508C409030105090409241142016049
:1036E0000980098009A011A009A011A009C00A0041
:1036F00012201A601AC022C022C02B0033001B0007
:1037000022E023202B40336033A03BE04C40446157
:103710004C824CA35484644664065BC75BA85B4937
:103720005B095AEA5AC95AC95AA95AA952C952A98F
:1037300052A952A952C84A8752A84A895289526846
:1037400052684AA84A89526952694A684A684A686E
:103750004A484A684248422742484227422742078D
:103760003A074207FA87FAA8FAA8FA25FA24FA666D
:10377000FA45FA05FA24FA05FA25FA66FA67FA878D
:10378000FA87FA87FA86FA87FAA8FAE9FAEAFACA09
:10379000FAE9FAEBFB0CFACAFB09FB4CFB6CFBAC3D
:1037A000FB4BFB4BFB08FB8CFB4CFB6BFB2CFB6BC9
:1037B000FBADFC0FFC50FB6CFB4CFC50FC71FBEFB9
:1037C000FB8DFC6FFC4FFB6CFAC8FA27FA46F964D4
:1037D000F101F184E9E6EA2BE1C6E1EAD1E9D1ECB5
:1037E000E30EDAD0C9E9D9CBDA0DE24DEA06CA0F09
:1037F000DA0AC24DFB0BEAAEDA0CB9EFD9ADE9CB70
:10380000F1EEFA4CFA8DFAEDFB50FB4DFBACFBEE02
:10381000FB6CFB2CFB0BFB2AFBABFB0AFAA8FA8820
:10382000FA89FB08FB6CFAA7FAA8FA87FA67FA4745
:10383000FAABFA68FA47F9C5F9C6F9C5F9C5F9430B
:10384000E105C0A3A8E6D8E4E861E060D060A04646
:103850004871784B982078219820A020982090409B
:1038600080208041708178A370857083784170409A
:1038700070407820700070206020500048004000A8
:103880003000280020002800280028002000200008
:1038900018001040184118221041104210621841BF
:1038A000106210621863186510A310A310A408C456
:1038B00008E510C601030902090309220940018035
:1038C000098011A009A001C009C011A009C002000F
:1038D000122012401A6022A022A02AC022C022C0B8
:1038E00022E02B002B2033403B603BC044004C8146
:1038F00054A254C24CC35CC35C645C265BE763891E
:103900005B2A52E952E85AC95AC952A952AA52A985
:1039100052A9528852A94A8952A94A894A88528989
:103920004A694A684A684A884A684A684268424816
:1039300042485247424842274227424842274207CC
:1039400042273A07FA25FA86FA27FA05FA87FA454E
:10395000FA04FA04FA23FA25FA45FA45FAA7FA878F
:10396000FA87FA86FA86FAC7FAC7FB2BFAE9FAE869
:10397000FAE8FB0AFB0BFAEAFB4BFB4BFBAEFB8DB9
:10398000FB8DFB6CFB8BFBCCFB6BFBCDFBACFC0E1C
:10399000FBEFFC6FFC51FBADFBCEFC92FC30FBEE71
:1039A000FBAEFC2FFC8FFB2BFAC8FAC8FAA9F985ED
:1039B000F962FA46FA68FA48F9E6F22AEA09E209EF
:1039C000F3CEEACED208EA0BF22DEA6FFB2CDA0F27
:1039D000F24ADA2DFAC9EACBF310DA4EF22DFA4D9B
:1039E000FA2AFA6BFA69FB0AFB2BFB6BFB8BFBAD2C
:1039F000FB8DFB6CFB6CFB4BFBACFB8DFAE9FAA976
:103A0000FAC9FB08FBABFB2AFAE9FB09FAC8FA681A
:103A1000FAA9FACAFAA8FA48FA06FA05FA26F9E55E
:103A2000F943F0C1B0E3D104F0C2F080F060E020CF
:103A3000A849708FB8469063B001B860C060B88084
:103A4000B04098608860888098409040904088603E
:103A500088208060804080207020682060004800BE
:103A60004000400030003000300030002020202096
:103A700028002020202018402041202018412041EB
:103A8000184118612062188318A310A318A310C549
:103A900009041105090309210921092009400160D0
:103AA0001160118011A009C009C011C009C009E04E
:103AB00012000A2012201A402260228022801AA0BE
:103AC00022C022C02AE02B403B8043A04400444156
:103AD0004C8054E155025D035D035CA564465BE7E1
:103AE00063A95B295AE95AEA5AC952A9528A52A9CA
:103AF00052A952895A894AA852A9528852884A889A
:103B00005289526852684A6852494A685248522853
:103B10004247422742274228422842283A27420762
:103B200042264207F9C3FA04F9E4FA46FA46FA864D
:103B3000FA45FA04FA05FA25FA45FA65FA86FA66AC
:103B4000FA66FA66FAC7FAA7FB6AFAAAFAE9FB0864
:103B5000FAE9FB4AFB29FB2AFB2AFB4CFB6CFB4BDB
:103B6000FB6DFB6DFBCCFC0DFBECFBEFFC0FFC4F8E
:103B7000FBEEFC90FC71FBEEFC30FCB3FC0FFBEEAB
:103B8000FBCEFC0EFC4FFB6CFACAFB2AFAC9FA26E4
:103B9000FA04FAE8FB4BFAEBFAA9FA89F227F247A2
:103BA000FC0FF2EBEA08F24AFA4BF24DFB8DE9CE3C
:103BB000F268DA09FB2BE2C9EB2FF26BFB0EFB2D4F
:103BC000FAEBFAECFAA9FAEAFB4BFB4BFB4CFB8D48
:103BD000FB8CFBACFB6BFB4CFB6CFB8BFB2AFB0AF3
:103BE000FB0AFB2AFB89FBABFB0AFB4BFB2BFAC84E
:103BF000FAC8FB2DFB2BFACAFAA8FA68FA47FA268C
:103C0000F9E6F983E124B8E7F125F8E1F0E0F8807E
:103C1000E882B068A0A8B0A2C040C0A0D860D8A078
:103C2000C880C080B860A860A860B060A040A04014
:103C3000982098609840A0408840802070006800DC
:103C4000580048004000400048004800380030005C
:103C50003000282020402040202130002021184121
:103C600028402040284128612862286218A218A410
:103C700018C4090209020100012009200940094075
:103C8000116009A011A009A011C011C011C009C084
:103C900009C009E011E012001A2022201A601A80DF
:103CA0001AA02AA022E02B002B6033803BC03C20CE
:103CB000446044C054E25D21650365045CA55C6614
:103CC0005BE863A85B4952E952C952A952A952A9BB
:103CD00052A95AA95A89528952884A8952885289C6
:103CE0004A874A684A884A884A4952684A284A485C
:103CF0004A4852484A28424742283A273A27420629
:103D000042063A06F9E3FA04FA24FA05F9E5FA2735
:103D1000FA46FA66FA24FA45FA46FA46FA26FA45C7
:103D2000FA65FA87FA66FAE8FAC9FA26FB2BFB2A43
:103D3000FB09FB2AFB2AFB2AFB4AFB6CFBACFB6B57
:103D4000FB4BFBADFB6BFBCDFBCDFBCEFC10FC0EB0
:103D5000FBCEFC91FC71FC0FFC10FCD1FBEEFC0FC8
:103D6000FBEEFC4EFC4FFB8CFB2AFBACFAEAFAA9FB
:103D7000FA87FB49FB8CFB8DFB6CFB2CFAEAFB2BD7
:103D8000FC91FAEAFA06FA06FA27FA28FB8CEA4BC3
:103D9000FA45F246FB4AF34BFB6EFAEAFAEBFB4DAF
:103DA000FB0AFB0AFAA8FAE9FB4BFB2BFB0AFB4BCD
:103DB000FB8CFBADFB8CFB6BFB6AFB6BFB2BFB2AD1
:103DC000FB4AFB6BFB2AFB6AFB09FB0BFB4DFAE989
:103DD000FB4BFB0CFA8CFAAEFAEAFAAAFAA9FA68DB
:103DE000FA68FA46FA06E0E6E128F944F924F9030C
:103DF000F8E2F0E3C0C4D0C2D8A0D0A0E8C0E8E1A7
:103E0000E0E0D8C0D880C880C0A0C060B880C02022
:103E1000B080B060B060A860A020A020904070404A
:103E200068005800500050005000500050004800FA
:103E300040203800302030203020284028402041C9
:103E4000284028403041304138412861286020A274
:103E500020C2090011000100010009000920092009
:103E60000960118011A011A009C009C009C011A0EA
:103E700009C009C001C009C011C01200124022408F
:103E80001A6022A022C02AE02B202B6033802BC096
:103E900034403CA154E15D216562654355045CC535
:103EA000644663C75B88532852CA5AA952A95289EB
:103EB000528952884AA85269528852885268526977
:103EC0004A884A6852684A684A484A4942284248E9
:103ED0004A28424842284A28422742273A2741E7AF
:103EE000420741E7FA24FA44FA05F9E4FA06F9C769
:103EF000FA27FA06FA45FA67FA66FA66FA25FA46E2
:103F0000FA65FA05FA46FA46F942FAA8FB2BFB4B8A
:103F1000FB09FB0AFB4CFB4BFB8BFB8CFBEDFB8C8F
:103F2000FB6CFB8EFBADFBEDFBCDFBCDFBEFFC2E6D
:103F3000FBEEFC92FC71FC0EFC0FFCB1FC0EFBEEE8
:103F4000FBCFFC70FC50FB6CFB4AFBCDFB0BFB0A70
:103F5000FB09FBACFBEEFBF0FBEFFBAEFB8DFBCDFF
:103F6000FC51FB0AFA68FA27F9E4FAA8FB2BFAEAF3
:103F7000FA85FB29FAC7FB6CFBCEFB6BFB09FB6DDB
:103F8000FB0AFB2BFA88FAE9FB6CFB0BFB09FB0A2B
:103F9000FBADFBAEFBADFB6CFB6BFBADFB6CFB2B26
:103FA000FB4BFBADFB6BFB4BFB0BFACAFB0BFB0AA2
:103FB000FB6DFB6DFACBFAAFFB4DFB4CFB0CFAC96A
:103FC000FACAFA88FA47F9C6E926F945F9C6F9A600
:103FD000F9A5F9A5F165F124F122E8A2F0C1F96390
:103FE000F922F0E0E8C0E0C0D8C0D080D080D08016
:103FF000C0A0C060C040B860B820B040A080886059
:104000008020702060205800580058006020582000
:1040100050204020482040004020404038003040A0
:10402000304038203820402040203840386030A0D0
:1040300020C018E018E008E008E008E008E0090007
:1040400001400960098009800980118009A0118060
:1040500009A009A011A011A011A011C012001A20DE
:104060001A4022802AA022C0230023002B20238074
:104070002BC0344044A055205D6265635D625CE402
:10408000648554655BC75B885B295AE85A8952A9E5
:104090005A8852A852895A8852695269526952689C
:1040A0004A694A6952684A484A484A484A4842481E
:1040B000424742274A2842074227420642073A0718
:1040C0003A0739E6FA65FA45FA04FA25FA05F9C716
:1040D000F9C6F9E8F9C6FA68FAC8FA65FA87FA86FD
:1040E000FA26FA04FA27F902F121FAA8FB2AFB09B9
:1040F000FB08FB2BFB6CFB4BFBACFBACFBCDFBEDEC
:10410000FBADFB8DFBCEFC0EFBEEFBEDFBEFFC50A5
:10411000FC0EFC71FC71FC0EFBEFFC50FBEEFBEDAA
:10412000FBEEFC4FFC0EFB6CFB6BFB6BFB2BFB6B92
:10413000FB4BFC0DFC70FC71FC50FC31FC0EFC0FC9
:10414000FC0FFB6CFAEAFAA8FA06FB0AFB2AFB4C06
:10415000FB08FBEDFA44FB8BFC0DFBACFB09FB8E73
:10416000FB2AFB2BFA67FAEAFB6DFB4CFB4BFAE9E7
:10417000FB8DFBAEFB8CFB6CFB6BFBCEFB8CFB4C23
:10418000FB2AFBAEFB8CFB4BFB0AFB0AFAE9FB0AA2
:10419000FB4CFBAFFB6EFB4DFB8DFB6DFB0BFAEAA3
:1041A000FAEBFA88FA68FA69F9E6F985FA28FA2743
:1041B000FA68FA8AFA47F9E6F9C5F964F902F9A446
:1041C000F9A5F901F0E1F0E1F0E1E0C1E0A0D8A04B
:1041D000D8A0D080D060C060C040C040B080B06087
:1041E0009060804078407020682068206820684097
:1041F000682058205800582050204820482040204F
:1042000048204840502050005000482040603880EE
:1042100030A020A020C018C008C008E008E00900B5
:1042200009200140096011400940116009601180B6
:1042300011801180118011A009C011C011E012007D
:1042400012401240228022C02AC022C02AE02B2025
:1042500023602BE03C8054C05541558265836563E3
:104260005D035CA4544563C75B48530852C952A917
:104270005A8952A952A952884A89528852884A6852
:104280004A684A684A684A6852484A484A4842471F
:1042900042474227422742074227420742063A0640
:1042A0003A0739E7FA85FA24FA44F9E4F9E5F9C559
:1042B000F9E7F9A7F9C8FA49FA47FAE8FA87FA8755
:1042C000F9C3FA45F943F880F9A4FAC8FB09FA875B
:1042D000FAC9FAE9FB09FB4BFB8DFB8BFB8CFBADB1
:1042E000FBEDFBADFBADFBADFC0FFBEDFBAEFC3026
:1042F000FC0DFC0EFC30FC2EFBCDFBEFFBEEFC0DB1
:10430000FBEDFC4FFBCDFB6BFB6BFB8BFBACFBEDD1
:10431000FBCCFC6FFCD3FCF3FCB2FC92FC71FC9177
:10432000FC2FFBEEFBACFB2BFAC9FB8BFB0BFB0959
:10433000FBABFC30FA65FBACFC4FFBEDFB29FB4B08
:10434000FAE9FB2BFAA8FB0AFB6DFB4DFB6CFAE8C4
:10435000FB6DFBCFFB8DFB4CFB4CFBAEFB6CFB4CBE
:10436000FB2BFBAEFBADFB6CFB4CFB0BFAEAFB6BD8
:10437000FB8CFBCFFBD0FB4CFB6CFB4DFAE9FAEA64
:10438000FB0BFAC9FA88FA68FA48FA28FA69FA8936
:10439000FA88FA89FA88FA67FA68F9E5F943F9E5DB
:1043A000FA07F983F923F8E1F8E1F0E2E8E1E8C07F
:1043B000E8C1E0C0D0A0C880D060C860C080C0A004
:1043C000B0A0A06090408040786078207820704055
:1043D0006840684060406820584058405840582025
:1043E00050406000582058206000584048A030A03D
:1043F00028A028A010C008C008C008E008E00900F4
:104400000900094009401140094009400960116054
:10441000118011801180118011C011E019E01A0083
:104420001A201A401A601AA022C01AE022C01B00EB
:104430001B4023A0342044A04D20456255825D815D
:1044400065225CE354635404536753285AE952C904
:1044500052C852A852894A894A8852894A694A6888
:104460004A684A484A684A684A684A484A28424864
:104470004227422742274207422742063A073A0785
:1044800039E639E7FA85FA66FA45FA25F9E4FA04D5
:10449000FA27FA28FA4BFA2AFA07FA47FA69F9E6EC
:1044A000FA86F983F8C0F080FA67FB2AFA47FA0423
:1044B000FA46FAA7FA88FAE8FB2AFB4BFB4AFB4BC1
:1044C000FB8CFBACFB6BFB6CFBEEFBADFB8BFBCE11
:1044D000FC2EFBCDFBEFFC2EFBADFBCDFBCCFBCBD9
:1044E000FBACFC0DFBACFB4AFB6BFBCCFC0EFC2FCE
:1044F000FC2EFC91FD14FD34FD13FCF3FCD3FCF207
:10450000FC91FC50FC0EFBADFB2AFBCDFAEAFAC88D
:10451000FC4FFC71FAC7FBECFC2FFBEEFB4AFAC91F
:10452000FAEAFB4AFB0AFAA9FB8DFB6CFB4DFAC9C0
:10453000FBADFC32FBAFFB4BFB6BFBAEFB6DFB6CD7
:10454000FB4BFB8CFBAEFB8EFB8EFACBFAEAFBAB94
:10455000FBCDFBACFBB0FB4DFB0AFB4DFB2AFAE8A5
:10456000FAEAFAECFAEAFAAAFAAAFA68FA89FAC9AD
:10457000FA88FAA8FAC9FAA9FA8AFA46F9C5F9C571
:10458000FA48FA06F984F942F942F902F902F0E12F
:10459000E8E1E8C1E0A0D880D840D860D0A0C8C089
:1045A000C8C0C080A0809840904088207840782083
:1045B0007040686070607060606068407020684043
:1045C00068606040586060406060588038A028C0D3
:1045D00018C018C008C000E008E00100010008E0B1
:1045E00009200940096009400920092009200940E3
:1045F00009600980118019A009E011C011E01A00BA
:104600001A001A401A801A8022C022C022E01AC062
:1046100013001B4023C03C4045014D41558155A12D
:104620005D61550254A24C4343C44B4652E852C804
:104630005A894AA852A9528852A9526952485268C6
:104640004A68426842674A674A484A484A084A48AC
:10465000424742273A263A273A0742263A0739E69E
:1046600039E739C6FAE7FAA7FAA6FA86FA25FA244C
:10467000FA46FA68FA2AFA0AF988F188F965FA8896
:10468000FA47F942F8C0F0E0FB09FB0BF984FA069F
:10469000FA25FA25FA87FAA7FAC8FAEAFAE9FB082E
:1046A000FB2AFB6AFB6BFB6BFBADFBCDFBCDFBCEB3
:1046B000FBEDFBCCFBADFBEDFB8BFB8CFBABFBAA63
:1046C000FB6AFBABFBACFB8BFB8BFC0EFC50FC6F6B
:1046D000FC4EFCB1FD14FD55FD34FD55FD14FD13DC
:1046E000FCD2FC91FC4FFC0EFB8CFC0EFB2BFAA8C1
:1046F000FC90FC10FB08FBEEFBCDFBACFB6BFA6700
:10470000FAEAFB6BFB6CFAC9FB2BFB6BFB6CFB4AFD
:10471000FB8CFC31FB6DFB6CFB4BFBAEFBCFFBEF73
:10472000FBAEFB8CFBCEFBAFFBB0FAEBFB2AFBCC6A
:10473000FBECFBACFB8EFBB0FB2BFB6DFB2BFB29DF
:10474000FB0AFB2DFB2BFAEAFB2BFAA9FAEAFAEAA1
:10475000FAC8FAC9FAEBFAC8FA68FA67FA26F9E46D
:10476000FA27FA28F9C5F985F944F942F923F942FB
:10477000F0E1F0C2F0C1E0C0E080E0A0D8C0D8C055
:10478000D0C0C8E0B8A0B080B040A02088608060F1
:104790007840704070406860686068607840784039
:1047A00078607060706068405860488020C010E099
:1047B00000E008C008C000E008E000E008E01100E8
:1047C00019421943192311400920092009200940E1
:1047D00009601160118011A011C011E00A001200DF
:1047E000122012401A601A8022A022C01AC01AC0D9
:1047F0001AE023002B80342034A03D214D414D424E
:1048000055625D0154C24C624403438453074AE736
:1048100052C952A94A884A874A684A694A6852670F
:104820004A6842484A4942484A4842474A28424818
:1048300042274A0842073A27420741E739E639E664
:1048400039E739C6FB07FAE8FAE8FAC8FA67FA88DE
:10485000FA88FA68FA88FA4AFA4AFA0AF9A6F9C905
:10486000F9A5F922F8C0F9A2FB4BFA48F9A2FA25FA
:10487000FA26FA04FA67FA88FA86FA88FAA8FAA8F1
:10488000FAC8FAE9FB2AFB2AFB4BFB6CFB8DFB8C7D
:10489000FB4BFBACFB4BFB6CFB4AFB2AFB49FB4A8B
:1048A000FB6BFB6BFBAEFBADFB8BFC4FFC71FC9021
:1048B000FC70FCD2FD13FD55FD75FD75FD34FD1337
:1048C000FCF2FCB2FC70FC4FFC0EFBEDFB2BFAE99A
:1048D000FC0EFB4CFB4AFBACFB6BFB8BFB6BFA67E8
:1048E000FAA8FB4BFBACFB09FAA8FB4BFB6CFB4BA0
:1048F000FB4BFC52FB2BFB8DFB8CFBEEFC11FC0FEE
:10490000FBCEFBCCFBADFBF0FBD1FAEAFB6AFBCBA9
:10491000FBECFBCCFB8BFB8EFB4CFBAEFB8EFB69FD
:10492000FB48FB6EFB4CFB2AFB0AFAE9FAEAFAEABF
:10493000FAC8FAA9FACAFAC9FA88FA67FA46FA0569
:10494000FA26FA27FA07F9E5F985F9C4F984F94353
:10495000F922F902F901F0E2E8E1E100E0E0E0E14A
:10496000E0E0D100D0E0C8A0B880B080A06088A00E
:1049700080406860588050A050A0508060A0708037
:10498000786078807860686048A030C018E008E0FF
:1049900000E000C008C008C000E008E009000941CC
:1049A00021632944214311400920012001000920ED
:1049B00009401160118011A019C011E012201220CD
:1049C00012201A4022401AA022A022C02AC022A0EF
:1049D0001AE01B00236033E0346034E03D005502F0
:1049E0004D004CE154A14C81444343C453454B0614
:1049F00052E852C84A8952A852A84A4952694A679D
:104A00004A684A484A484A484A284A474A28422760
:104A100042274A0742074227420641E73A0641E653
:104A200039E739C6FB08FAE9FB08FAC8FA87FAC77A
:104A3000FAA8FA67FA67FAA9FA49FA08F9A8F9840C
:104A4000F984F922F8E0F9E6FA89F943FA05FA4619
:104A5000F9E5FA45FA86FA46FA87FA87FA67FA8894
:104A6000FA89FAA7FAA7FAC9FB0AFB2BFB2BFB4A28
:104A7000FAC9FB0AFAC8FAC9FAC8FAC7FB08FB293F
:104A8000FB8CFB6BFBAEFBAEFBACFC70FC70FC90DC
:104A9000FC6FFCD1FD33FD75FD74FD74FD74FD33B9
:104AA000FD33FD13FCB0FC70FC2EFB8BFB4AFB0AB4
:104AB000FBECFB6BFBABFBACFB6BFBABFB6BFAC828
:104AC000FA86FB09FBCCFB29FA87FB8BFB8CFB0AE4
:104AD000FB4AFC51FB8BFBADFB8BFBCDFC31FC0F90
:104AE000FBCDFBABFB8BFC11FBF2FB09FBAAFC0B28
:104AF000FBEBFBEBFBEBFB8BFB8EFBCDFBF1FBAA9C
:104B0000FB88FB8CFB8DFB49FB2AFB0CFAC9FACA1C
:104B1000FAA8FAA8FACAFAEAFAC8FA88FA46F9E547
:104B2000FA06FA27FA48F9E5F9C6F9C5F9A4F984AD
:104B3000F963F942F941F8E3F901F0E2F101E90022
:104B4000E900E100D940D903C901B8C0B880A0800C
:104B50008880686048A030E028E030E040C050C065
:104B600060A078807880608038C018C008E000E0DD
:104B700000E000C008C000E0010009200920116227
:104B8000218429A4218411810940092009200920B8
:104B90000940096009A011A011C01A001A201A20AA
:104BA00022201A401A801AA022C02AE0230022E004
:104BB0001B2023202B8033C0342034A034C044C1B8
:104BC0003CC044C044A044804C613C024B834B44F5
:104BD0004B07530752C952894A894A694A884A4849
:104BE00052684A684A284A484A2842484A2742277F
:104BF0004227420742263A06420641E741E739E6A4
:104C000039E639C6FAE8FB09FB0AFAA8FAA7FAA7B7
:104C1000FAA9FAA8FA68FA69FA88FA08FA0AF9E524
:104C2000F9A4F9A4F943E969F965F923FA47FA47C0
:104C3000F9C4FA67FA88FA05FA26FA47FA26FA2634
:104C4000FA46FA66FA45FA66FAA8FB4BFACAFAEA95
:104C5000FAC8FA88FA87FA66FA87FAE8FB09FB0AC3
:104C6000FB4AFB8CFBAEFB4CFBEEFC4FFC2FFC8F9E
:104C7000FC6FFCB0FCF3FD53FD54FD74FD53FD339C
:104C8000FD12FD12FCD0FC6EFBECFB49FB4BFB095B
:104C9000FBECFB6AFBCCFBCCFB8BFBEDFB8BFB2A21
:104CA000FAE9FB2AFBACFB09FA66FB6AFB8CFAEA21
:104CB000FB0AFBEFFB8CFBACFB8CFBCCFC51FBEE53
:104CC000FBACFBACFBACFBF1FBF4FB29FBEBFC0A04
:104CD000FC2BFC4BFC2CFBECFBADFBEEFBB0FBCB55
:104CE000FBA8FB6AFB8DFB49FB4BFB0BFAE9FAE9DE
:104CF000FAE9FAC8FACAFAC9FAC9FA88FA46F9E624
:104D0000FA06FA48FA27FA06F9E5F9C5F9A4F9A46A
:104D1000F983F963F942F902F921F903F101F0E1AC
:104D2000E900E900E140E142D122C8A1C0A0B0A061
:104D30009880608030C0210010E010E020C030C0BA
:104D400040C048C058A040A020C010E008E008E0E3
:104D500008E000E000E00100090009210941118399
:104D600029C529E521E519A30981116009600920F8
:104D700001410960098011A011E01A00224022407F
:104D80001A6022601AC022A022E02AE02300232019
:104D900023402B402BC02C002C402C4034803480EE
:104DA00034A03C803C604C4044403C2243E353846C
:104DB00053254B06530852E84A884A884A684A48AD
:104DC0004A484A4842474A28422842284A273A271E
:104DD0003A273A263A074206420739E739E639C602
:104DE00039C641C6FAE8FAE9FAC8FA87FA88FAA891
:104DF000FA87FA89FAC8FA49FA68FA89FA27FA2684
:104E0000FA25F9C4F925E94BF9A5F904F986F9A5BC
:104E1000FA27FA47FA07FA25FA46F9A4FA26FA47D2
:104E2000F9E5FA46FA46FA45FA26FAEAFAA8FAA99C
:104E3000FB0BFA27FA66FA66FA87FB2AFB4AFB0B9A
:104E4000FB29FB8DFB6CFB6BFC2EFC4FFC2EFC2F1F
:104E5000FC6FFC90FCD2FD12FD13FD12FD11FCF263
:104E6000FD11FD12FCAFFC6EFBECFB2AFB2AFB499B
:104E7000FBADFB2AFBCDFBECFBADFBECFBABFBABDB
:104E8000FB6BFB4AFBCCFB4AFAA8FB09FB4AFAE99D
:104E9000FB0AFB8DFB4CFB8DFB8CFB6AFC32FBCFD2
:104EA000FBABFBCCFB8BFB6FDB54FB8CFBEBFC0B02
:104EB000FC2BFC4BFC4BFC4BFBABFBB1FB8DF3ED3C
:104EC000FBE8FB69FB4CFB69FB28FB09FAE8FAE904
:104ED000FAE9FAC9FAA9FAA9FAC9FA88FA26F9E6A2
:104EE000FA07FA48FA27FA47FA06FA05F9C6F9C5A1
:104EF000F963F963F942F902F921F921F901F100A5
:104F0000E8E0F0C0E120E160D922D902C8C0B8E0F1
:104F10009880588128E1110009011100110010E06A
:104F20001900210030C020E010E008E000E000E0BF
:104F300000E000E00900012109401142216221C482
:104F400029E632063226220419C311C109A11161D2
:104F500009600961098011A011E1224022602280CC
:104F60001AA02AC022C022E123012B202B201B40A3
:104F70002B602BA02BE034203C60348034603C80DC
:104F800034603C403C203C4044203C2143E24BC345
:104F90004B844B4653074B0752C74A684A684A68D6
:104FA0004A484A2842484A4842084A274227420774
:104FB00041E7420742073A0641E73A0641C639E768
:104FC00039C639A6FAE9FAA8FA86FAC7FA87FAA81A
:104FD000FA87FA67FAA9FA87FA47FA89FA46FA06C7
:104FE000FA26F9A4F9CAFA0AF964F967F905F98405
:104FF000FA08FA68F942FA46FA27F9C5FA27FA4791
:10500000FA26FA87FA47FA45FA04FA87FA67FAC8DD
:10501000FACBFA05FA25FA86FAC8FB0AFB8BFB4B9A
:10502000FB2AFB6CFB09FBCDFC0DFC4FFBEEFC2EC1
:10503000FC6FFC6FFC90FCB1FCD2FCD1FCB0FCB06E
:10504000FCD0FCD1FC6FFC4EFBCDFB4BFB2AFBAA3A
:10505000FBACFB09FC0EFC0DFBCCFBCDFBEDFBCD53
:10506000FBACFB6AFC0EFB6BFB4BFB6BFB6BFB298E
:10507000FAEAFB09FAC9FB4BFB4BFB29FBF0FC10DE
:10508000FB8CFBCCFBACFB8DEB12FBABFBEBFBEC33
:10509000FC0BFC2BFC2BFC4AFBEAFBD0FBADFBCE54
:1050A000FBE9FBA8FB89FB68FB48FB28FB09FB0924
:1050B000FAE9FAC9FAA9FAA9FAA8FA67FA27FA06E0
:1050C000FA07FA48FA48FA47FA27FA05F9C5F9A59E
:1050D000F983F943F942F922F921F902F8E2F8C11A
:1050E000F0A0F0C0E900E120D900E0C2D0C0B8C013
:1050F00080A150C128C21901090008E00900090077
:105100000900110011001100090008E000E008E0AA
:1051100001000920112111420981198329A52A06BC
:105120002A273A283A4832472225220319E211C297
:1051300019A219A111C121A222022A2122612280D1
:105140001A802AA022E11B022B022B6133812B81C2
:1051500033C133E034203C4044803C804CA03C6070
:105160003C403C403C203C4034403C204C013C0214
:1051700043A44B844B2543274B074AC84A684A68D7
:105180004A284A484A474A27422742274227420795
:1051900042273A073A0641E641E741E639C639E691
:1051A00039C639A6FA88FA88FA88FAA8FAA8FA67F6
:1051B000FA88FA87FA68FA88FA47FA48FA46FA0645
:1051C000F9E6FA06F9E7F9C5F9A4F9A8F924F9848A
:1051D000F926F905F8C1FA07F9A7F9E5FA25FA263B
:1051E000FA67FAA7FA26FA06FA25FA26FAA7FAC8FB
:1051F000FA48FA25FA87FAC9FB0AFAEAFB2BFB4BB5
:10520000FB2AFB2AFB4AFBEEFBEDFC2EFBEDFC2E02
:10521000FC30FC4EFC4FFC8FFCB0FC90FC6FFC6F34
:10522000FC70FC90FC4EFC0EFBEDFB4AFB4BFBCBF9
:10523000FB6AFB4BFC0EFC50FC0EFBCDFBEDFBEECA
:10524000FBEDFBABFBCEFB4AFBACFB8CFBAEFB6B85
:10525000FB0AFB4BFAA8FACAFAC9FB2AFB8CFBAE85
:10526000FB8CFBCDFBCDFBADFB51FB8BFBCCFBECFF
:10527000FC0BFC0BFC0BFC0AFC0AFC2CFBCDFB8B97
:10528000FBC8FBC8FB88FB67FB49FB4AFB2AFB0901
:10529000FAE9FACAFAA9FA89FA68FA47FA26FA265E
:1052A000FA47FA68FAA9FA25FA06FA25F9E5F9C5DE
:1052B000F9A4F942F943F902F902F8E1F8E1F8C179
:1052C000F0C0F0C0F0C0E8E0D8E0D8E0D0C0B0C096
:1052D00070A248C230E2190108E008E008E000E0EE
:1052E00001010920092009400900090008E0012006
:1052F000092111421963198411C429E52A28324968
:105300003A694A89426A3A8A3A8832672A251A05EE
:1053100021E421E319E229E222022A2122611A80F2
:105320001AA02AA223022B2333452BA433C43BE427
:10533000342234213C404C8044A044C04CC044A0A2
:105340003C603C603C4034402C403C604C4044203D
:105350003BE14BA3436443454B274AC74AA84A68ED
:1053600042484A2842274228422842274207420709
:105370003A263A0739E739E739E739E641C739C606
:1053800039C639C6FA25FA45FA66FA66FA67FA6640
:10539000FA65FAA8FA27FA27FA67FA06FA06FA0669
:1053A000F9E5FA06F9E5F982F9E5F9A5F9A4F92391
:1053B000F8E4F842F8E4F987F965F9A5F9E5FA07A0
:1053C000FA46FA66FA46F9E5FA26FA46FA67FAC99B
:1053D000FA47FA66FAC9FAE9FAE9FB09FB09FB2A76
:1053E000FB29FB09FB8CFBCDFC0DFC0EFBEDFC0E41
:1053F000FC0FFC0DFC2FFC6FFC4EFC4EFC4EFC4EDB
:10540000FC2EFC2EFBCDFBADFBEDFB8BFB4BFBCB5E
:10541000FB4BFB6BFBEDFC50FC2EFBEDFC0DFC2F66
:10542000FC0DFBCCFBACFB4AFB4AFB8BFBCEFB8CA5
:10543000FB6BFB4CFAC9FAA7FAC9FB2AFB8EFBAF40
:10544000FB8CFBEEFBADFBADFB6EFB4BFBADFBED5D
:10545000FC0CFBEBFBEBFBCAFBEBFBC9FB8BFB691F
:10546000FBA8FBC9FB88FB68FB48FB09FB0AFAE9C0
:10547000FAE8FAC9FAA8FA88FA67FA49FA26FA465F
:10548000FA48FA87FAC9FA66FA46FA48FA26FA0694
:10549000F9E4F9A3F943F943F902F8E1F8C1F8C1D5
:1054A000F8C0F8A1F0E0E8E0E100D8E0C900A0E031
:1054B00070A358C440E31901090008E008E009019D
:1054C0000922114211821963116109210120094148
:1054D000216321C529E62A273A28426942894AAA36
:1054E0004AAA52AA4AAB4AEB4ACA42AA32682A4797
:1054F0002A0632062A24222322222A0122211A6184
:105500001AA22B042B453BA843CA4BE94428440765
:105510003C2434423C4044803CC04CE04CC04CA055
:105520004CA044803C8044603C60446044604460E3
:10553000442143E343E343834B45532752E84A87DF
:1055400042684248422842274A284A0742074227DF
:105550003A074206420639E731C639E639C639C646
:1055600031C639C5F9E4F9E4FA05FA46FA25FA270D
:10557000FA66FA47FA47FA26FA47FA06FA06FA25C9
:10558000FA45FA05F9C4F9A4F9E5FA05FA06F9436A
:10559000F8A1F8A1F943F944F944F904F965F9A52A
:1055A000FA07FA06FA26F9E4FA26FA87FA88FA6779
:1055B000FA47FAA8FB0AFAE8FAA8FB2AFB29FB4AF1
:1055C000FB69FB29FBABFBCEFBEDFBCDFBCCFBCDA5
:1055D000FBEDFBEDFC2EFC0EFC0DFC2DFC0DFBEDA4
:1055E000FBCCFBECFB6CFB6BFBACFB8CFB8BFBADE4
:1055F000FB2AFBACFBCCFC4FFC0EFBECFC0DFC0DCA
:10560000FC2EFBEDFC0EFB8CFB29FB6AFBCEFC0F9A
:10561000FC0FFB0BFB4BFAE8FACAFB6CFBF0FB8EB2
:10562000FB4DFB8CFBCFFBEFFB2BFB4CFB6DFBEF38
:10563000FBEDFBCCFBCBFBABFBAAFBAAFBCBFB69DB
:10564000FB88FB8AFB89FB89FB49FB09FB09FAA85C
:10565000FAA8FAA8FA67FA68FA67FA28FA47FA681D
:10566000FA89FAC9FB09FAA8FA66FA68FA25F9E490
:10567000F9C3F9C4F9A4F9A6F923F922F921F90229
:10568000F8E1F8E1F8E1F0E1E8E0E100B8E08101FB
:1056900070E47905512331211120090011011942CB
:1056A000198431A531C52985298419821162318572
:1056B00039C74229528A5AAB5AEC62CD5AEC5ACCBD
:1056C00052CB52EB4AEB5B0C5B0C52EC4AEB3AC907
:1056D0003A88328632662A4422231A221A422264E7
:1056E0002AC633484BAB5C6C646E6C6F5C4D54499E
:1056F0003C4534433C613C813CA14CA04CC054E04F
:105700005CA04CC044C044A0448044A044C044A019
:105710004481444144024C024B835345532652E793
:1057200042884A4842474A274227420742264207C0
:105730003A0639E639E641C739E731E631C639C6B6
:1057400039C631C6F983F983F9E4F9E5FA05FA05B2
:10575000FA26FA25FA26FA46FA05FA05FA25FA256E
:10576000F9E4F9E6F9C5F9A5F9C4FA27FA08F90246
:10577000F8C1F902F922F922F943F8A0F963F98591
:10578000F9A5F984F984FA04FA47FA67FA67FA4640
:10579000FA66FAC8FB2AFB09FA05FB8BFB69FAE8F3
:1057A000FB8AFB29FB6AFBACFB8BFB6BFB8CFB8B4B
:1057B000FBACFBCCFC0DFBEDFBCDFBCCFBCCFB8BAE
:1057C000FB8BFB8BFB4BFB2AFB6AFB6AFB6BFBCD6A
:1057D000FB6BFBACFBCDFC2EFBEDFBECFC0EFC2EC7
:1057E000FC2EFC0DFC2EFBACFB4AFB09FB4BFC0F1B
:1057F000FBCFFAC8FB6BFB0AFB0BFBAEFC33FB0CCD
:10580000FB4DFB8CFC12FBAFFA88FBADFB6CFBEF96
:10581000FBACFBCDFB8AFB8AFB8AFB69FBCBFB69FC
:10582000FB69FB69FB48FB48FB08FB09FAE9FA88BE
:10583000FA68FA67FA67FA46FA26FA48FA68FA89BD
:10584000FACAFB0AFB2AFB09FA86FA26FA05FA04C9
:10585000FA03F9C4F9C3F9C4F984F964F963F943A3
:10586000F923F922F923F922E901D121B8E188E3EA
:10587000892491458964712331602121214331A517
:1058800039C639E739E739C731E629C529A639E7E5
:105890004A2952AB62EC6B0E730D7B0D632C5B0BD4
:1058A0005B0C5B0C630D632D6B4E636E636E534F2D
:1058B000434C430A4AC932A82285228522642AC859
:1058C000434B5C0F74917CD284F37D1264EF4CAC3B
:1058D00044883C463C433C413C60448044C04CA02E
:1058E0004CA04CC044C044C04CA044C04CE044C098
:1058F00044E04CA14C414C02540253A44B64530766
:1059000042C84267424742274227420741E739E7F8
:1059100039E639E739E639E639C631E631E539A6FF
:1059200031C539A6F901F9A3F983F9C4F9E4F9E518
:10593000F9C5FA04FA25FA06FA05FA25FA25FA2431
:10594000F9E4F9E5F9C5F984F9A3F943F944F90152
:10595000F8E1F922F962F921F8C1F901F962F902D5
:10596000F983F943F941F9E4FA46FA05F9E5FA262B
:10597000FA87FAC8FB0AFAC9F9E4FB4AFB29FB4A91
:10598000FBCCFB8BFB6AFB6BFB8CFB4BFB2AFB0909
:10599000FAE8FB6BFBCCFBABFBABFB6BFB6AFB29BD
:1059A000FB2AFB09FB29FB09FB2AFB6AFB4AFBCC10
:1059B000FB8BFBCCFBACFBECFC0DFC0DFBEDFC4EC8
:1059C000FC2DFC0CFC0DFBEDFB8BFB09FB08FC50DC
:1059D000FB8DFAA7FB4BFB2AFAEAFC10FC11FAC874
:1059E000FB8EFB8BFBF1FB0BFA46FBAFFB6CFBCF9B
:1059F000FB6BFBCEFB6BFB29FB4AFB29FB4AFB083D
:105A0000FB08FB29FB08FAE8FAC8FAA7FAA8FA6724
:105A1000FA46FA26FA27FA26FA27FA48FA88FAA85E
:105A2000FB0AFB4AFB6AFB4AFAC7FA66FA65FA64A4
:105A3000FA64FA24FA04F9E5F9E5F9A4F9A3F98579
:105A4000F9A4F984F164E943C943A123B123B14323
:105A5000A125A945B1A4A9A5718449C549A649E6CE
:105A600049E7422742273A073A073A0742084A4994
:105A70004AAA5AAB5AEB5B0C630C62CB5AEB62EA54
:105A80005AEC6B2D6B4F736F739063D07BD173D2D5
:105A900073D06BAE53CD538C436B3B0B332B43AE68
:105AA0006C3084D3951595569D568D54753264F09F
:105AB00054CD4C89446544223C41444044804C8050
:105AC00044C044C044C03CC04CC04CE04D004CE01D
:105AD00055004CE044C04C614C224BC353844B6591
:105AE0004B064AA84A474227422742073A073A0745
:105AF00039E739E639C639E639E639C631C631C53E
:105B000031C53185F963F942F962F984F9C4F98341
:105B1000F9C3F9C4F9E4FA05F9E4F9E5F9E5F9E4BA
:105B2000F9E4F9A4F9A4F963F942F901F8E1F8C03C
:105B3000F8E2F8C1F902F943F880F962F963F92152
:105B4000F963F943F963F9A3F9C4FA05F9E4F9E44F
:105B5000FA66FAA8FA88F9E6F962FAC8FB08FBCDFA
:105B6000FBCDFBACFB4BFB4AFAC7FAE9FB29FB0A6E
:105B7000FAA8FB29FB8BFB6BFB4AFB0AFB2AFB0900
:105B8000FB29FB09FB09FB09FB0AFBABFB4AFBCC2E
:105B9000FB8AFBABFBACFBCCFBECFC0EFC0CFC0C6B
:105BA000FC4DFC4DFC0DFBECFBCCFB69FB49FCF315
:105BB000FBCDFAE7FB6CFB8BFB0AFBAEFB8DFB0915
:105BC000FB6CFB4BFBB0FAA8FA67FB8EFBAEFB4C01
:105BD000FB2AFB8EFB2AFAE8FB08FAE8FAC9FAC7A7
:105BE000FAE8FAE8FAC7FAA8FAA8FAA7FA87FA468A
:105BF000FA26FA25FA26FA46FA66FA67FA67FAC921
:105C0000FB29FB49FB6AFB6AFB27FAE7FAE6FAE5A0
:105C1000FAE4FAE4FA84FA44FA23FA04F9E4F9C556
:105C2000F9E5F1C5D963D124A9459945B164C964A1
:105C3000C965C184C1A5C1E5AA268226622752276B
:105C40004A0852074A274A48424842284A484A498D
:105C50004A89528952A9528952894A694A8952A964
:105C60005ACB62EB630D6B2D736F73B183F38C149E
:105C70007C337C727C937C9274726C316C316C934B
:105C800084D59D379D589597959895978D768D7469
:105C90007D3264EF4CCB4C473443342134403C607C
:105CA0003C6044804C8044C04CE054C04D004D00EA
:105CB00055004D2044E054A04C614C024BC34B8432
:105CC0004B254B074A87422742073A073A064206C6
:105CD00039E641E639E639E639C639A639A631C58D
:105CE00039A531A5F942F941F962F982F942F94140
:105CF000F961F982F9A4F9C4F9A3F9C3F9C3F9A3C5
:105D0000F9A3F983F963F942F922F8E0F8C0F8C081
:105D1000F881F862F8C1F8E1F941F9C5F922F962B0
:105D2000F9A3F942F964F9E4F983F9A4F9E5FA036E
:105D3000FA05FA66FA46F944F921FA67FB09FB6CA1
:105D4000FB4AFB09FB09FB09FA87FA45FAE7FAE87F
:105D5000FAA8FB08FB2AFB2AFAC8FAE9FAE8FB09C9
:105D6000FB29FB09FAE9FB4AFB08FBCDFB2AFB8B6D
:105D7000FB6AFB8AFBABFBCBFBCBFBECFBECFC0C31
:105D8000FC2CFC2DFC0DFBECFBACFB8BFB8AFC8F95
:105D9000FBAAFB49FC0EFBACFB29FB6CFB2BFB2C91
:105DA000FB4BFBAEFBAEFAA8FAC9FB4CFBAEFB2AE1
:105DB000FB09FB4BFB09FAC8FAC7FAA7FA88FA668F
:105DC000FAA8FAC8FAA8FAA7FA87FA67FA67FA26C9
:105DD000FA46FA46FA67FA86FA87FA88FAA7FB09BA
:105DE000FBA9FBE9FBA9FB89FB69FBA8FB87FB87F8
:105DF000FB87FB65FB26FB05FAC5FA23F1E4E9C541
:105E0000F1E5E1A5D125C105B926A146B965D9A617
:105E1000E185D9A3E1A4E205D267AA887A6852672E
:105E2000424752074A48422842083A273A274248FE
:105E30004A694A684A675228424842474A47426884
:105E40004A8852A952CA5AEB5B2C736E73B07BD14D
:105E5000743184949CD7A5389D5795578D379D589C
:105E60009D99A5B99DB89DB89DD8A5D8ADF8ADF8B8
:105E7000A5D785B46D505CCB34863C433421344087
:105E8000342034403C60448044804CA04CE054E0DA
:105E90004CE045004CE044C04C804C414BE243A2F6
:105EA00053644B254AC7426742273A0742064207D6
:105EB00039E739E639C639E639C631A639A631A5FA
:105EC00031A52985F921F962F921F943F901F9424E
:105ED000F961F963F9A3F983F9A2F9A3F963F983E5
:105EE000F963F962F923F923F902F8A0F8E1F8C09F
:105EF000F080F881F862F8C1F982F9C4F963F9C356
:105F0000F9C4F9C3F9C3F9A4F9E5F9C4F9C3FA046A
:105F1000FA24FA26FA05F922F921FA45FAA7FB2B09
:105F2000FAEAFAC9FAA8FA87FA47FA86FA87FAA7C4
:105F3000FAA8FB08FAE8FAE9FAA7FAE9FAE8FB2A6C
:105F4000FB29FB4BFB2AFBADFB6AFBCDFB4AFB2984
:105F5000FB69FB69FB69FB8AFBAAFBCBFBCBFBED77
:105F6000FC2CFC0CFC0CFC0CFBCCFBABFBABFCEEF4
:105F7000FBCAFB8AFC0DFBEBFB68FBEEFB6BFBAE8D
:105F8000FB8DFBEFFB8DFB09FB2AFB4BFBAEFB29DB
:105F9000FB08FAC8FAC8FAC8FAC7FAA8FA87FA8654
:105FA000FA88FAA7FA87FA87FA67FA67FA68FA6747
:105FB000FA47FA66FA88FAE8FB09FAC8FB26FB8971
:105FC000FC6AFC67FC07FBA8FBEAFC49FC28FC28F0
:105FD000FC08FBE7FBA7FB66FAE6FA43E9C3D9A393
:105FE000E1A6D964C905D125D126C145C163D9A58A
:105FF000F1C5E9C3F1A4F1E5EA26C2888A885A68A6
:1060000042483A284A0842284A2742273A063A266E
:106010003A074A2642474A2742274A2742474A48E0
:106020004A684A8952AA5AAA52CA5AEB5B2C632D73
:106030006B8E84339CB7A559B5BAADDBADFCB5FC0E
:10604000AE1BA5FA9DF9A619A61AB63ABE3BBE5BD1
:10605000BE3AA61895B57D5164CD548834242C21C0
:10606000340034003BE044003C6044A044E04CE099
:106070004CE04D0044E044C04CA04C404C0043C1B7
:106080004B634B4452E64AA7426642073A0739E659
:1060900039C739C639C631C631C631C631C631A550
:1060A00031A52986F962F0E1F942F8E1F942F940B7
:1060B000F9A2F983F982F983F983F963F982F94343
:1060C000F942F942F902F922F8E1F8E1F922F8E09F
:1060D000F8C0F8A0F8C1F902F923F923F9C5F9E5E8
:1060E000F983F9E3FA04F9C3F9E4FA45F9C3F9C30A
:1060F000FA25FA25F9A3F942F942FA46FAA6FB096C
:10610000FACAFAC9FAA8FA66FA25FA66FA87FA66A6
:10611000FA87FAA7FAE8FAE9FAA6FB08FB08FB09EE
:10612000FB29FB6CFB29FB4AFBCCFBABFB4AFB09C5
:10613000FB69FB49FB48FB28FB6AFB8AFBABFBAB1B
:10614000FC0CFC0CFBEBFBECFBECFBEAFBCCFC2BB8
:10615000FBAAFBAAFC4CFC2BFBA9FC4EFBCCFCB124
:10616000FC2FFC10FBADFB49FB8BFB8BFB8DFB4934
:10617000FB48FAE7FAE9FAC8FAA7FA87FA66FA8753
:10618000FA87FAA7FA86FAA7FAA7FAA7FA87FA67A8
:10619000FA67FA87FAC7FB29FB6AFB6AFC07FC4926
:1061A000FCE9FCE6FC86FC68FCA9FCC9FCC8FCA870
:1061B000FC87FC26FBE6FB87FAC6FA43F9A2E183DB
:1061C000E164E942D8E2E0E2E0E3D923D161E1838E
:1061D000F1A4F9E4F9C5F9C4F1E5DA07AA276A28B8
:1061E00049E8420849E74207420739E731E6320504
:1061F0003A064A45422642263A263A463A664A66D0
:106200004A884A8952895A894AA94A894A694AAABE
:106210005B0C6B8F7C3294F7AD5AB5BCBDFDBE3DB7
:10622000B65CAE5BAE3AA65AAE5CBE7CC67CBE9C8B
:10623000BE5BAE3AA5D78D957D31648C4C2533E29B
:106240002BC02BA033A03BA03C003C003C6044A0F2
:1062500044A04CA04CA044A0446044604C204BE1BE
:106260004B824B634B044AA54287422741E741E6F4
:1062700039C639E639C631C531C631A631A63185B0
:1062800031853185F8E1F942F8E0F963F921F983C4
:10629000F983F983F982F983F983F962F962F942A2
:1062A000F942F922F922F922F8C0F922F983F8E13A
:1062B000F900F8E1F921F942F924F923F984F9C444
:1062C000FA04F9E3F9E5FA45FA24FA05FA24F9E2C1
:1062D000FA45FA25F983F942F963FAA7FB08FB2B83
:1062E000FA68FAC9FA66FA65FA04FA27FA66FA87CA
:1062F000FAA7FAA7FAE8FB08FB29FB28FB09FB0928
:10630000FB8BFB6CFB6AFB8BFC0DFB6BFB29FB49DE
:10631000FB29FB49FB49FB29FB29FB49FB89FB8A3C
:10632000FBCAFBEBFBCBFBCBFBCCFBECFBABFBAA3D
:10633000FBABFBAAFBEBFC0AFBEAFC4CFBC9FC6ECB
:10634000FBECFC52FBEBFB8AFBCBFB8AFB6BFB2AD7
:10635000FB69FAE7FB2AFB08FAA7FAA7FA47FA88CB
:10636000FAA6FA86FAA7FA88FAA7FAA7FA87FA87A6
:10637000FA66FAE7FB28FBAAFBEBFC0AFC68FCC800
:10638000FD47FD46FD46FD28FD29FD29FD28FCE8C9
:10639000FC86FC27FBA6FB05FAA5FA45FA26F9843C
:1063A000F121F901E8E1F0E1F102E920E960F1838E
:1063B000F9A4F9C4F9A4F9A5F9C5E1C5C1E679E7DD
:1063C00049E741C739E739C739E73A0632253A057F
:1063D0003A053A253A053A25322632453245428673
:1063E0004A8742863A67426632463A2642073A2749
:1063F0004A684ACA5B4C6C1084959D38B5BBB5FCA5
:10640000BE5CB67DBE7CB69DB69DBE7DBE7CBE7BB1
:10641000B63AA6199DD695957D3264CD442733C2F0
:106420002B802B8033802BA033A03BE03C403C8072
:106430003C8044A044803CA03C603C2044004BC0D5
:106440004B804B4243034AA542864247420739C626
:1064500039E739C639C531C631C631C6318631A5AD
:1064600031853185F941F901F984F902F982F9C3DD
:10647000F9A3F942F9A3F9A3F941F962F942F94202
:10648000F943F942F943F8E2F921F962F9A4F92252
:10649000F921F961F962F982F983F963F9C5F9A47F
:1064A000F9A5F9E5F9C4FA47FAA6FA24FA45FA85F6
:1064B000FA86FA05F963F963F983FAE7FBABFB4B5C
:1064C000FA45FA86FA26FA45FA25FA47FA87FAC70C
:1064D000FAE8FAC8FB07FB29FB6BFB49FB29FB2900
:1064E000FB8AFB4AFBABFB4AFB8AFB29FB49FB6AA5
:1064F000FB49FB28FB28FB49FB29FAE8FB49FB4940
:10650000FB6AFBAAFBAAFBAAFBAAFBCBFBABFB8AA1
:10651000FB8AFBAAFB89FBA9FB89FC0BFBCAFBEBF3
:10652000FBABFBEFFBCBFBAAFBC9FB6AFB4CFB2BDA
:10653000FB2DFAE9FB0BFB09FAC8FA88FA45FAA920
:10654000FAA7FA87FA68FA68FAA7FAC8FA87FA88FF
:10655000FA86FAC8FB29FBEAFC4CFC69FC87FD06BD
:10656000FD87FDA7FDA7FDA8FD49FD28FD27FCE748
:10657000FC45FBE5FB45FAC5FA86FA25FA25F984C0
:10658000F920F901F923F922F922F963F9A2F9A214
:10659000F9A3F9C4F984F9A5F9C6F1C5D9A5A1856E
:1065A00069A639A639C631C732073A063A074227E3
:1065B00042263A26422642263A463A453245328516
:1065C0003A6632843A8532442244222429E52A0557
:1065D00032053A464288530B5BAE74728CF5A5794E
:1065E000BDFBBE5EBE7EC69EBEBDBE9DB67CB61B5E
:1065F0009DF895B795B695547D325CCD3C2723C266
:106600002B6023602B602BA02BA02BC034003C60A0
:1066100044603C8044603C6034203C203BE043C00C
:1066200043804341432142C34A854246422639E6DC
:1066300031C631A639A531C631C63185318531A57E
:1066400029853165F921F982F943F921F9C4F9E382
:10665000F941F982F963F982F963F963F941F96360
:10666000F942F983F942F8E1F983F962F9C5F9636E
:10667000F982F9A2F9A2F9C3F9C3F9E3FA25F9E518
:10668000F9E4F9C4F9A5F9E6FA47FA66FA05FAC792
:10669000FAC7FA05F9A4F983F9A3FAC7FBECFB0AD8
:1066A000FA26FA87FA07FA66FA64FA86FAA7FB2945
:1066B000FB29FB29FB29FB49FB8AFB4AFB4AFBAA76
:1066C000FBCBFBABFBABFB29FB69FB8AFB4AFB4A21
:1066D000FB69FB28FB07FB28FB08FB08FAE8FB0823
:1066E000FB48FB49FB69FB69FB69FB6AFB8AFB69A9
:1066F000FB69FBAAFB69FB89FB69FBA9FB89FBA979
:10670000FB49FBEEFBABFBAAFB89FB8BFB4BFB2D99
:10671000FB0DFAC8FAAAFAAAFA89FA49FA25FA6B1D
:10672000FA67FA4AF985F9C8F9C6FA48FA48FA69DF
:10673000FAC7FAC8FB08FBA9FC6BFC89FC87FD269D
:10674000FD87FDA6FDA6FDA7FD27FCC7FCE7FCC64F
:10675000FC05FB64FAE4FA65FA25F9E4F9A3F962A9
:10676000F920F901F944F941F942F981F9C2F9C373
:10677000F9A3F9A3F9A4F984F9A5F9C6E964C94311
:106780008944694449A541A639E7420832263A2797
:106790003A273A473A4742273A473A4532643284E1
:1067A0003285326432642A432A442A242203222274
:1067B0002A022A242A64326642E84B8C6C3084B464
:1067C0009538AD9BBE1DC67EC67DBE7CAE5B9DF979
:1067D00095D78D9695769535851364AE44482BC331
:1067E0002B801B602360238033802BA033E0342078
:1067F0003C203C403C403C203C003BA033E033A0EC
:1068000033803B204B0042C24284426542463A06F6
:1068100039C639C639C631A631A631A529A5318573
:1068200029842965F100F9A3F8C0F982F9C4F98334
:10683000F9C3F9C4F963F962F943F963F962F9023A
:10684000F983F983F901F943F943F962F9E5F98428
:10685000F983F9E4F9C4F9E4FA05FA44FAA6FA4529
:10686000FA04F9E4F9E5FA05FA05FA28FA05FA470F
:10687000FA68F9C4F9A4F9A4F9C4FB08FBEDFA8796
:10688000FA67FA88F9E5FA86FAA6FAA6FAA7FB08E3
:10689000FB49FB49FB4AFB8AFBCBFB8AFBABFC2C8D
:1068A000FC0CFBEBFBEBFBAAFB8AFB8AFBAAFB299C
:1068B000FB29FB49FB28FB08FB08FB28FB08FB28FE
:1068C000FB68FB48FB28FB29FB28FB08FB29FB484E
:1068D000FB49FB49FB69FB68FB48FB68FB89FB67DD
:1068E000FB27FC0DFB8BFB6AFB49FB6AFB29FB2D9D
:1068F000FB2EFAA9FAAAFA8BFA6AFA49F9E5FA4ADA
:10690000FA47FA4AF9E8F9C9F9A7F9E8F9C9FA48DA
:10691000FAC9FAA7FAA7FB26FBC7FC48FC88FD06C4
:10692000FD46FD66FD46FD46FCC7FC67FC47FC26B0
:10693000FB85FAC5FA65FA24FA04F9A4F963F94269
:10694000F941F961F963F963F942E961F1A2F9A347
:10695000F9A4F962F962F962F984F9A5F984D923F5
:10696000B92289237145616649E641C73A073A4829
:106970003A6842683A473A473A463A66328532843C
:106980003264326432842A632A632A4322432242D5
:1069900022421A231A43226432A43AE64B29538E28
:1069A0006C3284D59D58A59BB5BBB5DBA5FA9DD9A6
:1069B0009597957695579535851374B0544C3C064C
:1069C0002BC223A023C02BA033A033C033E03BE075
:1069D000440044203C003C0033C03B8033803360A3
:1069E000336033203AE03AA13A833A643A453A2593
:1069F00039C531C631A531A631A631A529852984ED
:106A000031653165F8A0F8E0F8C0F941F982F9A3E1
:106A1000F9C3F9A4F962F9A3F983F963F942F942D8
:106A2000F983F901F922F963F902F962F9E5F9A3A9
:106A3000F9A4F9E4F9E4FA04FA45FA44FAC7FA8643
:106A4000FA24FA05FA05F9E5FA46FA28FA06F9A64B
:106A5000F9A7F9C4F9C4FA05F9E5FA87FB6DFA0557
:106A6000FA88FA68FA26FA87FB08FAC7FAE7FB29D8
:106A7000FB6AFB2AFB8BFBCCFBEBFBECFBCCFBEDC3
:106A8000FBEBFC0BFC0CFBECFBCBFBAAFBEBFB8A54
:106A9000FB49FB48FB69FB48FB07FB29FB27FAE79F
:106AA000FB68FB88FB08FB07FB08FAE7FB08FB0712
:106AB000FAE8FB28FB48FB26FB06FB67FB68FB2785
:106AC000FB07FC0CFB4AFB29FB28FB08FAE8FAC889
:106AD000FAA9FA46FA69FA48FA48FA07F9E5FA49CA
:106AE000FA48FA6AFA28FA4AFA08FA08FA09FA2772
:106AF000FA68FA67FA66FAA5FB46FBA7FBE6FC27ED
:106B0000FC66FCA5FC85FC65FC25FBC7FB87FB87B9
:106B1000FB26FA84FA24FA04F9E5F9A3F963F98368
:106B2000F982F982F923F942F141E981F182F9838D
:106B3000F963F942F921F982F9A4F9C5F964F1245C
:106B4000D122A92191028924696659A642074248A7
:106B5000426842884A683A47426642643A843285CB
:106B60003A8432A432A32A8222622A6222621282E8
:106B70002263224322622A432A632AA432C53AC8E6
:106B80003B2B53AD6431749384D594F7A5189D378E
:106B90009D579D589D789D578D547CF264AF4C4A0B
:106BA0003C053BC23BC23C0133E03BC03BE043C041
:106BB0003BC03BE033E033C033803B602B403320AD
:106BC0002B00330032E03AA13A823A8342643A25FC
:106BD0003A0631C631A531A5318631852985316521
:106BE00031652965F8C0F8C0F8E0F921F8E0F8E16E
:106BF000F962F921F922F963F962F963F922F9835B
:106C0000F942F8E2F983F923F8E1F9C4FA07F9A4A3
:106C1000F9E4FA03F9E3FA04FA04FA24FA87FA46E3
:106C2000FA05FA05FA05FA05FA05F9E5FA06F9E7AB
:106C3000F9E6F9E5F9E5FA27FA06FA27F1E9F9C5DF
:106C4000FA48FA07FA89FA06FAC8FA68FA86FB6A75
:106C5000FB6AFB8BFBABFBECFBCCFBEBFBECFBCB62
:106C6000FC0CFC2DFC0CFC0CFBEBFBEBFBCBFBC98D
:106C7000FB88FB88FB89FB68FB46FB47FB47FB0760
:106C8000FB69FB8AFB28FB06FB07FB26FAE7FB07F1
:106C9000FAC7FB27FB47FB06FB26FB27FB27FB2747
:106CA000FB28FBCDFAE8FB29FAE7FAC7FA87FAA72F
:106CB000FA66FA67FACAFA25F9E5F9E5FA07FA4831
:106CC000FA47FA89FA26FA47FA27FA06F9E5F9C5E2
:106CD000FA25FA67FA87FA84FAC6FB06FB47FB68CF
:106CE000FB66FBA5FBC6FB84FB45FB06FB26FB0600
:106CF000FAE7FA64FA03F9E4F9E3F9C4F9A4F9E468
:106D0000F963F942F922F122E141F141F962F941D5
:106D1000F941F922F922F962F983F9A4F965F943F5
:106D2000E922C900B101A1229944896551C74247AE
:106D3000426842673A673A47326632653AA5428509
:106D40003A8532A332A32A832A63326222621A640A
:106D50002A44324532442A65228532853A663267B2
:106D6000428842A93B2A438C5BAE5C107C738C94B6
:106D700094D69CF79D389D378D378D1484D26C8FB7
:106D8000542B4BE74BE653E744043BE13BA033C0B5
:106D90003BC033A033A03B803B8033402B0032E02C
:106DA00032E02AE02AE03AC03AA13A823A633A64F1
:106DB000322531E631A531A529853185316531840A
:106DC00029652945F8A0F8A0F8C0F8E2F8A0F8C0B5
:106DD000F8E1F8E0F880F922F921F8E1F922F8E287
:106DE000F902F903F963F902F922F9E4FA27F9E45F
:106DF000F9E5FA04F9E4F9E4F9E4FA25FA47FA06C0
:106E0000FA24FA25F9E5FA05FA05FA05FA24F9E56E
:106E1000FA26FA06FA05FA67FA48FA07F9E6FA05D1
:106E2000FA08F9E7FA08FA88FAA8FA88FA86FB0954
:106E3000FB29FB6BFBABFBABFBCBFBECFC0CFC0CBF
:106E4000FBECFC2CFC2BFC0BFC0BFC2CFBE9FBA94E
:106E5000FB88FBA8FBC8FBA9FBA8FB87FB88FB689A
:106E6000FBA9FBA9FB07FB26FB27FB46FB26FB47F1
:106E7000FB06FAE7FB06FB06FB06FB06FAE7FB0749
:106E8000FB06FB48FAC5FAE7FAA6FA86FA46FA873D
:106E9000FA46FA67FA87FA26F9E4F9E5FA26FA05D6
:106EA000FA67FA88FA46FA45FA26FA06FA06F9E582
:106EB000FA46FAA8FAC8FA85FA86FAA6FAC6FB08CC
:106EC000FAE6FB26FB06FAE5FAC5FAC5FAE7FAA7E1
:106ED000FA86FA45FA03F9C3F9C3F9C4F9E4F9C526
:106EE000F963F142F143F942F122F922F922F96101
:106EF000F941F922F942F961F9A3F984F964F943F6
:106F0000F922D920B920A122A102894449C539E634
:106F100032273A463A6732673A863A863AA63A853F
:106F200032843284328432633224326432642A45B9
:106F300032453A663A4532873A88426842883A672B
:106F40003A4742273A683AA94AC94B2B436C5BAE91
:106F50006C107C7384959CD694D68CF584B3745154
:106F6000642E540C6BEB6BEB4C073C013BA033C025
:106F70003BA033A03380334033603B20330032C02A
:106F800032C032A02AA032A03A813A823A633A63F0
:106F90003A44322531C531852985298531652984D1
:106FA00029642964F8A0F8A1F8E1F903F8C0F8C051
:106FB000F8C1F8E0F8A0F942F901F8A1F8C2F8C266
:106FC000F943F923F944F901F983F9C4FA26FA04DB
:106FD000F9E5F9E4F9E5F9E5FA24FA46FA46FA069C
:106FE000FA25FA05FA04FA25FA25FA45FA26F9E609
:106FF000FA25FA26FA26FA87FA68FA47FA68FA05AD
:10700000FA47F9C5F9E6FA67FA87FA66FA66FAE71F
:10701000FB09FB4AFB8AFBAAFBEBFBECFBEBFC0D41
:10702000FC0BFC4CFC0BFC2BFC2AFC4AFC2AFC2A2B
:10703000FC09FC08FC08FC6AFC28FC07FBE8FBC90F
:10704000FC29FBE8FB67FB67FB85FBA6FBA6FBA611
:10705000FB66FB06FB25FB26FB05FAE5FAE6FB06CD
:10706000FB27FB27FAA4FAE6FA85FA65FA65FA86A1
:10707000FA67FA45FA65FA68FA25FA85FA67FA4472
:10708000FA66FA87FA65FA65FA45FA26FA46FA25A3
:10709000FA66FA67FA66FA66FA66FAA7FAA7FAC70C
:1070A000FAA6FAE7FAC6FAA6FA85FAA6FAC8FAA77D
:1070B000FA85FA65FA44F9E3F9E4F9C3F983F9A426
:1070C000F123F123F923F942F942F942F962F96116
:1070D000F941F943F942F963F963F984F963F94233
:1070E000F921E921C921890281246945498531A60F
:1070F000320632263A4742683A673A86326632A505
:107100002A853A6532653A643A453A442A052A05A1
:107110002A253A464A674A894AAA4A894A883A67E2
:10712000324642463A463A473A4632863AA73AE823
:107130004B4B53AD54106C517C737C9374726C1038
:1071400063ED5BCC73EC6BEB44063BE13BA03BC0D7
:107150003BC03BA03380336033403340332032C0E8
:107160002A802AA02A8032803A803A823A823A8360
:107170003A6432643A0531C5298531852965296427
:1071800029642944F8A0F8C0F922F8C2F8A0F8C090
:10719000F8E0F8C2F8C0F983F903F8E1F922F9023E
:1071A000F964F942F943F962F9E3F9E4FA46FA04B9
:1071B000F9E5FA04FA25FA05FA25FA66FA66FA45B7
:1071C000FA26FA25FA25FA27FA47FA67FA47FA67FC
:1071D000FA66FA67FA47FA88FAC8FAA7FA47F9A4EA
:1071E000FA46FA07FA25FAA7FB08FAA7FA85FAC5BC
:1071F000FAE8FB28FB48FB89FBAAFBCAFBCAFBEBAE
:10720000FC2CFC0BFBEAFC0AFC0AFC6BFC4AFC298C
:10721000FC4AFC8AFC89FCE9FCC8FCA9FC27FC6947
:10722000FCE9FC69FBE8FBE8FC46FC47FC26FBC6E6
:10723000FBA7FB45FB25FB46FB25FAE5FAC7FAC58C
:10724000FB27FB27FAA4FAC6FAA5FA65FA44FAA6C0
:10725000FA66FA44FA43FA85FA85FAC5FAA7FAE615
:10726000FAA4FAC5FAA4FA84FAA6FA86FA87FA26E4
:10727000FA47FA26FA25FA66FAA7FA87FA86FAA8EA
:10728000FAA7FAA6FAA6FA85FAA6FAA6FAC7FAE8BB
:10729000FAA6FA85FA64FA23F9E4F983F103F9040A
:1072A000F123F142F923F983F9C4F9A4F963F9410F
:1072B000F942F943F961F942F962F942F942F921D7
:1072C000F921F960E961C14099227944618551C58C
:1072D0003A05320632463A473A673A663A463286C5
:1072E0003A673A463A653A442A252A042A042A2566
:1072F0003A2642674269526942A9428942673A671F
:107300003A473A462A4532253225324332443265DD
:107310003AA73309432A53AD63CF6BF16BF063CEC9
:10732000638C53AB5BCB53E93BE533E33BE13BE0A1
:107330003BE03BE03BC03BC04380338033603320C5
:107340002AC022A02AA02A8032A03AA13AA13AA2B9
:107350003A833A643A44324429C529852964296527
:1073600029442944F0C0F8C0F943F8C1F8A0F8E175
:10737000F900F8C1F8A0F984F0A2F921F963F94203
:10738000F964F984F962FA03FA23FA44FA67FA24F1
:10739000FA25FA45FA65FA45FA46FAC6FA87FA86F0
:1073A000FA87FA67FA86FA66FAA8FAA8FAC8FAC952
:1073B000FA88FA67FA67FA48FAC9FAC8FA68FA6600
:1073C000FA86FA47FA45FAE8FB08FAA7FAC6FAC6B7
:1073D000FAC6FB07FB27FB69FB68FB8AFBAAFB8954
:1073E000FBEBFC0AFBE9FBC9FBE9FC2AFC4AFC8A33
:1073F000FC69FD0BFD09FD29FD69FD4BFCA8FCA7FF
:10740000FD6BFCCBFC48FC68FC46FC46FC86FC475C
:10741000FBE7FB87FB66FB46FB46FAE5FAC6FAC5C7
:10742000FB06FB07FA84FA85FA86FA64FA44FAA6A0
:10743000FA85FA65FA65FA85FA87FAA6FB07FB472B
:10744000FB45FB06FB06FA85FA86FAA6FA04FA253E
:10745000FA47FA46FA04FA67FAA7FAC8FAA6FAA6A9
:10746000FAA7FAC7FAA6FA86FAA5FAC5FAA5FAE8BB
:10747000FAC6FA87FA25FA04F923F945F0E3F0E3AE
:10748000F984F942F983F9C4F9C4F9C4F9A3F9827A
:10749000F982F962F962F942F963F922F921F900F6
:1074A000F920F940F9C0E181C101A901892371A244
:1074B00049E43A0632663A67426842673A673246BA
:1074C0002A2632252A45322532262A2532273A27EE
:1074D0003A273A4842484A4942884A6842483A4824
:1074E00032263245322532042A042A0431E4322479
:1074F00032642A863AA8530C5B4E636F63AF638E87
:107500005B8D538C63AC5BCB53E843C74BA543E225
:1075100043E14BC253C24BC34BC243814380332030
:107520002AC02280226022802AA032C032C132E1E9
:107530003A823A833A643A443A0529C4296529646F
:1075400029442944F060F8C0F8E2F8A0F8C0F90234
:10755000F943F8C0F0E0F985E8A0F921F943F963AF
:10756000F922F963F9A4FA65FA64FAA5FAC7FAA44C
:10757000FA85FAA6FAA6FA66FA67FAE7FAA7FAA867
:10758000FAA8FAA7FAA9FAC8FB2AFAEAFAE9FAEA83
:10759000FA89FA68FA47FA67FAA8FAA7FAE8FAE95C
:1075A000FAA7FAA8FA87FAA6FB28FA86FAE6FAC634
:1075B000FAC7FAE6FAE5FB07FB27FB48FB68FB671F
:1075C000FB88FBE8FBC8FBA8FBE9FBEAFC09FC8A9B
:1075D000FC68FD0AFD09FD28FD48FD6CFD09FCE97C
:1075E000FD6BFCCAFC88FC68FCC8FC68FC88FC27B6
:1075F000FC28FC07FBC7FB46FBA7FB05FB07FAE5DE
:10760000FB05FB07FAA4FA84FAC5FA63FA84FAC602
:10761000FAC6FAA5FAC6FB06FAC6FB07FB27FB0764
:10762000FAC5FAE6FAC6FA65FA84FA85FA04FA4463
:10763000FA66FA85FA86FA87FB08FB08FB07FAC5A3
:10764000FAE7FAE7FAE7FAC6FAC6FAC6FAA5FAA717
:10765000FAE7FA86F9C5F9C4F923F944F923F903DD
:10766000F983F9C3F9C3F9E4F9E5F9E5FA05F9A3F2
:10767000F961F962F942F941F962F922F900F8E099
:10768000F8E0F960F9E1E9C1D120C100A101896107
:1076900051E53A063267326842883A682A262A4615
:1076A00032252A4532673A663A273A473A674247CF
:1076B0003A473A484228422842494A4842483A47CB
:1076C0003A473A46322532042204220429E429E4C6
:1076D000320432443A6642C952EB5B2E634E634E2B
:1076E0005B4E636E6BAE6BCE63EC5BCA53A84BA56F
:1076F00053A453C353C453A34BC243A14380332069
:107700002AE02A80226022602AA02AE03300330186
:107710003AE23AC23A823A633A2431E529A429840A
:1077200021442944F001F081E843F060F0C1F903FD
:10773000F923F8E0F962F964F0A0F901F921F9827E
:10774000F941E941F9E5FB08FA24FA84F226FAC581
:10775000FAA6FA66FA66FA67FAA8FAE8FA88FA6AFE
:10776000FA89FAA9FACAFACAFB2BFB0BFAEBFAEC74
:10777000FA89FA68FA45FA86FAA7FB07FB69FB085B
:10778000FAC5FAE7FAC8FAA7FB28FAA7FAE6FAC593
:10779000FAE7FAC5FAC5FAE6FAE5FB06FB26FB4569
:1077A000FB46FBA8FB88FB67FBA8FB88FB87FC0963
:1077B000FC07FC48FC88FCA7FC85FC87FCE8FCC7B0
:1077C000FD4CFCAAFCC9FC08FC89FC48FC08FBE653
:1077D000FBEAFBC8FB87FB45FB88FB47FB27FB2538
:1077E000FAE5FAE6FAA4FAA3FB27FAA4FB06FB25BE
:1077F000FB05FAE6FAE6FB26FAC6FB09FB28FAC700
:10780000FA65FA64FA25FA04FA23FA65FA45FA44A5
:10781000FA85FAA6FAA7FAA5FB27FB68FB67FB2502
:10782000FB48FB27FB27FAC4FAC5FA86FAA5FA87B4
:10783000FAC7FA85F9C4F983F941F962F984F923A1
:10784000F983FA03FA03FA04FA24FA46FA46F9C568
:10785000F940F921F961F941F940F920F8E0F8C05F
:10786000F900F980F9E1E9A0D8E0C8E0B8E0914377
:1078700059C642073A483A8842A94AA942A83A89D1
:107880003A6742A852A94AA74A8742873A664247BE
:107890003A663A673A6642273A483A4842283A48AE
:1078A0003248326732453225320429E529E429E499
:1078B00029E32A243225326742883ACA42CB52CC85
:1078C00052CC5AED632D632D5B8C5B4A4B4843468B
:1078D00043444363438243A23B813B8033403300B4
:1078E0002AA02A80226022A02AC02B003B203B2114
:1078F0003B4133223AE23AA33A43322429E429A411
:1079000029642144F842F082F022F040E040F8C1BE
:10791000F8A0F8E0F963F903F901F921F941F1213F
:10792000F962F1A3FA46FB28F1E4FA04F1C4FA651E
:10793000FA85F9C6FA66FAA9FB2AFAA9FA89FACAF7
:10794000FAECFACCFB0CFB2DFB2CFAEBFB0BFAAAA6
:10795000FA68FA87FAA6FAC8FB29FBCAFBCAFB2811
:10796000FAE5FB05FB09FAA7FB06FB07FB28FAC5AE
:10797000FB07FAC5FAA5FAC6FAA5FAC5FB06FB0588
:10798000FB26FB48FB27FB06FB66FB87FB46FBE76A
:10799000FBE7FBE7FC27FC27FBE6FC46FC66FC4616
:1079A000FC89FC25FC68FBA5FC49FBC7FB87FBC7E2
:1079B000FB89FB69FB27FB05FB08FB29FB06FB0496
:1079C000FAE5FB07FB04FB03FB48FB04FAC7FAA339
:1079D000FAC5FAC6FAC6FAC4FA85FAE7FA86FA656B
:1079E000FA63FA43FA04FA23FA24FA44FA45FA2429
:1079F000FA44FA85FAE6FAC4FB25FB87FBA7FBA548
:107A0000FBC7FBA6FB88FB25FAE5FAC6FB05FAE5F2
:107A1000FAC5FA84FA02F9A2F9C2F9C3F9C3F9A4C2
:107A2000F9C4FA24FA64FA44FA45FA66FA85FA4582
:107A3000F140F100F940F941F940F920F8E1F8C0CE
:107A4000F900F960F9E0E980E100D0A0C0C0A942E6
:107A500071A54A273A484A895ACA5B0B530942C959
:107A60004AC842C84AC74AA742A64AA63A853A66C1
:107A700042A43A653A453245324742474267426836
:107A80003A483A2732463205320429E429E429E308
:107A90001A02220321E322042A052A483228322826
:107AA0003A284229428A4AAA42C942873AC532C480
:107AB00032C42B0333223B603B40332032E02AC0E8
:107AC0002A802280228022A02AC033003B203360FB
:107AD0003B614342432232E23AA332432A0331C399
:107AE00029842144F8C2F081F840E820E041F8817F
:107AF000F880F8E0F121F0A1F942F962F961F96149
:107B0000F9A3F9E3FA65FA66F142F965F9A4F9E532
:107B1000FA48FA28FA87FACBFB4AFAAAFACBFACB48
:107B2000FB0CFB0DFB0CFAEBFAC9FACAFA87FA4711
:107B3000FAA8FAA8FAC7FB49FB89FC0AFC09FB680A
:107B4000FB25FB47FB89FB27FB06FB48FB28FB07C4
:107B5000FB48FB06FA84FAA5FAA4FA85FAE6FAC607
:107B6000FB06FB48FB07FAC5FB26FB47FB26FB662B
:107B7000FBA6FBA7FBA6FBC6FBC5FBC6FC05FC05DD
:107B8000FC47FC23FC05FB63FC25FBA5FB65FB8791
:107B9000FB26FB07FB07FB26FB07FB28FAE6FB445B
:107BA000FB06FB08FB44FB43FB68FB05FAA6FAA3B4
:107BB000FAA4FAA5FAC5FAC5FA24FA44FA43FA4334
:107BC000FA62FA63FA43FA63FA23FA03FA23FA43EE
:107BD000FA42FAA3FB44FB43FB64FB84FBC4FC03B3
:107BE000FC25FBE4FBA6FB64FB43FB03FAE3FAE59D
:107BF000FAA3FA63FA03FA03FA22FA04F9E4F9E4BD
:107C0000F9E3FA44FAC4FAA4FAA5FA85FAA4FA85C3
:107C1000F1C1E920F120F940F940F900F8E0F8C09D
:107C2000F900F9A0F1C0E980E100C8A0C0A0B1410D
:107C3000A1E4824652684AA952CA5B2B532A4AE9F8
:107C400043083B0742C642A53A853A843A843284C7
:107C5000328532842A64324532463A463A673A4897
:107C600042483A4732273A0532042A04220429E2DC
:107C700021E221C321E221C221E321E529E719E71D
:107C800021E621E529C631E62A052A252A2432449F
:107C90002A842AC22B023320332033002AC02280B8
:107CA0002A6022802A8022A022E02B203B203B60F9
:107CB0003B81436143623B423AE232A3324331E3C8
:107CC00021A32964F922F8A1F881E020F0A0F8A00E
:107CD000F8A0F8E1F8C0F8A0F922F942F9A2F9E316
:107CE000FA03FA24FA44F162F100F962FA06F9E5BE
:107CF000FA88FA89FAA8FACAFB08FACBFACBFACAC8
:107D0000FACAFAEBFAC9FA89FA87FA88FA87FA8680
:107D1000FAC7FAC9FB09FB6AFBCAFC2AFC0AFBE9A1
:107D2000FC48FB47FB68FB89FB88FB48FB28FB47BB
:107D3000FB47FB26FAE5FAA4FAE5FAA6FAA4FAE666
:107D4000FB27FB49FAE6FAA5FB27FB27FB06FB46C8
:107D5000FB87FB45FB45FB66FBA5FB84FBC5FC25C0
:107D6000FC26FC03FBC6FC05FC23FBE6FB65FB4491
:107D7000FAE5FAE5FB26FB66FB05FB25FB45FB4424
:107D8000FB45FB45FB84FBA3FBA5FB03FAC5FB04FA
:107D9000FA84FA83FAC5FB05FA63FA42FA83FAA277
:107DA000FAC2FAE3FAC3FAA4FA22FA43FA62FAC36D
:107DB000FAE3FB43FBE2FC23FC24FC23FC63FCC44E
:107DC000FC84FC63FC44FBC3FB82FB63FB03FAC340
:107DD000FA82FA42FA43FA65FA65FA43FA44FA0477
:107DE000FA24FAC4FB04FAE5FAC5FAC5FAE3FAE3A1
:107DF000FA23E940E120F940F920F8C0F0E0F8C0AA
:107E0000F100E1A0D9E0E980E120D880D080C10272
:107E1000A1C57A8852C84AAA4AEA532B4B0A4B0991
:107E20004AE93AE73AA63AA53A843AA43A64326370
:107E30002A8332622A632A632A442A8532843A4694
:107E40003A463A473A473A2632252A052A0421E497
:107E500021E319C319C321C219C219A421A521857F
:107E600019A4196419642183216321A321C32A035E
:107E70002A233A832AE23301332033012AC022A085
:107E80002260228022A022C022E0332033603B8087
:107E90003B814B81438143623B423AE23AA2324307
:107EA00029E329A3F922F8E1F8E2D820F8C1F90181
:107EB000F8E1F902F900F900F921F982F9C2FA04AE
:107EC000FA03FA43FA05F901F942F9C2FA45FA252B
:107ED000FA87FA47FAA7FAC7FAE7FAC9FAA8FAC975
:107EE000FA88FAA8FA66FA67FA67FA87FA86FAA7AA
:107EF000FAE8FB09FB68FBC9FC09FC49FC6AFCAA1F
:107F0000FC89FBA7FB88FC0AFC0AFB89FB67FB8852
:107F1000FB66FB66FB25FAC3FAE5FAE6FA65FA8525
:107F2000FB08FB29FA85FB28FB27FB07FB06FB0563
:107F3000FB89FB26FB25FB87FB86FB64FB86FC0499
:107F4000FC05FBC4FC05FC86FC24FC66FBA4FBA42E
:107F5000FB26FB65FB85FBC5FBE3FBE4FBC4FBC326
:107F6000FB84FBE4FBC3FC23FB83FB03FAE4FAE49E
:107F7000FAC5FA62FA83FA82FAA2FA82FAC3FAE23C
:107F8000FB02FB62FB22FAE2FA62F1C2FAA4FB8373
:107F9000FBC3FC04FC84FCC4FCE3FD04FD04FD25E0
:107FA000FD06FCA3FC64FBA3FB62FB23FAA2FA62BE
:107FB000FA41FA42FA62FA82FA83FAA2FA83FA647E
:107FC000FAA4FB45FB65FB25FAE4FAC4FAE3FAE2FE
:107FD000FA84F1C2E120F100F900F8C0F0A0E8E075
:107FE000E140C1C0C9C0F140F0E0E080D0A0C8E0ED
:107FF00091A462884AE94ACA4B0B532A534A4B2A36
:108000004B083AE73AA532A532A432833283328351
:1080100032622A6122612A421A8222632A832AC397
:108020002A8432653A463A262A452A24220421E443
:1080300011E319E319C321A219C221A221832184CA
:10804000198321431943196311631963218321C3E0
:108050002A0232232AA232E133013B0232E02AA073
:1080600022811A801AC022C02B002B202B613B6179
:108070003B81438143A1438143613B223AE2328207
:108080002A4229E3F964F922F8C3E080F921F9834F
:10809000F923F922F942F921F941F982F9C2F9C328
:1080A000F9C3F9E3F984F942F9C3FA24FA45FA2548
:1080B000FA87FA66FA85FA86FA85FAA6FA87FA87BF
:1080C000FA87FAA7FA86FAA7FAA7FAA8FAA7FAC7C8
:1080D000FAE8FB49FBC9FC2AFC49FCA9FD29FD097A
:1080E000FCC8FC68FBE8FC6AFC2AFBA9FB85FBE9F1
:1080F000FC07FB87FB86FB44FB26FB26FAC5FAC57B
:10810000FB8AFB29FA42FB47FB27FAA5FB27FAE586
:10811000FB87FB67FB46FB48FB66FB63FB66FB6478
:10812000FC08FBA5FC25FC68FCA5FCE5FC05FC05A2
:10813000FB86FBC4FBA4FC04FCA4FC44FC04FC0480
:10814000FBE4FBE4FBE4FC23FB44FB04FAE5FAC498
:10815000FB05FA83FA82FAA3FAE2FAC2FB23FB4296
:10816000FB63FBC2FBA2FBE3FB03F1C1FB06FC04C8
:10817000FCA4FCA3FCA3FCA3FD03FD45FD44FD25DD
:10818000FCE6FC64FC03FB63FAE2FAA2FA62FA4240
:10819000FA21FA41FA82FAA2FAC3FAE1FB22FB447D
:1081A000FB84FBA5FBA5FB43FB03FAE3FB23FB22BC
:1081B000FAE3FA63E940E8E0F8A0F8A0F0C0E14093
:1081C000B9A0B9C0D140E940F8E0E0A0C8A0C10022
:1081D000B96192655B084B0B4B0B532A4B4A4B2AF8
:1081E0004B283AE63AA52AC43AA432832A832A6362
:1081F0002A6122802A8122621A81226222A222A37B
:108200002AA42AA53A86326632462244222421E450
:108210001A0221C321C221A221A219A221822182F4
:10822000196321831983196219831982218319A281
:1082300021E22A222A8232A233013B023AE132C0F1
:1082400022C12AA122A12AC12B01332133413B6142
:108250003B8143A14BA14B814361434142E23AA19F
:1082600032622A22F963F923E841E8E1F983F9E56A
:10827000F9C5F984F962F982F982F9A3F9C3F9A27F
:10828000F9A2F9C2F942F983FA04FA24FA65FA6408
:10829000FA87FA46FA85FA85FAA5FA86FA85FA8502
:1082A000FAC5FAE8FAE7FAC7FAA7FAA7FAC7FB0885
:1082B000FB49FBAAFBEAFC4AFCAAFD48FD88FD48F5
:1082C000FD49FCE8FC27FC8BFC89FC28FC26FC49CA
:1082D000FC07FBC6FBE6FB65FB25FB06FB26FAC499
:1082E000FB89FB07FA62FB47FB27FAA4FB47FB0667
:1082F000FB26FB46FB26FAA5FBA7FB04FB45FB047C
:10830000FBC8FB65FB84FC29FD06FCC5FC46FC059F
:10831000FB65FBE4FBE6FBE4FD26FCA5FC83FC859A
:10832000FC05FBE5FBA4FB45FB05FAE5FAA4FA8393
:10833000FAC3FA63FA83FAA2FB22FB23FB83FBA2B4
:10834000FBC3FC42FC02FC63FBC4FA41FB66FC85F8
:10835000FD26FD26FBC3FB41FC83FD44FD24FCC53B
:10836000FC85FC04FB62FAE3FA82FA62FA21FA2144
:10837000FA41FA61FA81FAC1FB01FB62FC02FC449A
:10838000FC45FBE4FBE3FBC3FB62FB42FBA4FB827B
:10839000FB23FAA3F9A2E8C0E8A0F0C0E900B960A5
:1083A00091C0A9A0D120F100F0E0E8C0D0A0C100A8
:1083B000C180A2437306532A4B2A4B2A4B2A432AD5
:1083C0004AE93AE63AA632842A8332632A632A8249
:1083D000226122801A612A402A412261228122825E
:1083E00022A32AC432A632853266226422242205C0
:1083F000220221E319E119C2218119A2196219820D
:1084000011821983198321A31983198219A119A132
:1084100019E22A012A612AA132E233023B01330127
:108420002AC22AC22AC22AA12AE133213341334275
:1084300033613B814362438143614341430142C213
:1084400032823222E0E2F0A2E880F101F963F9C55C
:10845000F9E6F9A5F983F982F981F9A2F9A2F9A25D
:10846000F982F9C2F920F9C3FA44FA24FA46FA6605
:10847000FA46FA65FAA6FAC4FAC5FAA5FAA5FAC642
:10848000FB06FB28FB07FB07FAE7FAC6FB08FB6ABB
:10849000FBAAFBE9FC29FC6AFCCAFD68FD48FD89D2
:1084A000FD6AFD48FD08FD2BFD2AFCE8FC66FCAAE0
:1084B000FC48FC68FC07FB86FB46FB87FB87FB450B
:1084C000FBAAFB06FAC4FB47FB46FAA3FB69FB06C3
:1084D000FAA5FB47FB27FAC5FB68FA64FB88FA8319
:1084E000FB47FAE5FB04FC0AFCC6FC04FCA7FC45C0
:1084F000FB65FB85FC07FC05FCC5FC84FCA6FC2495
:10850000FBA4FBA6FAE4FAE6FA63FA62FAA4FA8399
:10851000FA62FA63FAA3FA62FB02FB23FB41FBA2B5
:10852000FC04FC83FBC1FC03FC22FA82FAE3FCE7B7
:10853000FDA7FD85FC03FA80FB62FCC4FCC3FC4480
:10854000FBA4FB44FAE2FAA2FA61FA41FA02FA2227
:10855000FA62FAC1FB01FB41FB81FC02FC82FCC315
:10856000FC85FC84FC64FC44FBC2FB82FBC2FBA2D6
:10857000FB23FA83F9C2F8E1E0C0E8E0D140A9A00A
:10858000A1A0A980E100F0C0F8C0F080D0C0C12057
:10859000B96092016AE55328532A4B0A4B0A4AE90B
:1085A00042E83AE63AC532A42A64326332832A8228
:1085B0002A612A8022402A402A40224022611A81D0
:1085C00022822AA42AA42AA32AA3328332422A235B
:1085D00022231A0111E219A111A111A11962196234
:1085E0001962196219A321A319C219C119C221A1C3
:1085F00019C12200224132A132E233023B213B0267
:108600003B0232E232C22AC22AC12AE233013322B9
:1086100033213B413B413B4243224B2143023AE25F
:108620003A823242D881E880E080E922E945F1834C
:10863000F9A5F9A5F162F921F9A1F981F9C2F9A227
:10864000F9E2F9A2F981FA44FA85FA66FA66FA457E
:10865000FA25FA84FA84FAA5FAA5FAC6FAC6FB281E
:10866000FB48FB48FB28FB28FB28FB26FBA9FC0B4F
:10867000FC2AFC49FC69FC88FCE9FD48FD27FD2833
:10868000FD68FD87FD88FD6BFD6AFDA9FCC8FCE95E
:10869000FC66FD08FC26FBE7FC06FC08FC27FBA5A6
:1086A000FBCAFB25FBA5FB65FB66FB64FB66FB6762
:1086B000FA85FB27FB47FAC4FB28FA43FB47FA631A
:1086C000FB47FA83FAA5FB88FBA6FB64FC05FC26A6
:1086D000FB25FB25FBE6FC06FBE4FC03FC26FBC5B7
:1086E000FB64FB25FA64FA45F9E2F9E1FA44F9C2C0
:1086F000FA43FA42FA83FAC3FB42FBC2FBC2FC63B1
:10870000FCC4FCE3FC23FB82FC63FA61FA20FCA6B8
:10871000FD85FD86FCA5FA40FA40FBA4FC24FBC4C1
:10872000FB23FAC3FAA4FA82FA61FA21F9E1FA42C8
:10873000FAA2FB01FB42FBC1FC01FC82FCE3FD044D
:10874000FC64FCC5FCC5FCC4FC42FBC1FBA2FBA154
:10875000FB23FA02F982F902E8E0D920B160A1A076
:10876000A980B940E0E0F8E0F8A0E8A0D0C0B940A6
:10877000A9A099E06A8452C74AE9430B4B094B0907
:1087800043273AE632E632A43284326332A22AA286
:108790002A61228022602A412A41226022411A60F5
:1087A0002261128112812AA122C12AC12A812A6250
:1087B0002242222219E219A119A109A11161116213
:1087C00019621963198319C219C219C221A219C1E8
:1087D00019E11A011A612AA132E2332233424342DB
:1087E0003B223B0332E32AA32A812A8232A12AC1F7
:1087F00032E132E1330133013B013AE142C23AC294
:108800003A823242F083F0A0E8A0F104F147F98502
:10881000F145F944F1C5FA03FA03FA03FA23F9E240
:10882000FA23F9C2FA24FAA6FA86FAA7FA86FAA671
:10883000FA45FA85FA66FAC6FAE6FAE8FAE7FB2894
:10884000FB68FBA7FB47FB69FB68FBA8FC0AFC4A2B
:10885000FC4AFC88FCA8FCC7FCE9FD68FD27FD4834
:10886000FD87FDC7FDE8FDABFE0BFE09FD07FD48DA
:10887000FCE7FCE6FC85FC66FC67FC86FCC7FC05A7
:10888000FC09FC05FBC6FB25FB67FB85FB25FB897B
:10889000F9E3FA84FB28FA85FAC8FA44FAA6FAA49E
:1088A000FB27FA64FA86FAC5FAE6FAA4FAA3FB876C
:1088B000FAE7FAC5FB25FB87FB66FB24FB25FB4596
:1088C000FAA4FA23FA23FA03F981F9A2F9A2F9C367
:1088D000F9E3FA02FA22FAA2FB21FBC3FBE2FC63F2
:1088E000FCA4FCC3FC02FBA3FCA3FAA1F9C0FB831C
:1088F000FD06FD07FC65FA61F9A0FA83FAE3FB03C4
:10890000FAE3FA82FAA5FAE3FAA2FA62FA02FA8222
:10891000FAE2FB01FB21FBC0FC42FCA2FCE3FD04EC
:10892000FC42FC42FCA4FCE4FCA3FBC1FBA0FB61F9
:10893000FA81F981F921F900F900D920B160A1A0EB
:10894000B980C920E900F0E0F0E0E8C0D100A980DA
:1089500081C069E14A4442874AEA4B0B432A4B2AC9
:108960004B2943073AE73AC532C4328432A332A4D2
:1089700032A32AA222612A6122602261224222615C
:108980001A6012401A60128022A022801A601A60B7
:108990001A61222221E219C219A119A111611161E2
:1089A0001942114319631982198219A2298119C127
:1089B00019E11A001A402A8133013B4233424341F4
:1089C0003B423B0332E22AA22A812A6122612281B0
:1089D0002A802A8122A02AA132C132A032A132816A
:1089E00032613242F8C4F881F900F924F946F1867F
:1089F000F924F963E9C7FA65FA86FA85FAA5FA64F3
:108A0000FA84FA23FB06FB68FB08FB28FB07FAC67F
:108A1000FA86FAA7FA86FAE6FAE7FB07FB08FB28CC
:108A2000FB68FBC9FB89FB89FBCAFBEAFC4BFC49E1
:108A3000FC4AFC89FC88FCE8FD08FD47FD47FD86F3
:108A4000FDC7FE27FE48FE0AFE4AFE89FDE8FDA896
:108A5000FD88FD67FD47FD07FCA8FCA6FC87FC25FB
:108A6000FC48FCC7FC08FBE7FBC9FB87FB06FB696E
:108A7000FA45F9E4FB08FA87FA66FA24FA05FAA639
:108A8000FAE7FA64FAA5FA84FAE6FA64FA23FB270D
:108A9000FB06FA84FAA4FAA5FB68FAA4FA43FAE5FD
:108AA000FA44F9A2FA03F9A2F983F9E2F980F9C3C9
:108AB000F9C2FA43FA22FA22FA01FAC3FAE2FB8374
:108AC000FC23FCA3FBC2FB83FD06FAE1F9E0FA609C
:108AD000FC25FC46FBC5FA82F9C0F9A1FA64FA83C9
:108AE000FA23F9E3FA44FA83FAA2FA61F9E2FAC244
:108AF000FB21FB62FBC2FC02FC42FCA2FCE2FD2368
:108B0000FC21FB60FC41FCA2FCA2FC41FB40FAE022
:108B1000FA20F940F920E940F120E940D1A0B9C09C
:108B2000B980D920E940F900F100E100D140A1A0CD
:108B300071A051C33A473AA84B0B432A534A4B29D9
:108B4000432943483B273B0632C442A432A33AA5FB
:108B50003AA42AA22A802A602A4022402262228045
:108B600022601A601A4012611A40224022402240BC
:108B700022412A212222220219E111C111801180F1
:108B8000114111611161116111810982198111C1B4
:108B900019C11A001A2122622AE1330133613B41D3
:108BA00033423B0232C12A82224122421A21222030
:108BB00022211A411A40224022602A602A602A415A
:108BC0002A212A0134000000CEFBFFFFCB03000066
:108BD000010000000000000035000000CEFBFFFF98
:108BE000CB030000010000000000000000000000B6
:108BF000BC89D897B2D29C3C33A7A8D523F6493973
:108C00003DA7F444FD0FA5329D978CCF08BA5B2594
:108C1000436FAC64280668110500000019000000CD
:108C20007D000000000000000080E03779C3414370
:108C3000176E05B5B5B89346F5F93FE9034F384DC2
:108C4000321D30F94877825A3CBF737FDD4F15756E
:108C5000000000000000F03F000000000000244081
:108C600000000000000059400000000000408F405C
:108C7000000000000088C34000000000006AF840C7
:108C80000000000080842E4100000000D0126341EB
:108C90000000000084D797410000000065CDCD4161
:108CA000000000205FA00242000000E87648374242
:108CB000000000A2941A6D42000040E59C30A242E0
:108CC0000000901EC4BCD64200003426F56B0C4355
:108CD0000080E03779C3414300A0D88557347643FC
:108CE00000C84E676DC1AB43003D9160E458E1435D
:108CF000408CB5781DAF154450EFE2D6E41A4B44D2
:108D000092D54D06CFF08044F64AE1C7022DB54416
:108D1000B49DD9794378EA440020202020202020E7
:108D2000202028282828282020202020202020201B
:108D3000202020202020202020881010101010102B
:108D40001010101010101010100404040404040477
:108D50000404041010101010101041414141414111
:108D600001010101010101010101010101010101F3
:108D70000101010110101010101042424242424203
:108D800002020202020202020202020202020202C3
:108D9000020202021010101020000000000000006B
:108DA00000000000000000000000000000000000C3
:108DB00000000000000000000000000000000000B3
:108DC00000000000000000000000000000000000A3
:108DD0000000000000000000000000000000000093
:108DE0000000000000000000000000000000000083
:108DF0000000000000000000000000000000000073
:108E00000000000000000000000000000000000062
:108E100000000000000000000000000094B0000806
:108E2000D4AE0008F6AE000808AF0008F6AE0008A1
:108E300032B00008F6AE000808AF0008D4AE000853
:108E4000D4AE000832B0000808AF000800AF000838
:0C8E500000AF000800AF000840B00008B0
:088E5C00F816FE7F0100000082
:088E64009105000875070008E4
:048E6C006505000890
:108E70004C02002002000000400000000000000042
:108E80000000000080000000000000000000000062
:108E9000CC020020000020000100000004000000BF
:108EA000AAAAAAAA3800002000000000EC3A00207C
:108EB000543B0020BC3B00200000000000000000EC
:108EC00000000000000000000000000000000000A2
:108ED0000000000000000000000000000000000092
:108EE0000000000000000000000000000000000082
:108EF000000000000000000003000000EC3A002029
:108F0000430000000000000000000000000000001E
:108F10000000000000000000000000000000000051
:108F200043000000000000000000000000000000FE
:108F30000000000000000000000000000000000031
:108F400043000000000000000000000000000000DE
:108F50000000000000000000000000000000000011
:108F600043000000000000000000000000000000BE
:108F700000000000000000000000000000000000F1
:108F8000430000000000000000000000000000009E
:108F900000000000000000000000000000000000D1
:108FA000430000000000000000000000000000007E
:108FB00000000000000000000000000000000000B1
:108FC000430000000000000000000000000000005E
:108FD0000000000000000000000000000000000091
:108FE000AD900008AD93000800000000188D020845
:108FF0009BC70008B0C60008B0C60008B0C600088D
:10900000B0C60008B0C60008B0C60008B0C6000868
:10901000B0C60008B0C60008FFFFFFFFFFFFFFFF5C
:10902000FFFFFFFFFFFF00000100415343494900DC
:109030000000000000000000000000000000000030
:1090400000000000000000000000415343494900B7
:109050000000000000000000000000000000000010
:0C90600000000000000000000000000004
:04000005080010E1FE
:00000001FF
